id,province,District_IDN,gdpc2010,gdpc2011,gdpc2012,gdpc2013,gdpc2014,gdpc2015,gdpc2016,gdpc2017,gdpc2018,gdpc2019,gdpc2020,gdpc2021,,,,,,,,
1,Aceh,Aceh Barat," 4,462,045 "," 4,569,067 "," 4,594,544 "," 4,773,669 "," 4,933,843 "," 5,160,041 "," 5,310,703 "," 6,013,221 "," 6,622,956 "," 6,953,361 "," 7,084,151 "," 7,498,178 ",,,,,,,,
2,Aceh,Aceh Barat Daya," 2,236,932 "," 2,303,126 "," 2,347,145 "," 2,401,899 "," 2,428,320 "," 2,509,314 "," 2,623,751 "," 2,740,778 "," 2,867,191 "," 3,003,268 "," 2,983,765 "," 3,069,805 ",,,,,,,,
3,Aceh,Aceh Besar," 7,081,873 "," 7,265,106 "," 7,549,096 "," 7,863,467 "," 8,184,458 "," 8,513,245 "," 8,858,440 "," 9,213,402 "," 9,561,638 "," 9,977,735 "," 10,016,807 "," 10,261,585 ",,,,,,,,
4,Aceh,Aceh Jaya," 1,422,990 "," 1,482,238 "," 1,541,268 "," 1,590,573 "," 1,649,326 "," 1,710,446 "," 1,777,002 "," 1,848,146 "," 1,922,741 "," 1,994,914 "," 1,982,449 "," 2,033,844 ",,,,,,,,
5,Aceh,Aceh Selatan," 2,830,606 "," 2,953,612 "," 3,115,598 "," 3,281,364 "," 3,429,429 "," 3,574,592 "," 3,740,293 "," 3,887,220 "," 4,063,405 "," 4,243,396 "," 4,241,408 "," 4,345,784 ",,,,,,,,
6,Aceh,Aceh Singkil," 1,211,045 "," 1,263,086 "," 1,315,931 "," 1,374,981 "," 1,426,081 "," 1,479,142 "," 1,540,654 "," 1,600,983 "," 1,664,740 "," 1,731,165 "," 1,713,664 "," 1,780,419 ",,,,,,,,
7,Aceh,Aceh Tamiang," 4,406,760 "," 4,474,076 "," 4,651,203 "," 4,885,619 "," 5,002,817 "," 5,134,530 "," 5,279,640 "," 5,491,009 "," 5,724,228 "," 5,984,419 "," 6,009,374 "," 6,062,520 ",,,,,,,,
8,Aceh,Aceh Tengah," 3,970,994 "," 4,166,899 "," 4,347,739 "," 4,584,209 "," 4,770,082 "," 4,972,052 "," 5,200,044 "," 5,410,437 "," 5,638,960 "," 5,836,845 "," 5,767,948 "," 5,958,118 ",,,,,,,,
9,Aceh,Aceh Tenggara," 2,337,742 "," 2,464,463 "," 2,578,093 "," 2,704,181 "," 2,807,992 "," 2,921,131 "," 3,044,880 "," 3,197,952 "," 3,302,242 "," 3,442,064 "," 3,436,344 "," 3,490,157 ",,,,,,,,
10,Aceh,Aceh Timur," 7,290,036 "," 7,479,287 "," 7,677,934 "," 7,761,221 "," 7,721,422 "," 7,259,934 "," 7,175,795 "," 7,487,535 "," 7,802,175 "," 8,146,982 "," 8,272,641 "," 8,433,526 ",,,,,,,,
11,Aceh,Aceh Utara," 17,200,433 "," 17,867,554 "," 18,151,766 "," 17,836,613 "," 17,195,546 "," 15,184,776 "," 15,195,569 "," 15,544,943 "," 16,286,459 "," 16,852,697 "," 17,017,453 "," 16,926,103 ",,,,,,,,
12,West Sumatera,Agam," 8,918,878 "," 9,454,745 "," 10,038,748 "," 10,656,539 "," 11,287,816 "," 11,911,295 "," 12,567,018 "," 13,249,247 "," 13,942,516 "," 14,608,894 "," 14,409,166 "," 14,942,561 ",,,,,,,,
13,East Nusa Tenggara,Alor," 1,302,160 "," 1,375,382 "," 1,441,950 "," 1,503,156 "," 1,575,302 "," 1,651,909 "," 1,730,551 "," 1,817,735 "," 1,909,710 "," 2,007,184 "," 1,996,044 "," 2,045,994 ",,,,,,,,
14,North Sumatera,Asahan," 16,076,729 "," 16,939,696 "," 17,872,411 "," 18,892,624 "," 20,003,079 "," 21,116,724 "," 22,302,705 "," 23,525,346 "," 24,844,872 "," 26,245,236 "," 26,299,566 "," 27,279,586 ",,,,,,,,
15,Papua,Asmat," 893,965 "," 972,461 "," 1,041,831 "," 1,105,752 "," 1,166,182 "," 1,222,076 "," 1,297,559 "," 1,373,503 "," 1,452,805 "," 1,522,326 "," 1,531,360 "," 1,563,644 ",,,,,,,,
16,Bali,Badung," 20,848,561 "," 22,322,699 "," 24,027,651 "," 25,666,532 "," 27,458,060 "," 29,170,236 "," 31,157,372 "," 33,052,048 "," 35,275,422 "," 37,326,471 "," 31,147,822 "," 29,049,519 ",,,,,,,,
17,South Kalimantan,Balangan," 6,154,980 "," 6,699,285 "," 7,147,782 "," 7,722,400 "," 8,177,672 "," 8,374,456 "," 8,593,456 "," 8,844,751 "," 9,121,156 "," 9,409,831 "," 9,177,869 "," 3,604,939 ",,,,,,,,
18,West Java,Bandung," 48,431,749 "," 51,250,249 "," 54,468,157 "," 57,690,587 "," 61,100,250 "," 64,701,522 "," 68,804,851 "," 73,039,454 "," 77,613,224 "," 82,547,437 "," 81,060,975 "," 83,949,366 ",,,,,,,,
19,West Java,Bandung Barat," 19,322,131 "," 20,419,115 "," 21,651,879 "," 22,937,169 "," 24,264,922 "," 25,486,171 "," 26,925,876 "," 28,330,025 "," 29,888,888 "," 31,398,352 "," 30,640,409 "," 31,701,786 ",,,,,,,,
20,Central Sulawesi  ,Banggai," 6,061,906 "," 6,824,381 "," 7,556,759 "," 8,276,980 "," 8,713,043 "," 11,510,104 "," 15,908,777 "," 17,294,283 "," 18,360,504 "," 19,450,605 "," 18,517,223 "," 20,905,989 ",,,,,,,,
21,Central Sulawesi  ,Banggai Kepulauan," 1,535,476 "," 1,660,817 "," 1,792,018 "," 1,920,748 "," 2,055,537 "," 2,192,338 "," 2,322,594 "," 2,461,854 "," 2,563,110 "," 2,666,089 "," 2,603,269 "," 10,116,558 ",,,,,,,,
22,Central Sulawesi  ,Banggai Laut," 930,584 "," 1,001,146 "," 1,078,050 "," 1,162,185 "," 1,253,191 "," 1,353,141 "," 1,451,929 "," 1,542,831 "," 1,617,643 "," 1,674,266 "," 1,607,822 "," 3,604,939 ",,,,,,,,
23,Bangka Belitung Islands,Bangka," 6,551,040 "," 7,003,409 "," 7,378,161 "," 7,769,116 "," 8,143,116 "," 8,512,419 "," 8,906,228 "," 9,355,326 "," 9,778,032 "," 10,058,789 "," 9,988,799 "," 10,733,860 ",,,,,,,,
24,Bangka Belitung Islands,Bangka Barat," 6,816,096 "," 7,191,751 "," 7,586,484 "," 7,972,792 "," 8,349,260 "," 8,769,643 "," 9,190,201 "," 9,673,709 "," 10,177,199 "," 10,895,223 "," 10,312,212 "," 10,332,996 ",,,,,,,,
25,Bangka Belitung Islands,Bangka Selatan," 4,169,513 "," 4,437,323 "," 4,646,026 "," 4,852,974 "," 5,068,267 "," 5,284,642 "," 5,511,788 "," 5,763,871 "," 6,024,205 "," 6,176,845 "," 6,057,876 "," 6,276,798 ",,,,,,,,
26,Bangka Belitung Islands,Bangka Tengah," 4,502,396 "," 4,773,137 "," 5,012,863 "," 5,178,285 "," 5,255,773 "," 5,271,867 "," 5,432,844 "," 5,620,615 "," 5,812,697 "," 5,883,096 "," 5,715,596 "," 5,987,137 ",,,,,,,,
27,East Java,Bangkalan," 15,881,409 "," 16,406,521 "," 16,173,679 "," 16,204,006 "," 17,369,226 "," 16,906,845 "," 17,018,647 "," 17,618,601 "," 18,361,440 "," 18,550,799 "," 17,514,617 "," 17,152,779 ",,,,,,,,
28,Bali,Bangli," 2,747,457 "," 2,916,143 "," 3,097,058 "," 3,281,162 "," 3,472,303 "," 3,686,101 "," 3,916,096 "," 4,124,222 "," 4,350,145 "," 4,587,222 "," 4,399,192 "," 4,384,726 ",,,,,,,,
29,South Kalimantan,Banjar," 7,605,086 "," 8,158,855 "," 8,670,838 "," 9,069,628 "," 9,530,725 "," 9,950,521 "," 10,418,681 "," 10,903,968 "," 11,450,220 "," 11,967,129 "," 11,732,659 "," 44,236,766 ",,,,,,,,
30,Central Java,Banjarnegara," 9,439,359 "," 9,952,404 "," 10,473,363 "," 11,043,083 "," 11,629,846 "," 12,266,046 "," 12,932,885 "," 13,663,267 "," 14,438,150 "," 15,246,866 "," 15,045,885 "," 15,536,478 ",,,,,,,,
31,South Sulawesi ,Bantaeng," 2,696,299 "," 2,949,289 "," 3,234,459 "," 3,525,612 "," 3,819,276 "," 4,073,060 "," 4,374,215 "," 4,694,158 "," 5,075,837 "," 5,621,523 "," 5,650,535 "," 6,151,447 ",,,,,,,,
32,Special Region Yogyakarta ,Bantul," 12,114,059 "," 12,728,666 "," 13,407,022 "," 14,138,719 "," 14,851,124 "," 15,588,520 "," 16,375,513 "," 17,209,872 "," 18,150,877 "," 19,155,274 "," 18,839,369 "," 19,781,893 ",,,,,,,,
33,South Sumatera,Banyu Asin," 12,313,184 "," 12,980,038 "," 13,777,763 "," 14,628,960 "," 15,380,589 "," 16,236,002 "," 17,192,415 "," 18,060,420 "," 18,981,996 "," 19,973,435 "," 19,999,574 "," 20,767,642 ",,,,,,,,
34,Central Java,Banyumas," 23,016,943 "," 24,538,596 "," 25,982,158 "," 27,793,138 "," 29,367,687 "," 31,164,876 "," 33,051,047 "," 35,147,313 "," 37,414,501 "," 39,779,321 "," 39,121,624 "," 40,686,808 ",,,,,,,,
35,East Java,Banyuwangi," 32,463,823 "," 34,720,429 "," 37,235,736 "," 39,733,620 "," 42,005,652 "," 44,529,928 "," 46,924,576 "," 49,480,442 "," 52,367,695 "," 55,274,032 "," 53,295,106 "," 55,472,571 ",,,,,,,,
36,South Kalimantan,Barito Kuala," 3,782,242 "," 3,942,442 "," 4,134,723 "," 4,304,970 "," 4,499,141 "," 4,735,916 "," 4,979,940 "," 5,268,395 "," 5,542,911 "," 5,822,273 "," 5,760,368 "," 13,037,365 ",,,,,,,,
37,Central Kalimantan,Barito Selatan," 2,694,573 "," 2,884,927 "," 3,038,441 "," 3,197,784 "," 3,367,463 "," 3,554,130 "," 3,754,055 "," 3,958,246 "," 4,160,875 "," 4,367,128 "," 4,240,610 "," 13,037,365 ",,,,,,,,
38,Central Kalimantan,Barito Timur," 3,189,866 "," 3,412,634 "," 3,618,840 "," 3,862,519 "," 4,065,159 "," 4,274,838 "," 4,509,974 "," 4,779,686 "," 5,052,798 "," 5,327,941 "," 5,182,504 "," 4,819,885 ",,,,,,,,
39,Central Kalimantan,Barito Utara," 4,231,349 "," 4,566,772 "," 4,851,164 "," 5,192,551 "," 5,410,379 "," 5,696,535 "," 6,008,577 "," 6,369,617 "," 6,748,597 "," 7,114,706 "," 6,955,410 "," 14,032,621 ",,,,,,,,
40,South Sulawesi ,Barru," 2,560,345 "," 2,768,518 "," 3,000,719 "," 3,237,001 "," 3,474,785 "," 3,694,239 "," 3,916,336 "," 4,169,984 "," 4,466,541 "," 4,797,430 "," 4,839,116 "," 5,069,995 ",,,,,,,,
41,Central Java,Batang," 9,447,328 "," 10,025,045 "," 10,488,457 "," 11,104,697 "," 11,693,897 "," 12,328,239 "," 12,948,191 "," 13,667,080 "," 14,448,626 "," 15,226,787 "," 15,031,084 "," 15,764,266 ",,,,,,,,
42,Jambi,Batang Hari," 6,840,499 "," 7,492,939 "," 8,118,646 "," 8,644,803 "," 9,298,567 "," 9,695,287 "," 10,146,145 "," 10,634,358 "," 11,147,663 "," 11,713,377 "," 11,662,607 "," 12,227,810 ",,,,,,,,
43,North Sumatera,Batu Bara," 16,121,045 "," 16,946,460 "," 17,916,356 "," 18,674,622 "," 19,458,333 "," 20,264,818 "," 21,165,038 "," 22,034,259 "," 22,998,597 "," 23,998,593 "," 23,923,645 "," 24,486,056 ",,,,,,,,
44,West Java,Bekasi," 154,347,802 "," 164,538,843 "," 175,279,802 "," 186,206,590 "," 197,163,575 "," 205,950,393 "," 215,928,364 "," 228,203,599 "," 241,949,381 "," 251,502,786 "," 242,971,394 "," 251,778,519 ",,,,,,,,
45,Bangka Belitung Islands,Belitung," 4,143,547 "," 4,389,151 "," 4,656,473 "," 4,934,002 "," 5,167,069 "," 5,400,941 "," 5,669,063 "," 5,969,672 "," 6,290,863 "," 6,500,417 "," 6,352,859 "," 6,710,007 ",,,,,,,,
46,Bangka Belitung Islands,Belitung Timur," 3,579,809 "," 3,798,788 "," 4,028,449 "," 4,258,046 "," 4,478,305 "," 4,675,207 "," 4,873,876 "," 5,110,297 "," 5,326,116 "," 5,499,978 "," 5,465,459 "," 5,714,794 ",,,,,,,,
47,East Nusa Tenggara,Belu," 1,834,493 "," 1,913,241 "," 2,014,209 "," 2,135,804 "," 2,254,667 "," 2,374,993 "," 2,511,902 "," 2,657,049 "," 2,805,711 "," 2,956,524 "," 2,968,230 "," 3,020,026 ",,,,,,,,
48,Aceh,Bener Meriah," 2,420,612 "," 2,528,784 "," 2,661,124 "," 2,804,613 "," 2,929,389 "," 3,070,582 "," 3,206,522 "," 3,337,606 "," 3,476,510 "," 3,626,655 "," 3,629,871 "," 3,754,095 ",,,,,,,,
49,Riau,Bengkalis," 85,300,439 "," 91,999,289 "," 91,397,011 "," 88,411,086 "," 85,003,797 "," 82,676,674 "," 80,577,992 "," 79,189,782 "," 77,848,258 "," 76,377,289 "," 73,856,683 "," 74,229,923 ",,,,,,,,
50,West Kalimantan,Bengkayang," 3,649,150 "," 3,834,740 "," 4,059,787 "," 4,299,248 "," 4,472,287 "," 4,649,503 "," 4,889,160 "," 5,163,899 "," 5,434,858 "," 5,714,297 "," 5,600,324 "," 5,842,930 ",,,,,,,,
51,Bengkulu,Bengkulu Selatan," 2,220,325 "," 2,366,414 "," 2,518,785 "," 2,674,076 "," 2,825,965 "," 2,971,302 "," 3,127,256 "," 3,281,690 "," 3,444,032 "," 3,615,034 "," 3,624,589 "," 3,742,506 ",,,,,,,,
52,Bengkulu,Bengkulu Tengah," 1,814,999 "," 1,916,027 "," 2,033,315 "," 2,146,923 "," 2,264,214 "," 2,377,714 "," 2,496,628 "," 2,620,222 "," 2,750,436 "," 2,887,020 "," 2,885,344 "," 2,951,442 ",,,,,,,,
53,Bengkulu,Bengkulu Utara," 3,257,580 "," 3,456,408 "," 3,677,271 "," 3,879,885 "," 4,091,949 "," 4,299,371 "," 4,514,180 "," 4,732,510 "," 4,960,303 "," 5,204,593 "," 5,216,353 "," 5,425,357 ",,,,,,,,
54,East Kalimantan,Berau," 14,558,924 "," 17,725,234 "," 20,467,253 "," 22,591,474 "," 24,449,675 "," 25,902,530 "," 25,461,370 "," 26,227,292 "," 26,769,400 "," 28,275,573 "," 27,337,087 "," 14,032,621 ",,,,,,,,
55,Papua,Biak Numfor," 2,489,807 "," 2,613,050 "," 2,800,861 "," 2,997,417 "," 3,156,013 "," 3,364,871 "," 3,501,595 "," 3,341,439 "," 3,355,450 "," 3,429,604 "," 3,255,906 "," 3,336,294 ",,,,,,,,
56,West Nusa Tenggara ,Bima," 5,094,272 "," 5,402,245 "," 5,723,488 "," 6,016,134 "," 6,377,801 "," 6,783,723 "," 7,143,341 "," 7,590,905 "," 7,897,788 "," 8,234,045 "," 7,943,636 "," 8,085,698 ",,,,,,,,
57,Riau Islands,Bintan," 8,891,007 "," 9,501,063 "," 10,126,483 "," 10,741,921 "," 11,424,374 "," 12,013,391 "," 12,620,121 "," 13,244,041 "," 13,886,088 "," 14,512,074 "," 13,902,163 "," 13,933,491 ",,,,,,,,
58,Aceh,Bireuen," 7,126,511 "," 7,397,630 "," 7,689,706 "," 7,999,504 "," 8,171,311 "," 8,481,897 "," 8,824,936 "," 9,197,931 "," 9,586,142 "," 10,065,428 "," 9,962,579 "," 10,369,980 ",,,,,,,,
59,East Java,Blitar," 16,213,907 "," 17,093,902 "," 18,054,456 "," 18,967,280 "," 19,920,157 "," 20,928,474 "," 21,991,428 "," 23,107,484 "," 24,286,241 "," 25,530,112 "," 24,945,465 "," 25,700,019 ",,,,,,,,
60,Central Java,Blora," 10,149,080 "," 10,597,723 "," 11,116,866 "," 11,712,505 "," 12,227,201 "," 12,882,588 "," 15,914,663 "," 16,866,641 "," 17,605,216 "," 18,318,415 "," 17,483,887 "," 18,126,447 ",,,,,,,,
61,Gorontalo,Boalemo," 1,930,377 "," 2,060,449 "," 2,213,391 "," 2,378,894 "," 2,552,688 "," 2,715,277 "," 2,886,159 "," 3,078,279 "," 3,284,064 "," 3,504,254 "," 3,497,055 "," 3,568,346 ",,,,,,,,
62,West Java,Bogor," 92,931,566 "," 98,378,723 "," 104,286,981 "," 110,685,276 "," 117,339,503 "," 124,486,977 "," 131,760,367 "," 139,561,454 "," 148,203,354 "," 156,876,009 "," 154,113,604 "," 159,589,545 ",,,,,,,,
63,East Java,Bojonegoro," 33,291,911 "," 36,751,014 "," 38,136,127 "," 39,039,384 "," 39,934,829 "," 46,892,806 "," 57,187,374 "," 63,046,469 "," 65,815,563 "," 69,985,678 "," 69,703,421 "," 65,839,509 ",,,,,,,,
64,North Sulawesi ,Bolaang Mongondow," 3,218,539 "," 3,306,236 "," 3,473,725 "," 3,705,498 "," 3,911,380 "," 4,139,100 "," 4,413,199 "," 4,707,459 "," 5,060,107 "," 5,459,314 "," 5,512,884 "," 10,116,558 ",,,,,,,,
65,North Sulawesi ,Bolaang Mongondow Selatan," 753,907 "," 795,897 "," 851,327 "," 912,717 "," 980,919 "," 1,039,394 "," 1,103,136 "," 1,171,959 "," 1,248,799 "," 1,328,571 "," 1,336,974 "," 7,769,743 ",,,,,,,,
66,North Sulawesi ,Bolaang Mongondow Timur," 1,113,867 "," 1,179,724 "," 1,257,668 "," 1,341,910 "," 1,435,603 "," 1,528,600 "," 1,613,814 "," 1,706,002 "," 1,792,387 "," 1,878,470 "," 1,881,482 "," 3,604,939 ",,,,,,,,
67,North Sulawesi ,Bolaang Mongondow Utara," 968,405 "," 1,020,031 "," 1,090,625 "," 1,168,295 "," 1,247,860 "," 1,320,203 "," 1,401,510 "," 1,489,523 "," 1,581,647 "," 1,679,214 "," 1,691,098 "," 20,767,642 ",,,,,,,,
68,South East Sulawesi ,Bombana," 2,453,020 "," 2,669,003 "," 2,967,458 "," 3,215,132 "," 3,451,467 "," 3,717,017 "," 3,918,190 "," 4,174,328 "," 4,417,811 "," 4,682,492 "," 4,708,735 "," 4,873,217 ",,,,,,,,
69,East Java,Bondowoso," 8,515,883 "," 9,033,033 "," 9,583,383 "," 10,140,111 "," 10,652,435 "," 11,179,621 "," 11,735,586 "," 12,325,665 "," 12,951,515 "," 13,637,365 "," 13,451,771 "," 13,921,654 ",,,,,,,,
70,South Sulawesi ,Bone," 11,055,901 "," 11,763,801 "," 12,730,120 "," 13,531,849 "," 14,821,376 "," 16,051,871 "," 17,498,179 "," 18,970,527 "," 20,660,069 "," 22,108,039 "," 22,053,740 "," 23,273,868 ",,,,,,,,
71,Gorontalo,Bone Bolango," 1,719,663 "," 1,838,623 "," 1,975,880 "," 2,126,545 "," 2,290,622 "," 2,439,920 "," 2,601,323 "," 2,785,645 "," 2,965,463 "," 3,153,897 "," 3,155,946 "," 3,225,233 ",,,,,,,,
72,East Kalimantan,Bontang," 54,258,700 "," 50,234,499 "," 45,623,745 "," 43,012,336 "," 41,622,133 "," 43,437,184 "," 42,835,509 "," 43,073,056 "," 41,316,217 "," 40,427,700 "," 39,320,231 "," 7,769,743 ",,,,,,,,
73,Papua,Boven Digoel," 2,222,231 "," 2,307,258 "," 2,399,632 "," 2,559,254 "," 2,716,087 "," 2,862,379 "," 2,998,124 "," 3,120,159 "," 3,221,866 "," 3,275,506 "," 3,190,498 "," 3,200,387 ",,,,,,,,
74,Central Java,Boyolali," 13,721,701 "," 14,592,026 "," 15,369,974 "," 16,266,499 "," 17,148,351 "," 18,170,384 "," 19,139,359 "," 20,248,849 "," 21,406,269 "," 22,681,098 "," 22,409,733 "," 23,447,366 ",,,,,,,,
75,Central Java,Brebes," 20,158,108 "," 21,498,422 "," 22,482,263 "," 23,812,057 "," 25,074,172 "," 26,572,835 "," 27,930,986 "," 29,509,207 "," 31,060,106 "," 32,847,863 "," 32,693,081 "," 33,533,328 ",,,,,,,,
76,Bali,Buleleng," 13,620,230 "," 14,497,367 "," 15,480,210 "," 16,587,191 "," 17,741,753 "," 18,818,624 "," 19,950,718 "," 21,023,600 "," 22,201,448 "," 23,425,319 "," 22,066,165 "," 21,785,733 ",,,,,,,,
77,South Sulawesi ,Bulukumba," 4,740,632 "," 5,000,760 "," 5,483,245 "," 5,909,291 "," 6,413,699 "," 6,774,321 "," 7,232,838 "," 7,730,913 "," 8,121,328 "," 8,567,455 "," 8,604,201 "," 9,013,584 ",,,,,,,,
78,North Kalimantan,Bulungan," 7,350,392 "," 8,011,593 "," 8,646,404 "," 9,110,271 "," 9,500,924 "," 9,716,362 "," 9,996,960 "," 10,570,934 "," 11,106,352 "," 11,628,631 "," 11,547,044 "," 11,979,799 ",,,,,,,,
79,Jambi,Bungo," 7,019,663 "," 7,703,626 "," 8,446,776 "," 9,208,467 "," 9,829,561 "," 10,333,808 "," 10,891,038 "," 11,510,101 "," 12,045,804 "," 12,549,933 "," 12,490,069 "," 13,113,570 ",,,,,,,,
80,Central Sulawesi  ,Buol," 2,528,849 "," 2,709,916 "," 2,907,932 "," 3,121,026 "," 3,311,071 "," 3,511,814 "," 3,620,241 "," 3,765,180 "," 3,873,900 "," 3,956,652 "," 3,842,194 "," 20,767,642 ",,,,,,,,
81,Maluku,Buru," 954,861 "," 1,006,766 "," 1,061,575 "," 1,108,483 "," 1,177,519 "," 1,239,095 "," 1,309,987 "," 1,388,751 "," 1,475,063 "," 1,564,452 "," 1,564,097 "," 1,610,529 ",,,,,,,,
82,Maluku,Buru Selatan," 536,043 "," 560,887 "," 590,025 "," 621,698 "," 660,560 "," 705,279 "," 748,857 "," 794,736 "," 842,551 "," 892,106 "," 892,003 "," 923,193 ",,,,,,,,
83,South East Sulawesi ,Buton," 3,640,076 "," 4,075,055 "," 4,512,651 "," 4,877,739 "," 2,209,250 "," 2,301,463 "," 2,410,493 "," 2,529,408 "," 2,657,006 "," 2,788,039 "," 2,774,406 "," 2,847,090 ",,,,,,,,
84,South East Sulawesi ,Buton Selatan, - , - , - , - ," 1,562,366 "," 1,626,277 "," 1,742,701 "," 1,864,284 "," 1,966,490 "," 2,062,349 "," 2,033,595 "," 2,080,197 ",,,,,,,,
85,South East Sulawesi ,Buton Tengah, - , - , - , - ," 1,260,520 "," 1,296,598 "," 1,401,356 "," 1,492,051 "," 1,579,008 "," 1,656,389 "," 1,706,710 "," 1,759,936 ",,,,,,,,
86,South East Sulawesi ,Buton Utara," 1,194,945 "," 1,308,885 "," 1,423,853 "," 1,549,525 "," 1,698,127 "," 1,768,242 "," 1,875,125 "," 1,992,103 "," 2,108,647 "," 2,228,586 "," 2,250,747 "," 2,342,595 ",,,,,,,,
87,West Java,Ciamis," 13,716,197 "," 14,433,282 "," 15,213,674 "," 16,026,514 "," 16,839,416 "," 17,779,913 "," 18,844,974 "," 19,826,748 "," 20,878,689 "," 22,001,240 "," 21,970,410 "," 22,774,934 ",,,,,,,,
88,West Java,Cianjur," 19,696,928 "," 20,660,192 "," 21,817,064 "," 22,883,159 "," 24,041,991 "," 25,352,134 "," 26,981,369 "," 28,538,994 "," 30,320,206 "," 32,039,318 "," 31,792,318 "," 32,897,527 ",,,,,,,,
89,Central Java,Cilacap," 75,099,090 "," 78,156,819 "," 79,702,238 "," 81,022,670 "," 83,391,500 "," 88,357,607 "," 92,858,650 "," 95,254,587 "," 98,100,568 "," 100,327,299 "," 90,011,584 "," 91,944,588 ",,,,,,,,
90,West Java,Cirebon," 21,496,571 "," 22,621,717 "," 23,857,750 "," 25,042,255 "," 26,312,992 "," 27,596,255 "," 29,149,312 "," 30,623,306 "," 32,161,840 "," 33,668,098 "," 33,304,050 "," 34,127,516 ",,,,,,,,
91,North Sumatera,Dairi," 4,238,246 "," 4,447,094 "," 4,671,001 "," 4,906,859 "," 5,153,826 "," 5,413,749 "," 5,688,451 "," 5,968,806 "," 6,267,822 "," 6,569,813 "," 6,508,053 "," 6,641,674 ",,,,,,,,
92,Papua,Deiyai," 383,610 "," 456,503 "," 492,081 "," 545,727 "," 608,615 "," 686,959 "," 741,299 "," 776,909 "," 803,579 "," 833,647 "," 830,729 "," 843,063 ",,,,,,,,
93,North Sumatera,Deli Serdang," 43,040,005 "," 45,257,733 "," 47,513,866 "," 51,896,062 "," 55,790,749 "," 58,713,674 "," 61,839,675 "," 64,991,871 "," 68,340,999 "," 71,878,690 "," 70,596,825 "," 72,173,623 ",,,,,,,,
94,Central Java,Demak," 11,647,736 "," 12,275,703 "," 12,823,227 "," 13,499,226 "," 14,078,420 "," 14,913,000 "," 15,672,483 "," 16,584,124 "," 17,479,877 "," 18,417,010 "," 18,374,562 "," 18,856,416 ",,,,,,,,
95,West Sumatera,Dharmasraya," 4,542,599 "," 4,840,426 "," 5,140,196 "," 5,474,897 "," 5,821,734 "," 6,156,752 "," 6,490,286 "," 6,843,182 "," 7,204,466 "," 7,560,323 "," 7,454,968 "," 7,708,751 ",,,,,,,,
96,Papua,Dogiyai," 456,533 "," 506,993 "," 551,739 "," 596,461 "," 650,760 "," 704,722 "," 753,373 "," 797,698 "," 844,460 "," 892,883 "," 895,957 "," 905,604 ",,,,,,,,
97,West Nusa Tenggara ,Dompu," 3,084,874 "," 3,307,023 "," 3,511,426 "," 3,688,728 "," 3,892,993 "," 4,132,460 "," 4,346,818 "," 4,640,179 "," 4,843,375 "," 5,059,301 "," 4,896,652 "," 4,978,987 ",,,,,,,,
98,Central Sulawesi  ,Donggala," 5,305,180 "," 5,662,326 "," 6,044,337 "," 6,458,762 "," 6,837,371 "," 7,246,656 "," 7,559,934 "," 7,961,070 "," 8,165,226 "," 8,528,694 "," 8,165,358 "," 14,032,621 ",,,,,,,,
99,South Sumatera,Empat Lawang," 2,294,636 "," 2,433,330 "," 2,582,010 "," 2,721,106 "," 2,836,118 "," 2,963,804 "," 3,098,260 "," 3,213,154 "," 3,348,997 "," 3,470,332 "," 3,473,402 "," 3,604,939 ",,,,,,,,
100,East Nusa Tenggara,Ende," 2,640,077 "," 2,775,302 "," 2,921,226 "," 3,077,032 "," 3,231,199 "," 3,395,122 "," 3,567,468 "," 3,747,140 "," 3,931,684 "," 4,131,218 "," 4,076,215 "," 4,162,984 ",,,,,,,,
101,South Sulawesi ,Enrekang," 2,605,142 "," 2,815,547 "," 3,021,203 "," 3,197,504 "," 3,389,146 "," 3,623,224 "," 3,899,586 "," 4,166,405 "," 4,302,051 "," 4,535,551 "," 4,592,230 "," 4,884,373 ",,,,,,,,
102,West Papua ,Fakfak," 1,972,123 "," 2,084,180 "," 2,246,603 "," 2,436,275 "," 2,611,541 "," 2,801,967 "," 2,948,829 "," 3,159,028 "," 3,367,230 "," 3,545,308 "," 3,440,577 "," 3,474,011 ",,,,,,,,
103,East Nusa Tenggara,Flores Timur," 2,324,445 "," 2,429,253 "," 2,536,430 "," 2,658,761 "," 2,787,339 "," 2,915,832 "," 3,045,559 "," 3,182,457 "," 3,333,448 "," 3,493,517 "," 3,498,471 "," 3,522,549 ",,,,,,,,
104,West Java,Garut," 25,465,222 "," 26,726,850 "," 27,815,341 "," 29,138,482 "," 30,541,631 "," 31,919,059 "," 33,803,539 "," 35,464,912 "," 37,225,155 "," 39,092,492 "," 38,598,433 "," 39,981,191 ",,,,,,,,
105,Aceh,Gayo Lues," 1,389,537 "," 1,452,757 "," 1,531,659 "," 1,590,760 "," 1,652,369 "," 1,717,273 "," 1,788,140 "," 1,872,227 "," 1,896,150 "," 1,920,005 "," 1,936,869 "," 1,981,879 ",,,,,,,,
106,Bali,Gianyar," 10,902,884 "," 11,682,131 "," 12,508,663 "," 13,361,397 "," 14,269,423 "," 15,168,553 "," 16,125,358 "," 17,005,121 "," 18,027,092 "," 19,040,901 "," 17,442,442 "," 17,258,767 ",,,,,,,,
107,Gorontalo,Gorontalo," 4,820,742 "," 5,193,086 "," 5,594,793 "," 6,027,132 "," 6,495,462 "," 6,905,441 "," 7,362,443 "," 7,861,953 "," 8,349,313 "," 8,868,730 "," 8,867,720 "," 9,083,620 ",,,,,,,,
108,Gorontalo,Gorontalo Utara," 1,250,045 "," 1,337,545 "," 1,432,877 "," 1,535,437 "," 1,645,679 "," 1,765,874 "," 1,896,420 "," 2,036,906 "," 2,177,967 "," 2,325,474 "," 2,325,057 "," 2,376,375 ",,,,,,,,
109,South Sulawesi ,Gowa," 7,132,479 "," 7,664,513 "," 8,289,113 "," 9,070,002 "," 9,720,170 "," 10,380,219 "," 11,166,022 "," 11,971,359 "," 12,825,808 "," 13,783,115 "," 14,025,756 "," 15,043,696 ",,,,,,,,
110,East Java,Gresik," 59,068,639 "," 62,898,691 "," 67,248,792 "," 71,314,179 "," 76,336,048 "," 81,380,444 "," 85,850,108 "," 90,855,603 "," 96,131,613 "," 101,346,548 "," 97,616,602 "," 101,318,686 ",,,,,,,,
111,Central Java,Grobogan," 12,766,022 "," 13,172,712 "," 13,842,047 "," 14,474,729 "," 15,064,457 "," 15,962,619 "," 16,682,630 "," 17,659,254 "," 18,688,571 "," 19,692,631 "," 19,383,027 "," 20,115,534 ",,,,,,,,
112,Special Region Yogyakarta ,Gunung Kidul," 8,848,038 "," 9,248,011 "," 9,695,980 "," 10,177,433 "," 10,639,792 "," 11,152,363 "," 11,696,156 "," 12,281,558 "," 12,914,941 "," 13,605,075 "," 13,512,439 "," 14,230,139 ",,,,,,,,
113,Central Kalimantan,Gunung Mas," 1,944,387 "," 2,072,078 "," 2,202,329 "," 2,353,542 "," 2,504,470 "," 2,678,716 "," 2,866,190 "," 3,056,181 "," 3,266,085 "," 3,501,669 "," 3,620,429 "," 3,604,939 ",,,,,,,,
114,North Maluku ,Halmahera Barat," 942,544 "," 999,335 "," 1,058,317 "," 1,119,686 "," 1,180,139 "," 1,246,254 "," 1,310,142 "," 1,375,674 "," 1,444,818 "," 1,521,861 "," 1,530,002 "," 1,548,383 ",,,,,,,,
115,North Maluku ,Halmahera Selatan," 2,258,752 "," 2,399,892 "," 2,562,624 "," 2,727,948 "," 2,908,534 "," 3,064,246 "," 3,238,569 "," 3,758,575 "," 4,338,829 "," 4,865,856 "," 5,723,961 "," 6,538,170 ",,,,,,,,
116,North Maluku ,Halmahera Tengah," 952,193 "," 1,002,259 "," 1,052,587 "," 1,108,318 "," 1,087,223 "," 1,134,431 "," 1,261,992 "," 1,335,188 "," 1,428,073 "," 1,518,908 "," 2,003,825 "," 5,247,035 ",,,,,,,,
117,North Maluku ,Halmahera Timur," 1,555,083 "," 1,663,183 "," 1,759,419 "," 1,861,975 "," 1,682,085 "," 1,784,896 "," 1,883,153 "," 2,018,231 "," 2,179,632 "," 2,291,772 "," 2,297,197 "," 2,502,360 ",,,,,,,,
118,North Maluku ,Halmahera Utara," 2,401,530 "," 2,544,288 "," 2,696,949 "," 2,832,854 "," 3,026,560 "," 3,220,475 "," 3,350,214 "," 3,571,925 "," 3,658,055 "," 3,754,687 "," 3,738,614 "," 3,854,409 ",,,,,,,,
119,South Kalimantan,Hulu Sungai Selatan," 2,842,095 "," 2,995,485 "," 3,155,163 "," 3,334,465 "," 3,527,587 "," 3,740,951 "," 3,968,568 "," 4,211,489 "," 4,470,254 "," 4,706,463 "," 4,650,232 "," 46,128,991 ",,,,,,,,
120,South Kalimantan,Hulu Sungai Tengah," 2,996,326 "," 3,175,364 "," 3,329,328 "," 3,523,288 "," 3,719,105 "," 3,946,886 "," 4,191,954 "," 4,431,992 "," 4,660,570 "," 4,882,209 "," 4,832,747 "," 20,767,642 ",,,,,,,,
121,South Kalimantan,Hulu Sungai Utara," 2,039,851 "," 2,170,793 "," 2,288,015 "," 2,410,138 "," 2,554,597 "," 2,690,886 "," 2,815,484 "," 2,977,886 "," 3,151,547 "," 3,325,247 "," 3,303,336 "," 5,974,137 ",,,,,,,,
122,North Sumatera,Humbang Hasundutan," 2,652,189 "," 2,762,128 "," 2,918,176 "," 3,085,198 "," 3,256,189 "," 3,406,802 "," 3,577,049 "," 3,756,661 "," 3,946,120 "," 4,141,097 "," 4,135,603 "," 4,219,138 ",,,,,,,,
123,Riau,Indragiri Hilir," 28,057,945 "," 30,066,529 "," 32,444,458 "," 34,769,508 "," 37,160,801 "," 37,923,472 "," 39,697,572 "," 41,491,371 "," 42,988,737 "," 44,774,868 "," 44,967,544 "," 46,950,369 ",,,,,,,,
124,Riau,Indragiri Hulu," 20,782,753 "," 21,874,124 "," 23,708,459 "," 25,180,130 "," 26,571,896 "," 25,791,527 "," 26,742,942 "," 27,807,309 "," 28,778,036 "," 29,866,425 "," 29,831,955 "," 31,102,981 ",,,,,,,,
125,West Java,Indramayu," 47,859,833 "," 49,804,916 "," 51,389,041 "," 52,858,951 "," 55,464,114 "," 56,663,300 "," 56,706,183 "," 57,515,011 "," 58,287,977 "," 60,153,183 "," 59,200,002 "," 59,544,866 ",,,,,,,,
126,Papua,Intan Jaya," 326,838 "," 409,473 "," 478,826 "," 532,807 "," 589,836 "," 649,346 "," 695,897 "," 721,390 "," 741,540 "," 761,705 "," 758,845 "," 767,521 ",,,,,,,,
127,Papua,Jayapura," 4,457,371 "," 4,968,321 "," 5,522,701 "," 6,086,193 "," 6,772,033 "," 7,445,582 "," 8,081,233 "," 8,647,527 "," 9,312,179 "," 9,978,844 "," 9,729,656 "," 10,105,529 ",,,,,,,,
128,Papua,Jayawijaya," 2,758,216 "," 2,928,556 "," 3,153,312 "," 3,383,965 "," 3,623,141 "," 3,850,839 "," 4,030,520 "," 4,252,443 "," 4,521,863 "," 4,746,650 "," 4,592,938 "," 4,650,821 ",,,,,,,,
129,East Java,Jember," 33,375,473 "," 35,208,171 "," 37,261,961 "," 39,519,233 "," 41,971,678 "," 44,222,564 "," 46,533,560 "," 48,912,960 "," 51,370,517 "," 54,200,041 "," 52,586,558 "," 54,688,719 ",,,,,,,,
130,Bali,Jembrana," 5,665,580 "," 5,999,303 "," 6,365,858 "," 6,727,786 "," 7,134,968 "," 7,576,314 "," 8,027,935 "," 8,452,028 "," 8,924,376 "," 9,420,445 "," 8,951,350 "," 8,892,801 ",,,,,,,,
131,South Sulawesi ,Jeneponto," 3,556,089 "," 3,856,301 "," 4,147,461 "," 4,422,901 "," 4,773,644 "," 5,085,916 "," 5,508,828 "," 5,963,562 "," 6,338,741 "," 6,685,623 "," 6,696,419 "," 7,058,350 ",,,,,,,,
132,Central Java,Jepara," 13,347,321 "," 14,004,325 "," 14,824,996 "," 15,623,739 "," 16,374,715 "," 17,210,366 "," 18,080,635 "," 19,055,336 "," 20,170,255 "," 21,384,283 "," 20,973,089 "," 21,944,232 ",,,,,,,,
133,East Java,Jombang," 17,350,781 "," 18,384,974 "," 19,514,847 "," 20,672,305 "," 21,793,191 "," 22,960,247 "," 24,199,072 "," 25,497,001 "," 26,846,145 "," 28,216,180 "," 27,657,585 "," 28,553,448 ",,,,,,,,
134,West Papua ,Kaimana," 1,126,866 "," 1,162,247 "," 1,273,145 "," 1,364,024 "," 1,438,384 "," 1,509,905 "," 1,557,819 "," 1,647,556 "," 1,739,446 "," 1,803,959 "," 1,752,822 "," 1,716,001 ",,,,,,,,
135,Riau,Kampar," 37,822,020 "," 39,378,306 "," 41,668,547 "," 44,297,583 "," 45,816,466 "," 46,314,067 "," 47,610,214 "," 49,022,012 "," 49,958,841 "," 51,888,831 "," 51,419,295 "," 53,193,864 ",,,,,,,,
136,Central Kalimantan,Kapuas," 5,963,915 "," 6,313,069 "," 6,722,380 "," 7,179,967 "," 7,682,852 "," 8,241,408 "," 8,842,070 "," 9,515,602 "," 10,182,439 "," 10,911,518 "," 10,797,987 "," 44,236,766 ",,,,,,,,
137,West Kalimantan,Kapuas Hulu," 4,244,540 "," 4,419,349 "," 4,629,366 "," 4,871,343 "," 5,065,318 "," 5,301,109 "," 5,580,747 "," 5,881,743 "," 6,155,952 "," 6,389,997 "," 6,234,479 "," 6,510,868 ",,,,,,,,
138,Central Java,Karanganyar," 16,393,789 "," 17,205,064 "," 18,219,457 "," 19,256,516 "," 20,262,444 "," 21,286,287 "," 22,436,294 "," 23,731,952 "," 25,150,278 "," 26,599,744 "," 26,103,228 "," 27,039,608 ",,,,,,,,
139,Bali,Karangasem," 6,749,932 "," 7,116,364 "," 7,538,033 "," 8,002,149 "," 8,482,885 "," 8,991,746 "," 9,524,226 "," 10,006,135 "," 10,550,245 "," 11,130,343 "," 10,630,367 "," 10,570,603 ",,,,,,,,
140,West Java,Karawang," 99,641,320 "," 106,174,676 "," 111,424,084 "," 120,294,864 "," 126,748,693 "," 132,453,568 "," 141,125,537 "," 148,358,445 "," 157,317,843 "," 163,946,848 "," 157,710,593 "," 166,941,492 ",,,,,,,,
141,Riau Islands,Karimun," 5,486,362 "," 5,872,368 "," 6,297,817 "," 6,744,254 "," 7,207,305 "," 7,678,539 "," 8,152,070 "," 8,583,141 "," 9,016,343 "," 9,456,919 "," 9,117,119 "," 9,332,771 ",,,,,,,,
142,North Sumatera,Karo," 9,231,179 "," 9,761,553 "," 10,258,345 "," 10,765,985 "," 11,314,387 "," 11,880,928 "," 12,494,867 "," 13,145,851 "," 13,744,174 "," 14,376,277 "," 14,261,471 "," 14,582,333 ",,,,,,,,
143,Central Kalimantan,Katingan," 2,932,756 "," 3,112,729 "," 3,306,736 "," 3,516,159 "," 3,746,349 "," 3,990,905 "," 4,251,998 "," 4,531,079 "," 4,829,628 "," 5,110,221 "," 4,947,506 "," 10,549,001 ",,,,,,,,
144,Bengkulu,Kaur," 1,434,611 "," 1,507,503 "," 1,589,693 "," 1,686,566 "," 1,767,847 "," 1,855,582 "," 1,953,631 "," 2,051,247 "," 2,153,486 "," 2,260,793 "," 2,263,549 "," 2,333,305 ",,,,,,,,
145,West Kalimantan,Kayong Utara," 1,588,755 "," 1,669,034 "," 1,765,449 "," 1,858,129 "," 1,963,337 "," 2,062,087 "," 2,185,465 "," 2,302,835 "," 2,416,580 "," 2,536,742 "," 2,517,551 "," 2,633,239 ",,,,,,,,
146,Central Java,Kebumen," 12,311,422 "," 13,068,986 "," 13,707,057 "," 14,333,334 "," 15,163,092 "," 16,115,554 "," 16,923,720 "," 17,794,789 "," 18,778,049 "," 19,815,063 "," 19,527,665 "," 20,253,059 ",,,,,,,,
147,East Java,Kediri," 18,254,461 "," 19,354,905 "," 20,538,323 "," 21,733,458 "," 22,889,972 "," 24,007,724 "," 25,211,901 "," 26,446,174 "," 27,786,420 "," 29,193,722 "," 28,490,953 "," 29,361,672 ",,,,,,,,
148,Papua,Keerom," 1,094,604 "," 1,193,223 "," 1,299,654 "," 1,424,286 "," 1,549,478 "," 1,658,202 "," 1,754,130 "," 1,839,174 "," 1,916,264 "," 1,991,014 "," 1,993,546 "," 2,046,026 ",,,,,,,,
149,Central Java,Kendal," 18,798,278 "," 20,032,434 "," 21,075,717 "," 22,386,124 "," 23,536,834 "," 24,762,325 "," 26,139,415 "," 27,649,777 "," 29,245,665 "," 30,916,387 "," 30,449,024 "," 31,632,276 ",,,,,,,,
150,Bengkulu,Kepahiang," 1,705,744 "," 1,814,120 "," 1,929,216 "," 2,049,378 "," 2,170,023 "," 2,292,650 "," 2,421,727 "," 2,545,973 "," 2,673,149 "," 2,803,865 "," 2,805,556 "," 2,894,350 ",,,,,,,,
151,West Sumatera,Kepulauan Mentawai," 1,905,952 "," 2,006,549 "," 2,114,319 "," 2,236,274 "," 2,360,746 "," 2,483,572 "," 2,608,127 "," 2,741,550 "," 2,875,664 "," 3,011,724 "," 2,956,007 "," 3,040,969 ",,,,,,,,
152,Riau Islands,Kepulauan Anambas," 10,962,794 "," 11,162,013 "," 11,595,839 "," 11,964,652 "," 12,407,907 "," 12,784,246 "," 13,155,244 "," 13,142,455 "," 12,063,353 "," 12,047,346 "," 11,104,449 "," 11,108,487 ",,,,,,,,
153,Maluku,Kepulauan Aru," 1,348,409 "," 1,419,145 "," 1,530,371 "," 1,624,365 "," 1,734,152 "," 1,821,139 "," 1,916,829 "," 2,030,357 "," 2,153,278 "," 2,278,619 "," 2,277,797 "," 2,356,727 ",,,,,,,,
154,Riau,Kepulauan Meranti," 8,690,279 "," 9,287,925 "," 9,909,809 "," 10,329,760 "," 10,788,977 "," 11,096,269 "," 11,451,080 "," 11,827,313 "," 12,304,367 "," 12,629,433 "," 12,683,872 "," 13,008,808 ",,,,,,,,
155,North Sulawesi ,Kepulauan Sangihe," 1,867,627 "," 1,940,811 "," 2,048,629 "," 2,163,380 "," 2,281,136 "," 2,419,696 "," 2,566,764 "," 2,706,571 "," 2,855,316 "," 3,010,133 "," 3,024,283 "," 44,236,766 ",,,,,,,,
156,South Sulawesi ,Kepulauan Selayar," 1,807,293 "," 1,967,829 "," 2,122,812 "," 2,296,375 "," 2,503,349 "," 2,724,399 "," 2,924,716 "," 3,147,389 "," 3,422,670 "," 3,685,668 "," 3,620,195 "," 3,765,558 ",,,,,,,,
157,Jakarta Special Region,Kepulauann Seribu," 3,584,570 "," 3,737,994 "," 3,753,239 "," 3,782,748 "," 3,796,477 "," 3,807,888 "," 3,815,300 "," 3,863,751 "," 3,936,012 "," 3,898,736 "," 3,706,255 "," 3,648,800 ",,,,,,,,
158,North Maluku ,Kepulauan Sula," 989,624 "," 1,049,149 "," 1,114,242 "," 1,181,706 "," 1,254,125 "," 1,327,814 "," 1,395,650 "," 1,463,030 "," 1,544,537 "," 1,639,595 "," 1,641,280 "," 1,662,746 ",,,,,,,,
159,North Sulawesi ,Kepulauan Talaud," 1,047,200 "," 1,079,324 "," 1,132,903 "," 1,191,788 "," 1,253,543 "," 1,319,041 "," 1,388,746 "," 1,459,636 "," 1,532,887 "," 1,604,808 "," 1,611,742 "," 13,037,365 ",,,,,,,,
160,Papua,Kepulauan Yapen," 1,749,767 "," 1,867,582 "," 1,967,651 "," 2,112,371 "," 2,258,852 "," 2,400,151 "," 2,530,005 "," 2,647,456 "," 2,767,986 "," 2,898,819 "," 2,767,493 "," 2,870,900 ",,,,,,,,
161,Jambi,Kerinci," 3,639,538 "," 3,865,496 "," 4,155,506 "," 4,411,406 "," 4,811,384 "," 5,120,000 "," 5,464,048 "," 5,784,485 "," 6,069,601 "," 6,326,541 "," 6,567,278 "," 6,822,791 ",,,,,,,,
162,West Kalimantan,Ketapang," 10,585,711 "," 11,384,047 "," 11,913,623 "," 12,476,378 "," 12,820,507 "," 13,529,100 "," 14,607,935 "," 15,661,142 "," 16,887,779 "," 17,999,835 "," 17,911,872 "," 18,848,703 ",,,,,,,,
163,Central Java,Klaten," 17,002,050 "," 18,071,351 "," 19,102,403 "," 20,241,429 "," 21,424,522 "," 22,558,976 "," 23,725,741 "," 24,993,103 "," 26,360,650 "," 27,805,994 "," 27,480,359 "," 28,531,109 ",,,,,,,,
164,Bali,Klungkung," 3,580,196 "," 3,798,863 "," 4,036,356 "," 4,280,453 "," 4,536,345 "," 4,813,393 "," 5,115,609 "," 5,387,614 "," 5,682,943 "," 5,990,940 "," 5,608,693 "," 5,595,883 ",,,,,,,,
165,South East Sulawesi ,Kolaka," 11,045,547 "," 12,644,473 "," 14,722,380 "," 13,521,675 "," 13,587,196 "," 14,476,905 "," 15,219,394 "," 16,799,890 "," 17,781,514 "," 18,873,156 "," 18,231,970 "," 18,964,435 ",,,,,,,,
166,South East Sulawesi ,Kolaka Timur, - , - , - ," 2,256,163 "," 2,455,735 "," 2,607,699 "," 2,800,746 "," 2,943,933 "," 3,084,374 "," 3,266,772 "," 3,256,576 "," 3,413,957 ",,,,,,,,
167,South East Sulawesi ,Kolaka Utara," 3,172,451 "," 3,477,622 "," 3,889,665 "," 4,228,093 "," 4,581,377 "," 4,904,226 "," 5,280,490 "," 5,598,714 "," 5,967,485 "," 6,331,382 "," 6,360,262 "," 6,529,384 ",,,,,,,,
168,South East Sulawesi ,Konawe," 4,004,281 "," 4,339,138 "," 4,757,520 "," 4,383,570 "," 4,733,358 "," 5,022,745 "," 5,300,571 "," 5,576,946 "," 6,173,935 "," 6,904,785 "," 7,380,388 "," 7,954,408 ",,,,,,,,
169,South East Sulawesi ,Konawe Kepulauan, - , - , - ," 681,546 "," 733,949 "," 791,129 "," 852,992 "," 913,548 "," 981,375 "," 1,053,579 "," 1,046,986 "," 1,071,110 ",,,,,,,,
170,South East Sulawesi ,Konawe Selatan," 4,462,860 "," 4,859,949 "," 5,346,779 "," 5,718,371 "," 6,127,460 "," 6,625,380 "," 7,086,106 "," 7,560,429 "," 7,988,722 "," 8,443,366 "," 8,256,315 "," 8,649,172 ",,,,,,,,
171,South East Sulawesi ,Konawe Utara," 1,610,764 "," 1,756,433 "," 1,907,058 "," 2,040,836 "," 2,105,153 "," 2,247,307 "," 2,374,009 "," 2,516,556 "," 2,677,018 "," 2,848,572 "," 2,828,034 "," 2,957,876 ",,,,,,,,
172,Maluku,Kota Ambon," 5,911,770 "," 6,333,577 "," 6,861,335 "," 7,274,166 "," 7,704,150 "," 8,210,004 "," 8,715,004 "," 9,252,475 "," 9,827,385 "," 10,394,972 "," 10,192,381 "," 10,607,998 ",,,,,,,,
173,East Kalimantan,Kota Balikpapan," 57,611,961 "," 60,260,221 "," 63,615,144 "," 65,907,250 "," 68,963,949 "," 69,785,745 "," 73,221,462 "," 76,032,079 "," 79,807,109 "," 83,793,414 "," 83,034,711 "," 5,974,137 ",,,,,,,,
174,Aceh,Kota Banda Aceh," 10,062,081 "," 10,518,849 "," 11,079,680 "," 11,597,228 "," 12,118,527 "," 12,724,949 "," 13,480,110 "," 13,937,101 "," 14,556,917 "," 15,157,978 "," 14,644,288 "," 15,449,901 ",,,,,,,,
175,Lampung,Kota Bandar Lampung," 22,409,557 "," 23,818,685 "," 25,403,655 "," 27,123,918 "," 29,036,173 "," 30,873,560 "," 32,859,032 "," 34,921,076 "," 37,084,488 "," 39,373,235 "," 38,632,203 "," 39,838,168 ",,,,,,,,
176,West Java,Kota Bandung," 102,154,915 "," 110,234,437 "," 119,632,250 "," 129,005,462 "," 138,960,941 "," 149,580,379 "," 161,227,832 "," 172,851,961 "," 185,084,176 "," 197,642,888 "," 193,144,954 "," 200,414,035 ",,,,,,,,
177,West Java,Kota Banjar," 2,026,316 "," 2,137,132 "," 2,250,796 "," 2,373,512 "," 2,491,637 "," 2,624,237 "," 2,772,840 "," 2,919,724 "," 3,067,110 "," 3,221,445 "," 3,251,758 "," 3,371,782 ",,,,,,,,
178,South Kalimantan,Kota Banjar Baru," 3,475,510 "," 3,683,619 "," 3,924,617 "," 4,183,368 "," 4,462,827 "," 4,771,071 "," 5,101,947 "," 5,456,867 "," 5,833,184 "," 6,232,665 "," 6,118,387 "," 5,706,508 ",,,,,,,,
179,South Kalimantan,Kota Banjarmasin," 13,067,090 "," 13,740,231 "," 14,588,857 "," 15,600,542 "," 16,553,886 "," 17,511,611 "," 18,611,319 "," 19,801,580 "," 21,065,062 "," 22,348,713 "," 21,929,240 "," 4,819,885 ",,,,,,,,
180,South Kalimantan,Kota Baru," 11,443,592 "," 12,168,987 "," 12,963,672 "," 13,640,415 "," 14,276,616 "," 14,749,943 "," 15,376,929 "," 16,148,141 "," 16,938,100 "," 17,637,051 "," 17,304,869 "," 20,905,989 ",,,,,,,,
181,Riau Islands,Kota Batam," 63,640,191 "," 68,621,399 "," 73,698,073 "," 78,991,103 "," 84,644,069 "," 90,457,744 "," 95,369,705 "," 97,862,556 "," 102,718,600 "," 108,800,353 "," 106,029,655 "," 111,068,955 ",,,,,,,,
182,East Java,Kota Batu," 6,504,388 "," 6,967,980 "," 7,473,627 "," 8,018,625 "," 8,572,129 "," 9,145,948 "," 9,750,908 "," 10,390,844 "," 11,065,989 "," 11,786,650 "," 11,025,814 "," 11,471,435 ",,,,,,,,
183,South East Sulawesi ,Kota Baubau," 3,285,316 "," 3,598,197 "," 3,951,825 "," 4,267,642 "," 4,635,827 "," 5,045,447 "," 5,450,872 "," 5,825,475 "," 6,216,222 "," 6,626,113 "," 6,572,252 "," 6,844,689 ",,,,,,,,
184,West Java,Kota Bekasi," 41,283,495 "," 43,946,084 "," 46,907,333 "," 49,741,127 "," 52,534,090 "," 55,456,075 "," 58,831,077 "," 62,202,006 "," 65,845,093 "," 69,406,530 "," 67,619,239 "," 69,796,936 ",,,,,,,,
185,Bengkulu,Kota Bengkulu," 9,004,459 "," 9,657,223 "," 10,327,321 "," 10,956,459 "," 11,627,451 "," 12,327,029 "," 13,082,472 "," 13,796,915 "," 14,552,353 "," 15,339,352 "," 15,301,488 "," 15,833,195 ",,,,,,,,
186,West Nusa Tenggara ,Kota Bima," 1,857,963 "," 1,953,159 "," 2,062,497 "," 2,177,543 "," 2,305,834 "," 2,438,487 "," 2,579,583 "," 2,751,187 "," 2,880,587 "," 3,029,041 "," 2,879,228 "," 2,939,059 ",,,,,,,,
187,North Sumatera,Kota Binjai," 4,960,425 "," 5,236,274 "," 5,553,626 "," 5,890,967 "," 6,234,288 "," 6,571,204 "," 6,935,554 "," 7,309,572 "," 7,708,593 "," 8,133,536 "," 7,984,457 "," 8,162,776 ",,,,,,,,
188,North Sulawesi ,Kota Bitung," 6,845,770 "," 7,247,816 "," 7,715,400 "," 8,229,152 "," 8,755,305 "," 9,064,842 "," 9,537,545 "," 10,127,353 "," 10,735,834 "," 11,171,831 "," 11,325,096 "," 5,706,508 ",,,,,,,,
189,East Java,Kota Blitar," 2,854,956 "," 3,038,437 "," 3,236,606 "," 3,446,832 "," 3,649,649 "," 3,856,908 "," 4,079,259 "," 4,315,015 "," 4,566,201 "," 4,832,892 "," 4,722,554 "," 4,924,572 ",,,,,,,,
190,West Java,Kota Bogor," 18,775,589 "," 19,944,168 "," 21,203,570 "," 22,484,668 "," 23,835,311 "," 25,298,604 "," 27,002,252 "," 28,654,971 "," 30,413,575 "," 32,295,729 "," 32,162,742 "," 33,372,476 ",,,,,,,,
191,West Sumatera,Kota Bukittinggi," 3,598,797 "," 3,819,054 "," 4,069,018 "," 4,324,424 "," 4,592,478 "," 4,874,255 "," 5,168,976 "," 5,483,398 "," 5,812,391 "," 6,152,077 "," 6,045,085 "," 6,263,040 ",,,,,,,,
192,Banten,Kota Cilegon," 44,676,529 "," 47,633,318 "," 51,300,206 "," 54,732,934 "," 57,261,923 "," 59,982,732 "," 62,981,047 "," 66,444,529 "," 70,502,082 "," 74,228,641 "," 73,319,125 "," 77,163,936 ",,,,,,,,
193,West Java,Kota Cimahi," 13,571,610 "," 14,318,600 "," 15,212,150 "," 16,072,355 "," 16,955,240 "," 17,876,441 "," 18,882,155 "," 19,907,130 "," 21,192,604 "," 22,856,042 "," 22,340,562 "," 23,275,779 ",,,,,,,,
194,West Java,Kota Cirebon," 10,093,709 "," 10,677,433 "," 11,309,383 "," 11,863,885 "," 12,541,219 "," 13,269,243 "," 14,077,046 "," 14,893,139 "," 15,817,178 "," 16,812,489 "," 16,648,213 "," 17,155,749 ",,,,,,,,
195,Bali,Kota Denpasar," 20,309,166 "," 21,763,406 "," 23,397,174 "," 25,026,209 "," 26,778,585 "," 28,422,698 "," 30,273,394 "," 32,105,350 "," 34,166,036 "," 36,154,417 "," 32,740,224 "," 32,439,606 ",,,,,,,,
196,West Java,Kota Depok," 26,601,854 "," 28,412,629 "," 30,703,249 "," 32,805,891 "," 35,192,762 "," 37,529,475 "," 40,263,233 "," 42,981,283 "," 45,978,885 "," 49,076,577 "," 48,135,928 "," 49,947,235 ",,,,,,,,
197,Riau,Kota Dumai," 17,495,472 "," 18,242,262 "," 18,909,846 "," 19,605,668 "," 20,132,376 "," 20,541,694 "," 21,391,569 "," 22,344,834 "," 23,538,467 "," 24,856,902 "," 24,597,988 "," 26,068,280 ",,,,,,,,
198,Gorontalo,Kota Gorontalo," 3,219,608 "," 3,470,379 "," 3,743,753 "," 4,039,670 "," 4,360,215 "," 4,675,547 "," 5,021,773 "," 5,394,643 "," 5,772,119 "," 6,173,366 "," 6,172,398 "," 6,347,376 ",,,,,,,,
199,North Sumatera,Kota Gunungsitoli," 2,016,680 "," 2,143,603 "," 2,276,148 "," 2,417,719 "," 2,564,368 "," 2,712,864 "," 2,876,340 "," 3,049,125 "," 3,232,969 "," 3,428,449 "," 3,441,648 "," 3,519,128 ",,,,,,,,
200,Jakarta Special Region,Kota Jakarta Barat," 182,020,885 "," 194,609,504 "," 208,109,600 "," 221,960,378 "," 235,186,462 "," 249,328,637 "," 264,434,926 "," 281,570,445 "," 299,452,402 "," 318,927,929 "," 316,172,607 "," 327,599,160 ",,,,,,,,
201,Jakarta Special Region,Kota Jakarta Pusat," 258,419,705 "," 276,997,678 "," 296,540,046 "," 314,562,245 "," 332,896,524 "," 355,092,532 "," 377,781,738 "," 400,474,897 "," 424,204,369 "," 452,521,529 "," 449,518,144 "," 459,971,274 ",,,,,,,,
202,Jakarta Special Region,Kota Jakarta Selatan," 241,225,134 "," 258,049,207 "," 275,317,710 "," 292,545,903 "," 310,185,286 "," 329,155,038 "," 349,251,708 "," 371,253,513 "," 394,429,958 "," 421,300,849 "," 419,257,189 "," 429,259,255 ",,,,,,,,
203,Jakarta Special Region,Kota Jakarta Timur," 186,512,337 "," 198,226,284 "," 210,383,750 "," 222,785,517 "," 236,464,308 "," 249,476,978 "," 264,810,039 "," 281,363,140 "," 298,530,651 "," 313,540,959 "," 299,515,155 "," 313,808,697 ",,,,,,,,
204,Jakarta Special Region,Kota Jakarta Utara," 203,420,850 "," 216,349,996 "," 229,401,777 "," 242,743,312 "," 256,807,476 "," 271,155,620 "," 283,654,319 "," 301,779,315 "," 320,658,348 "," 332,807,592 "," 312,100,576 "," 330,890,182 ",,,,,,,,
205,Jambi,Kota Jambi," 11,070,370 "," 11,932,756 "," 12,848,141 "," 13,939,735 "," 15,080,230 "," 15,851,954 "," 16,936,442 "," 17,728,339 "," 18,667,873 "," 19,550,812 "," 18,721,127 "," 19,494,089 ",,,,,,,,
206,Papua,Kota Jayapura," 11,330,886 "," 12,538,781 "," 13,772,288 "," 15,198,098 "," 16,746,770 "," 18,166,640 "," 19,480,404 "," 20,652,969 "," 21,778,321 "," 22,857,302 "," 22,117,777 "," 22,818,571 ",,,,,,,,
207,East Java,Kota Kediri," 57,550,591 "," 60,020,076 "," 63,185,080 "," 65,408,805 "," 69,232,890 "," 72,945,529 "," 76,988,365 "," 80,946,164 "," 85,337,679 "," 90,001,516 "," 84,374,979 "," 86,485,594 ",,,,,,,,
208,South East Sulawesi ,Kota Kendari," 8,194,900 "," 9,036,001 "," 9,926,252 "," 10,787,974 "," 11,848,051 "," 12,784,366 "," 13,935,907 "," 14,825,460 "," 15,727,055 "," 16,745,399 "," 16,527,126 "," 17,165,185 ",,,,,,,,
209,North Sulawesi ,Kota Kotamobagu," 1,339,171 "," 1,426,089 "," 1,525,280 "," 1,632,889 "," 1,742,349 "," 1,855,963 "," 1,979,106 "," 2,113,409 "," 2,254,153 "," 2,392,383 "," 2,396,955 "," 5,541,968 ",,,,,,,,
210,East Nusa Tenggara,Kota Kupang," 9,066,270 "," 9,867,236 "," 10,609,469 "," 11,373,405 "," 12,147,981 "," 12,953,369 "," 13,826,094 "," 14,770,134 "," 15,743,685 "," 16,693,920 "," 16,350,996 "," 16,569,503 ",,,,,,,,
211,Aceh,Kota Langsa," 2,609,185 "," 2,722,523 "," 2,851,123 "," 2,981,532 "," 3,107,821 "," 3,244,672 "," 3,390,390 "," 3,540,718 "," 3,694,087 "," 3,856,219 "," 3,813,195 "," 3,962,714 ",,,,,,,,
212,Aceh,Kota Lhokseumawe," 9,091,249 "," 8,873,695 "," 8,980,377 "," 8,878,224 "," 8,222,328 "," 6,550,150 "," 6,450,408 "," 6,591,663 "," 6,840,711 "," 7,112,685 "," 6,984,713 "," 7,252,905 ",,,,,,,,
213,South Sumatera,Kota Lubuklinggau," 2,606,111 "," 2,767,858 "," 2,943,698 "," 3,042,978 "," 3,234,673 "," 3,428,910 "," 3,646,066 "," 3,876,138 "," 4,106,075 "," 4,339,203 "," 4,333,666 "," 4,470,232 ",,,,,,,,
214,East Java,Kota Madiun," 6,081,207 "," 6,494,372 "," 6,937,700 "," 7,470,677 "," 7,965,268 "," 8,455,436 "," 8,954,697 "," 9,486,137 "," 10,051,290 "," 10,623,075 "," 10,055,910 "," 10,537,698 ",,,,,,,,
215,Central Java,Kota Magelang," 4,010,718 "," 4,255,662 "," 4,484,268 "," 4,755,092 "," 4,992,113 "," 5,247,341 "," 5,521,526 "," 5,820,532 "," 6,138,623 "," 6,470,540 "," 6,312,054 "," 6,513,895 ",,,,,,,,
216,South Sulawesi ,Kota Makasar," 58,556,467 "," 64,622,104 "," 70,851,035 "," 76,907,411 "," 82,592,818 "," 88,828,147 "," 95,957,638 "," 103,826,156 "," 112,568,415 "," 122,465,829 "," 120,905,752 "," 126,312,828 ",,,,,,,,
217,East Java,Kota Malang," 31,377,336 "," 33,273,670 "," 35,355,742 "," 37,547,739 "," 39,724,701 "," 41,952,126 "," 44,303,901 "," 46,824,751 "," 49,500,825 "," 52,334,750 "," 51,154,531 "," 53,309,702 ",,,,,,,,
218,North Sulawesi ,Kota Manado," 14,078,270 "," 15,176,425 "," 16,255,156 "," 17,419,698 "," 18,584,852 "," 19,773,192 "," 21,193,827 "," 22,622,640 "," 24,126,539 "," 25,585,615 "," 24,778,176 "," 4,819,885 ",,,,,,,,
219,West Nusa Tenggara ,Kota Mataram," 8,147,457 "," 8,388,999 "," 8,476,039 "," 9,149,726 "," 9,890,461 "," 10,678,172 "," 11,533,898 "," 12,464,412 "," 13,081,997 "," 13,811,864 "," 13,049,740 "," 13,475,873 ",,,,,,,,
220,North Sumatera,Kota Medan," 90,615,458 "," 97,675,579 "," 105,161,998 "," 110,795,416 "," 117,525,059 "," 124,269,931 "," 132,062,864 "," 139,739,342 "," 148,007,137 "," 156,780,581 "," 153,669,776 "," 157,689,371 ",,,,,,,,
221,Lampung,Kota Metro," 2,542,072 "," 2,695,657 "," 2,876,025 "," 3,074,122 "," 3,262,462 "," 3,453,953 "," 3,657,867 "," 3,865,010 "," 4,084,675 "," 4,312,385 "," 4,235,000 "," 4,358,386 ",,,,,,,,
222,East Java,Kota Mojokerto," 2,987,156 "," 3,165,603 "," 3,358,424 "," 3,566,667 "," 3,774,644 "," 3,991,374 "," 4,221,827 "," 4,460,445 "," 4,718,943 "," 4,985,676 "," 4,801,464 "," 4,976,490 ",,,,,,,,
223,West Sumatera,Kota Padang," 25,819,754 "," 27,427,383 "," 29,115,685 "," 31,054,497 "," 33,061,946 "," 35,180,548 "," 37,350,197 "," 39,675,729 "," 42,081,537 "," 44,456,786 "," 43,631,943 "," 45,226,642 ",,,,,,,,
224,West Sumatera,Kota Padang Panjang," 1,535,884 "," 1,632,847 "," 1,730,276 "," 1,839,183 "," 1,951,004 "," 2,066,248 "," 2,186,012 "," 2,312,713 "," 2,444,774 "," 2,580,604 "," 2,543,404 "," 2,631,378 ",,,,,,,,
225,North Sumatera,Kota Padangsidimpuan," 2,634,123 "," 2,788,163 "," 2,952,718 "," 3,124,024 "," 3,287,387 "," 3,454,243 "," 3,636,872 "," 3,830,322 "," 4,038,933 "," 4,261,316 "," 4,230,414 "," 4,346,777 ",,,,,,,,
226,South Sumatera,Kota Pagar Alam," 1,465,241 "," 1,544,662 "," 1,641,563 "," 1,735,056 "," 1,814,401 "," 1,892,910 "," 1,976,334 "," 2,071,443 "," 2,158,092 "," 2,233,768 "," 2,234,267 "," 2,332,447 ",,,,,,,,
227,Central Kalimantan,Kota Palangka Raya," 5,840,121 "," 6,264,961 "," 6,721,509 "," 7,227,379 "," 7,730,527 "," 8,286,033 "," 8,859,548 "," 9,479,166 "," 10,156,320 "," 10,884,637 "," 10,574,670 "," 107,182,552 ",,,,,,,,
228,South Sumatera,Kota Palembang," 61,145,136 "," 65,049,466 "," 70,090,314 "," 74,193,370 "," 78,091,091 "," 82,345,067 "," 87,073,354 "," 92,476,407 "," 98,471,247 "," 104,239,386 "," 103,952,690 "," 107,182,552 ",,,,,,,,
229,South Sulawesi ,Kota Palopo," 2,913,050 "," 3,143,191 "," 3,363,253 "," 3,633,005 "," 3,889,239 "," 4,140,872 "," 4,428,497 "," 4,745,900 "," 5,102,987 "," 5,447,357 "," 5,472,077 "," 5,768,275 ",,,,,,,,
230,Central Sulawesi  ,Kota Palu," 8,699,061 "," 9,462,177 "," 10,295,685 "," 11,252,679 "," 12,159,120 "," 13,100,251 "," 13,821,268 "," 14,585,805 "," 15,315,031 "," 16,180,288 "," 15,462,908 "," 5,706,508 ",,,,,,,,
231,Bangka Belitung Islands,Kota Pangkal Pinang," 5,799,503 "," 6,193,041 "," 6,571,310 "," 6,951,019 "," 7,247,497 "," 7,555,016 "," 7,945,986 "," 8,358,482 "," 8,782,789 "," 9,069,280 "," 8,797,129 "," 9,611,440 ",,,,,,,,
232,South Sulawesi ,Kota Parepare," 2,670,534 "," 2,895,482 "," 3,150,257 "," 3,400,553 "," 3,615,899 "," 3,843,716 "," 4,107,806 "," 4,394,324 "," 4,639,405 "," 4,947,790 "," 4,944,029 "," 5,162,103 ",,,,,,,,
233,West Sumatera,Kota Pariaman," 2,169,211 "," 2,297,959 "," 2,438,847 "," 2,586,703 "," 2,741,539 "," 2,900,328 "," 3,062,314 "," 3,234,235 "," 3,411,295 "," 3,592,022 "," 3,544,660 "," 3,668,979 ",,,,,,,,
234,East Java,Kota Pasuruan," 3,585,354 "," 3,810,657 "," 4,051,246 "," 4,315,124 "," 4,561,264 "," 4,813,310 "," 5,076,354 "," 5,354,089 "," 5,650,488 "," 5,964,658 "," 5,706,597 "," 5,914,585 ",,,,,,,,
235,West Sumatera,Kota Payakumbuh," 2,585,841 "," 2,764,523 "," 2,947,644 "," 3,140,905 "," 3,344,166 "," 3,551,229 "," 3,767,273 "," 3,997,854 "," 4,238,663 "," 4,488,211 "," 4,414,294 "," 4,572,192 ",,,,,,,,
236,Central Java,Kota Pekalongan," 4,624,260 "," 4,878,332 "," 5,151,814 "," 5,456,197 "," 5,755,282 "," 6,043,096 "," 6,367,273 "," 6,706,279 "," 7,087,916 "," 7,477,425 "," 7,337,834 "," 7,601,486 ",,,,,,,,
237,Riau,Kota Pekanbaru," 41,702,825 "," 44,845,770 "," 48,351,737 "," 51,053,167 "," 54,575,480 "," 57,616,753 "," 60,891,070 "," 64,619,259 "," 68,104,593 "," 72,183,556 "," 69,000,138 "," 72,619,083 ",,,,,,,,
238,North Sumatera,Kota Pematang Siantar," 5,929,878 "," 6,333,306 "," 6,753,561 "," 7,141,860 "," 7,594,429 "," 7,992,371 "," 8,380,773 "," 8,750,153 "," 9,170,186 "," 9,611,739 "," 9,430,039 "," 9,547,698 ",,,,,,,,
239,West Kalimantan,Kota Pontianak," 15,338,095 "," 16,112,644 "," 17,364,880 "," 18,724,840 "," 19,761,336 "," 20,747,495 "," 21,692,027 "," 22,881,967 "," 23,846,674 "," 24,804,699 "," 23,822,514 "," 24,920,917 ",,,,,,,,
240,South Sumatera,Kota Prabumulih," 3,025,267 "," 3,228,305 "," 3,496,880 "," 3,674,195 "," 4,097,008 "," 4,295,411 "," 4,579,642 "," 4,820,843 "," 5,101,766 "," 5,387,821 "," 5,377,927 "," 5,541,968 ",,,,,,,,
241,East Java,Kota Probolinggo," 4,921,314 "," 5,213,915 "," 5,552,085 "," 5,911,291 "," 6,261,886 "," 6,628,755 "," 7,018,291 "," 7,430,616 "," 7,871,378 "," 8,338,768 "," 8,035,267 "," 8,361,142 ",,,,,,,,
242,Aceh,Kota Sabang," 745,859 "," 774,469 "," 806,875 "," 841,006 "," 875,119 "," 912,987 "," 957,294 "," 1,015,380 "," 1,075,030 "," 1,137,557 "," 1,122,886 "," 1,152,875 ",,,,,,,,
243,Central Java,Kota Salatiga," 5,845,476 "," 6,230,219 "," 6,574,907 "," 6,989,046 "," 7,378,043 "," 7,759,182 "," 8,168,242 "," 8,624,241 "," 9,127,858 "," 9,666,446 "," 9,503,711 "," 9,821,996 ",,,,,,,,
244,East Kalimantan,Kota Samarinda," 30,711,191 "," 35,535,426 "," 35,711,573 "," 37,471,853 "," 39,506,305 "," 39,523,547 "," 39,744,723 "," 41,274,972 "," 43,323,569 "," 45,491,362 "," 45,041,329 "," 10,549,001 ",,,,,,,,
245,West Sumatera,Kota Sawah Lunto," 1,695,465 "," 1,787,814 "," 1,886,626 "," 2,001,854 "," 2,123,645 "," 2,251,781 "," 2,380,519 "," 2,517,150 "," 2,655,620 "," 2,796,536 "," 2,760,924 "," 2,829,350 ",,,,,,,,
246,Central Java,Kota Semarang," 80,824,100 "," 86,142,967 "," 91,282,029 "," 96,985,402 "," 103,109,875 "," 109,110,690 "," 115,542,561 "," 123,279,892 "," 131,266,363 "," 140,199,517 "," 137,601,980 "," 144,704,572 ",,,,,,,,
247,Banten,Kota Serang," 12,549,572 "," 13,595,691 "," 14,604,637 "," 15,670,784 "," 16,745,084 "," 17,808,478 "," 18,935,486 "," 20,153,023 "," 21,482,093 "," 22,813,096 "," 22,518,660 "," 23,392,750 ",,,,,,,,
248,North Sumatera,Kota Sibolga," 2,201,096 "," 2,324,877 "," 2,458,501 "," 2,605,010 "," 2,757,268 "," 2,913,174 "," 3,063,071 "," 3,224,577 "," 3,393,914 "," 3,570,325 "," 3,521,719 "," 3,595,704 ",,,,,,,,
249,West Kalimantan,Kota Singkawang," 4,144,241 "," 4,382,678 "," 4,678,850 "," 4,982,162 "," 5,311,802 "," 5,639,623 "," 5,930,952 "," 6,250,017 "," 6,540,220 "," 6,828,387 "," 6,657,045 "," 6,977,774 ",,,,,,,,
250,West Sumatera,Kota Solok," 1,690,850 "," 1,807,538 "," 1,929,711 "," 2,053,900 "," 2,177,369 "," 2,307,253 "," 2,440,127 "," 2,580,784 "," 2,726,707 "," 2,876,461 "," 2,835,750 "," 2,936,548 ",,,,,,,,
251,West Papua ,Kota Sorong," 4,996,507 "," 5,323,445 "," 5,837,363 "," 6,527,731 "," 7,317,729 "," 8,069,058 "," 8,799,522 "," 9,526,383 "," 10,167,677 "," 10,472,414 "," 10,133,163 "," 10,049,290 ",,,,,,,,
252,Aceh,Kota Subulussalam," 901,694 "," 940,711 "," 984,713 "," 1,033,528 "," 1,086,365 "," 1,134,379 "," 1,187,584 "," 1,246,119 "," 1,301,178 "," 1,358,688 "," 1,385,407 "," 1,438,997 ",,,,,,,,
253,West Java,Kota Sukabumi," 5,321,925 "," 5,650,624 "," 5,978,319 "," 6,301,683 "," 6,643,604 "," 6,985,333 "," 7,379,482 "," 7,780,423 "," 8,209,915 "," 8,664,017 "," 8,534,717 "," 8,851,051 ",,,,,,,,
254,Jambi,Kota Sungai Penuh," 2,592,925 "," 2,770,911 "," 2,967,372 "," 3,218,243 "," 3,460,943 "," 3,705,362 "," 3,946,467 "," 4,183,865 "," 4,388,178 "," 4,607,808 "," 4,600,226 "," 4,768,840 ",,,,,,,,
255,East Java,Kota Surabaya," 231,204,741 "," 247,686,648 "," 265,892,081 "," 286,050,731 "," 305,947,580 "," 324,215,167 "," 343,652,595 "," 364,714,819 "," 387,303,942 "," 410,879,306 "," 390,936,425 "," 407,725,825 ",,,,,,,,
256,Central Java,Kota Surakarta," 21,469,551 "," 22,848,439 "," 24,123,782 "," 25,631,681 "," 26,984,359 "," 28,453,494 "," 29,975,873 "," 31,685,480 "," 33,505,901 "," 35,441,108 "," 34,815,965 "," 36,211,248 ",,,,,,,,
257,Banten,Kota Tangerang," 66,921,378 "," 71,864,142 "," 76,945,926 "," 81,965,315 "," 86,183,523 "," 90,807,569 "," 95,654,618 "," 101,274,679 "," 106,283,617 "," 110,556,398 "," 102,415,675 "," 106,413,711 ",,,,,,,,
258,Banten,Kota Tangerang Selatan," 30,525,315 "," 33,214,823 "," 36,091,809 "," 39,251,537 "," 42,411,467 "," 45,485,614 "," 48,552,984 "," 52,098,556 "," 55,999,107 "," 60,137,015 "," 59,531,079 "," 62,393,120 ",,,,,,,,
259,North Sumatera,Kota Tanjung Balai," 3,480,523 "," 3,689,903 "," 3,919,554 "," 4,152,394 "," 4,392,585 "," 4,637,214 "," 4,904,545 "," 5,174,845 "," 5,473,631 "," 5,790,369 "," 5,763,205 "," 5,898,808 ",,,,,,,,
260,Riau Islands,Kota Tanjung Pinang," 9,141,659 "," 9,784,368 "," 10,479,812 "," 11,294,826 "," 11,891,256 "," 12,568,740 "," 13,197,815 "," 13,544,578 "," 13,979,223 "," 14,436,935 "," 13,938,235 "," 14,020,211 ",,,,,,,,
261,North Kalimantan,Kota Tarakan," 11,302,791 "," 12,601,540 "," 13,871,785 "," 14,936,159 "," 16,011,620 "," 16,794,629 "," 17,790,425 "," 19,206,122 "," 20,647,433 "," 22,232,711 "," 22,065,099 "," 22,936,538 ",,,,,,,,
262,West Java,Kota Tasikmalaya," 9,291,514 "," 9,758,072 "," 10,324,523 "," 10,961,871 "," 11,637,308 "," 12,370,623 "," 13,225,248 "," 14,027,946 "," 14,859,110 "," 15,746,124 "," 15,430,019 "," 15,980,754 ",,,,,,,,
263,North Sumatera,Kota Tebing Tinggi," 2,456,992 "," 2,608,863 "," 2,758,874 "," 2,924,754 "," 3,084,172 "," 3,235,300 "," 3,400,749 "," 3,575,505 "," 3,760,505 "," 3,954,026 "," 3,926,393 "," 4,024,777 ",,,,,,,,
264,Central Java,Kota Tegal," 6,895,713 "," 7,341,540 "," 7,650,480 "," 8,084,176 "," 8,491,325 "," 8,953,880 "," 9,445,031 "," 10,006,943 "," 10,594,340 "," 11,205,783 "," 10,949,122 "," 11,290,269 ",,,,,,,,
265,North Maluku ,Kota Ternate," 3,540,198 "," 3,881,911 "," 4,232,645 "," 4,557,416 "," 4,956,480 "," 5,357,318 "," 5,785,434 "," 6,222,307 "," 6,736,307 "," 7,274,904 "," 7,158,132 "," 7,341,325 ",,,,,,,,
266,North Maluku ,Kota Tidore Kepulauan," 1,183,792 "," 1,259,927 "," 1,339,928 "," 1,423,436 "," 1,511,188 "," 1,603,307 "," 1,687,145 "," 1,788,393 "," 1,896,239 "," 2,012,276 "," 2,033,845 "," 2,057,587 ",,,,,,,,
267,North Sulawesi ,Kota Tomohon," 1,804,312 "," 1,926,920 "," 2,060,549 "," 2,186,140 "," 2,322,073 "," 2,464,338 "," 2,565,300 "," 2,792,170 "," 2,963,090 "," 3,163,458 "," 3,150,486 "," 107,182,552 ",,,,,,,,
268,Maluku,Kota Tual," 879,817 "," 931,725 "," 1,005,343 "," 1,066,300 "," 1,132,473 "," 1,195,770 "," 1,265,188 "," 1,337,784 "," 1,417,790 "," 1,501,016 "," 1,498,282 "," 1,551,947 ",,,,,,,,
269,Special Region Yogyakarta ,Kota Yogyakarta," 17,202,154 "," 18,206,090 "," 19,189,075 "," 20,239,558 "," 21,307,764 "," 22,393,012 "," 23,536,288 "," 24,768,426 "," 26,127,217 "," 27,685,287 "," 27,016,498 "," 28,409,758 ",,,,,,,,
270,Central Kalimantan,Kotawaringin Barat," 7,179,474 "," 7,722,195 "," 8,239,294 "," 8,815,084 "," 9,423,200 "," 10,113,253 "," 10,704,712 "," 11,432,689 "," 12,173,281 "," 12,877,636 "," 13,004,270 "," 10,116,558 ",,,,,,,,
271,Central Kalimantan,Kotawaringin Timur," 9,686,961 "," 10,376,015 "," 11,103,679 "," 11,968,352 "," 12,851,016 "," 13,835,998 "," 14,932,757 "," 16,118,192 "," 17,234,265 "," 18,457,366 "," 17,893,093 "," 20,905,989 ",,,,,,,,
272,Riau,Kuantan Singingi," 16,614,473 "," 17,307,006 "," 18,333,199 "," 19,336,934 "," 20,331,155 "," 19,896,348 "," 20,669,805 "," 21,574,015 "," 22,579,116 "," 23,613,565 "," 23,853,041 "," 24,747,633 ",,,,,,,,
273,West Kalimantan,Kubu Raya," 10,600,277 "," 11,294,016 "," 12,040,889 "," 12,822,540 "," 13,628,071 "," 14,493,652 "," 15,416,533 "," 16,424,299 "," 17,287,111 "," 18,268,641 "," 17,831,725 "," 18,754,974 ",,,,,,,,
274,Central Java,Kudus," 52,933,496 "," 55,175,795 "," 57,440,811 "," 59,944,557 "," 62,600,681 "," 65,029,938 "," 66,679,583 "," 68,821,162 "," 71,048,973 "," 73,241,778 "," 70,964,725 "," 69,872,178 ",,,,,,,,
275,Special Region Yogyakarta,Kulon Progo," 5,033,074 "," 5,246,147 "," 5,475,148 "," 5,741,660 "," 6,004,316 "," 6,281,896 "," 6,580,677 "," 6,973,406 "," 7,728,409 "," 8,770,750 "," 8,468,294 "," 8,838,140 ",,,,,,,,
276,West Java,Kuningan," 9,819,541 "," 10,371,175 "," 10,962,964 "," 11,648,539 "," 12,385,382 "," 13,175,672 "," 13,977,774 "," 14,866,619 "," 15,821,965 "," 16,864,147 "," 16,882,759 "," 17,483,555 ",,,,,,,,
277,East Nusa Tenggara,Kupang," 3,107,880 "," 3,257,068 "," 3,421,350 "," 3,594,755 "," 3,778,244 "," 3,968,939 "," 4,159,666 "," 4,371,881 "," 4,595,316 "," 4,791,677 "," 4,754,944 "," 4,885,924 ",,,,,,,,
278,East Kalimantan,Kutai Barat," 12,795,504 "," 15,165,883 "," 18,045,834 "," 18,558,606 "," 18,906,634 "," 18,623,397 "," 18,468,160 "," 19,139,864 "," 20,108,762 "," 21,253,825 "," 20,644,379 "," 20,905,989 ",,,,,,,,
279,East Kalimantan,Kutai Kartanegara," 121,348,880 "," 123,191,976 "," 129,958,165 "," 130,010,301 "," 128,610,623 "," 119,388,780 "," 117,035,580 "," 118,943,987 "," 121,509,479 "," 126,272,372 "," 120,953,677 "," 44,236,766 ",,,,,,,,
280,East Kalimantan,Kutai Timur," 59,132,112 "," 69,528,391 "," 77,552,440 "," 80,730,972 "," 83,496,499 "," 84,689,772 "," 83,771,694 "," 86,520,250 "," 88,582,490 "," 95,815,407 "," 92,868,683 "," 13,037,365 ",,,,,,,,
281,North Sumatera,Labuhan Batu," 14,526,190 "," 15,355,408 "," 16,289,976 "," 17,263,412 "," 18,165,102 "," 19,080,995 "," 20,046,019 "," 21,048,166 "," 22,112,344 "," 23,232,708 "," 23,252,746 "," 24,147,560 ",,,,,,,,
282,North Sumatera,Labuhan Batu Selatan," 11,554,525 "," 12,249,546 "," 13,024,493 "," 13,812,089 "," 14,546,122 "," 15,294,507 "," 16,088,420 "," 16,907,586 "," 17,797,949 "," 18,750,156 "," 18,899,308 "," 19,620,408 ",,,,,,,,
283,North Sumatera,Labuhan Batu Utara," 10,567,656 "," 11,262,258 "," 11,978,436 "," 12,729,036 "," 13,414,527 "," 14,109,369 "," 14,843,994 "," 15,602,046 "," 16,413,326 "," 17,259,189 "," 17,306,591 "," 17,969,257 ",,,,,,,,
284,South Sumatera,Lahat," 8,514,045 "," 9,003,712 "," 9,479,394 "," 9,937,386 "," 10,318,701 "," 10,539,019 "," 10,786,005 "," 11,265,294 "," 11,723,719 "," 12,382,331 "," 12,427,420 "," 13,037,365 ",,,,,,,,
285,Central Kalimantan,Lamandau," 2,076,760 "," 2,204,959 "," 2,358,678 "," 2,523,704 "," 2,699,773 "," 2,882,153 "," 3,074,911 "," 3,280,864 "," 3,505,611 "," 3,746,507 "," 3,815,647 "," 20,767,642 ",,,,,,,,
286,East Java,Lamongan," 16,275,241 "," 17,360,487 "," 18,562,695 "," 19,848,838 "," 21,099,937 "," 22,316,878 "," 23,623,792 "," 24,922,951 "," 26,279,772 "," 27,706,155 "," 26,972,650 "," 27,896,543 ",,,,,,,,
287,Lampung,Lampung Barat," 4,941,600 "," 5,271,085 "," 3,440,999 "," 3,677,316 "," 3,881,888 "," 4,088,443 "," 4,293,421 "," 4,509,536 "," 4,738,863 "," 4,984,129 "," 4,926,295 "," 5,051,879 ",,,,,,,,
288,Lampung,Lampung Selatan," 18,535,506 "," 19,613,120 "," 20,782,043 "," 22,113,698 "," 23,396,573 "," 24,654,678 "," 25,942,709 "," 27,359,533 "," 28,791,436 "," 30,267,878 "," 29,743,296 "," 30,517,398 ",,,,,,,,
289,Lampung,Lampung Tengah," 29,113,812 "," 30,867,150 "," 32,702,372 "," 34,815,762 "," 36,794,367 "," 38,773,799 "," 40,949,374 "," 43,107,049 "," 45,406,224 "," 47,836,745 "," 47,347,969 "," 48,710,038 ",,,,,,,,
290,Lampung,Lampung Timur," 19,496,113 "," 20,582,085 "," 21,455,319 "," 23,378,060 "," 24,049,295 "," 25,151,473 "," 26,292,188 "," 27,496,840 "," 28,518,177 "," 29,599,687 "," 28,931,291 "," 29,001,371 ",,,,,,,,
291,Lampung,Lampung Utara," 10,181,182 "," 10,729,166 "," 11,333,804 "," 12,065,942 "," 12,765,479 "," 13,458,839 "," 14,145,712 "," 14,882,707 "," 15,672,526 "," 16,508,060 "," 16,269,344 "," 16,727,892 ",,,,,,,,
292,West Kalimantan,Landak," 4,489,725 "," 4,711,889 "," 4,967,088 "," 5,225,512 "," 5,483,210 "," 5,763,419 "," 6,067,561 "," 6,381,212 "," 6,694,979 "," 7,022,009 "," 6,972,047 "," 7,312,562 ",,,,,,,,
293,North Sumatera,Langkat," 18,386,005 "," 19,594,735 "," 20,858,680 "," 22,029,479 "," 23,157,118 "," 24,321,606 "," 25,533,810 "," 26,822,599 "," 28,170,078 "," 29,597,772 "," 29,343,256 "," 30,247,389 ",,,,,,,,
294,Papua,Lanny Jaya," 498,884 "," 647,298 "," 757,441 "," 820,402 "," 881,519 "," 939,698 "," 994,264 "," 1,047,837 "," 1,103,035 "," 1,159,952 "," 1,180,648 "," 1,202,144 ",,,,,,,,
295,Banten,Lebak," 12,572,538 "," 13,325,629 "," 14,006,209 "," 14,887,984 "," 15,756,247 "," 16,733,238 "," 17,665,397 "," 18,683,739 "," 19,735,871 "," 20,810,487 "," 20,622,044 "," 21,278,485 ",,,,,,,,
296,Bengkulu,Lebong," 1,342,273 "," 1,417,156 "," 1,494,128 "," 1,576,902 "," 1,662,639 "," 1,745,574 "," 1,835,673 "," 1,927,480 "," 2,023,990 "," 2,124,500 "," 2,126,720 "," 2,192,263 ",,,,,,,,
297,East Nusa Tenggara,Lembata," 755,078 "," 792,014 "," 829,785 "," 870,917 "," 915,269 "," 960,858 "," 1,006,568 "," 1,057,246 "," 1,110,482 "," 1,166,976 "," 1,162,838 "," 1,179,531 ",,,,,,,,
298,West Sumatera,Lima Puluh Kota," 6,785,536 "," 7,230,367 "," 7,675,031 "," 8,152,906 "," 8,640,817 "," 9,125,377 "," 9,611,265 "," 10,123,648 "," 10,653,261 "," 11,192,423 "," 11,062,317 "," 11,430,808 ",,,,,,,,
299,Riau Islands,Lingga," 1,857,723 "," 1,981,219 "," 2,111,652 "," 2,256,829 "," 2,373,208 "," 2,429,747 "," 2,529,106 "," 2,682,784 "," 2,790,122 "," 2,934,663 "," 2,914,597 "," 2,971,547 ",,,,,,,,
300,West Nusa Tenggara ,Lombok Barat," 7,011,320 "," 7,435,386 "," 7,827,193 "," 8,238,698 "," 8,708,308 "," 9,264,355 "," 9,792,221 "," 10,432,306 "," 10,491,747 "," 10,894,637 "," 10,128,301 "," 10,472,207 ",,,,,,,,
301,West Nusa Tenggara ,Lombok Tengah," 6,833,070 "," 7,577,200 "," 8,616,439 "," 9,153,911 "," 9,728,881 "," 10,274,089 "," 10,854,980 "," 11,553,465 "," 11,916,532 "," 12,398,520 "," 11,571,001 "," 12,037,484 ",,,,,,,,
302,West Nusa Tenggara ,Lombok Timur," 9,083,426 "," 9,649,656 "," 10,173,536 "," 10,734,563 "," 11,249,576 "," 11,916,957 "," 12,540,498 "," 13,323,965 "," 13,777,049 "," 14,424,040 "," 13,974,016 "," 14,410,103 ",,,,,,,,
303,West Nusa Tenggara ,Lombok Utara," 2,369,373 "," 2,495,979 "," 2,597,798 "," 2,704,665 "," 2,828,842 "," 2,966,670 "," 3,121,615 "," 3,313,322 "," 3,284,658 "," 3,477,127 "," 3,217,773 "," 3,262,163 ",,,,,,,,
304,East Java,Lumajang," 14,260,061 "," 15,144,384 "," 16,053,388 "," 16,949,583 "," 17,851,857 "," 18,676,946 "," 19,555,168 "," 20,542,931 "," 21,569,781 "," 22,563,390 "," 21,933,792 "," 22,623,402 ",,,,,,,,
305,South Sulawesi ,Luwu," 5,123,992 "," 5,528,311 "," 5,915,103 "," 6,372,701 "," 6,934,030 "," 7,437,417 "," 8,023,365 "," 8,567,872 "," 9,155,576 "," 9,728,969 "," 9,855,911 "," 10,449,750 ",,,,,,,,
306,South Sulawesi ,Luwu Timur," 11,834,164 "," 11,326,591 "," 11,963,256 "," 12,717,285 "," 13,748,018 "," 14,631,059 "," 14,862,311 "," 15,318,717 "," 15,837,801 "," 16,022,945 "," 16,256,902 "," 16,030,502 ",,,,,,,,
307,South Sulawesi ,Luwu Utara," 4,255,588 "," 4,597,714 "," 4,910,997 "," 5,274,161 "," 5,739,508 "," 6,122,220 "," 6,580,897 "," 7,081,166 "," 7,675,197 "," 8,221,199 "," 8,172,740 "," 8,491,499 ",,,,,,,,
308,East Java,Madiun," 8,119,750 "," 8,608,681 "," 9,135,698 "," 9,654,149 "," 10,169,722 "," 10,704,873 "," 11,268,898 "," 11,879,337 "," 12,485,008 "," 13,161,840 "," 13,146,119 "," 13,582,732 ",,,,,,,,
309,Central Java,Magelang," 14,363,231 "," 15,323,039 "," 16,071,143 "," 17,020,756 "," 17,936,288 "," 18,864,652 "," 19,882,244 "," 20,974,801 "," 22,082,796 "," 23,253,154 "," 22,865,152 "," 23,661,713 ",,,,,,,,
310,East Java,Magetan," 8,277,787 "," 8,744,765 "," 9,251,243 "," 9,792,635 "," 10,291,684 "," 10,823,919 "," 11,398,131 "," 11,978,058 "," 12,602,600 "," 13,237,473 "," 13,020,891 "," 13,417,032 ",,,,,,,,
311,East Kalimantan,Mahakam Ulu," 1,145,033 "," 1,226,675 "," 1,350,082 "," 1,359,366 "," 1,426,530 "," 1,473,862 "," 1,524,135 "," 1,589,557 "," 1,675,319 "," 1,767,805 "," 1,763,933 "," 20,767,642 ",,,,,,,,
312,West Java,Majalengka," 12,883,188 "," 13,490,257 "," 14,307,427 "," 15,012,894 "," 15,750,655 "," 16,590,928 "," 17,591,793 "," 18,789,488 "," 20,006,879 "," 21,561,720 "," 21,754,535 "," 22,787,904 ",,,,,,,,
313,West Sulawesi,Majene," 2,075,030 "," 2,236,179 "," 2,401,042 "," 2,534,285 "," 2,669,800 "," 2,822,304 "," 2,992,318 "," 3,180,583 "," 3,373,362 "," 3,572,164 "," 3,522,822 "," 3,597,746 ",,,,,,,,
314,East Nusa Tenggara,Malaka," 1,210,729 "," 1,253,245 "," 1,312,588 "," 1,386,773 "," 1,457,214 "," 1,528,581 "," 1,605,274 "," 1,687,344 "," 1,773,640 "," 1,860,499 "," 1,879,143 "," 1,915,738 ",,,,,,,,
315,East Java,Malang," 41,342,862 "," 44,091,326 "," 47,075,964 "," 49,571,724 "," 52,550,417 "," 55,317,822 "," 58,247,345 "," 61,408,929 "," 64,819,045 "," 68,379,670 "," 66,545,473 "," 68,619,103 ",,,,,,,,
316,North Kalimantan,Malinau," 4,707,728 "," 4,894,692 "," 5,101,644 "," 5,691,020 "," 6,217,220 "," 6,449,005 "," 6,577,519 "," 6,971,531 "," 7,374,488 "," 7,849,495 "," 7,807,638 "," 8,159,294 ",,,,,,,,
317,Maluku,Maluku Barat Daya," 607,041 "," 641,342 "," 688,976 "," 732,570 "," 831,199 "," 841,627 "," 892,499 "," 946,842 "," 1,004,883 "," 1,065,109 "," 1,063,726 "," 1,270,170 ",,,,,,,,
318,Maluku,Maluku Tengah," 3,532,297 "," 3,723,094 "," 3,980,225 "," 4,167,896 "," 4,429,045 "," 4,666,261 "," 4,943,328 "," 5,230,455 "," 5,539,977 "," 5,863,228 "," 5,840,036 "," 6,033,666 ",,,,,,,,
319,Maluku,Maluku Tenggara," 1,166,818 "," 1,236,580 "," 1,323,969 "," 1,400,550 "," 1,487,036 "," 1,570,945 "," 1,660,713 "," 1,758,913 "," 1,862,197 "," 1,971,226 "," 1,966,827 "," 2,034,041 ",,,,,,,,
320,Maluku,Maluku Tenggara Barat," 980,554 "," 1,050,741 "," 1,127,429 "," 1,185,489 "," 1,262,251 "," 1,338,343 "," 1,417,196 "," 1,500,791 "," 1,590,726 "," 1,685,816 "," 1,685,318 "," 1,749,807 ",,,,,,,,
321,West Sulawesi,Mamasa," 1,307,272 "," 1,404,128 "," 1,497,898 "," 1,573,262 "," 1,650,695 "," 1,761,840 "," 1,881,278 "," 1,995,426 "," 2,116,205 "," 2,240,362 "," 2,211,836 "," 2,256,109 ",,,,,,,,
322,Papua,Mamberamo Raya," 473,786 "," 533,248 "," 594,980 "," 649,545 "," 712,657 "," 786,064 "," 849,544 "," 904,347 "," 957,669 "," 1,013,951 "," 1,017,225 "," 1,029,867 ",,,,,,,,
323,Papua,Mamberamo Tengah," 366,681 "," 408,109 "," 475,014 "," 526,754 "," 573,089 "," 609,494 "," 644,351 "," 680,834 "," 715,595 "," 750,946 "," 758,149 "," 769,368 ",,,,,,,,
324,West Sulawesi,Mamuju," 4,164,030 "," 4,637,588 "," 5,097,710 "," 5,528,211 "," 6,012,403 "," 6,469,546 "," 6,974,983 "," 7,470,710 "," 7,921,239 "," 8,335,093 "," 8,143,996 "," 8,335,009 ",,,,,,,,
325,West Sulawesi,Mamuju Tengah," 1,286,378 "," 1,401,639 "," 1,520,156 "," 1,603,343 "," 1,698,376 "," 1,812,679 "," 1,902,194 "," 2,005,783 "," 2,120,421 "," 2,230,792 "," 2,207,932 "," 2,279,812 ",,,,,,,,
326,West Sulawesi,Mamuju Utara," 3,411,865 "," 3,931,211 "," 4,395,175 "," 4,757,693 "," 5,537,902 "," 6,014,620 "," 6,257,307 "," 6,655,775 "," 7,006,928 "," 7,315,336 "," 7,115,905 "," 7,384,670 ",,,,,,,,
327,North Sumatera,Mandailing Natal," 5,508,500 "," 5,844,309 "," 6,210,821 "," 6,606,444 "," 7,034,925 "," 7,471,718 "," 7,933,133 "," 8,416,496 "," 8,904,141 "," 9,376,465 "," 9,288,652 "," 9,585,899 ",,,,,,,,
328,East Nusa Tenggara,Manggarai," 1,918,078 "," 2,021,940 "," 2,128,578 "," 2,244,198 "," 2,358,864 "," 2,476,809 "," 2,602,833 "," 2,735,434 "," 2,874,675 "," 3,018,302 "," 2,991,317 "," 3,064,117 ",,,,,,,,
329,East Nusa Tenggara,Manggarai Barat," 1,512,762 "," 1,556,905 "," 1,616,460 "," 1,689,036 "," 1,757,868 "," 1,836,049 "," 1,925,390 "," 2,023,755 "," 2,129,514 "," 2,247,442 "," 2,267,583 "," 2,296,736 ",,,,,,,,
330,East Nusa Tenggara,Manggarai Timur," 1,286,598 "," 1,345,471 "," 1,426,237 "," 1,502,450 "," 1,581,649 "," 1,662,327 "," 1,747,253 "," 1,836,076 "," 1,927,956 "," 2,023,557 "," 2,040,013 "," 2,087,113 ",,,,,,,,
331,West Papua ,Manokwari," 4,131,905 "," 4,358,814 "," 4,233,729 "," 4,674,189 "," 5,076,037 "," 5,449,616 "," 5,844,724 "," 6,256,363 "," 6,579,067 "," 6,815,964 "," 6,388,756 "," 6,624,674 ",,,,,,,,
332,West Papua ,Manokwari Selatan, - , - ," 411,086 "," 433,285 "," 458,418 "," 479,460 "," 502,570 "," 524,895 "," 548,389 "," 595,221 "," 578,446 "," 585,579 ",,,,,,,,
333,Papua,Mappi," 1,081,636 "," 1,134,226 "," 1,199,346 "," 1,261,827 "," 1,366,024 "," 1,459,655 "," 1,560,701 "," 1,670,468 "," 1,775,917 "," 1,884,399 "," 1,860,729 "," 1,897,018 ",,,,,,,,
334,South Sulawesi ,Maros," 7,315,450 "," 8,137,588 "," 9,044,514 "," 9,612,262 "," 10,066,824 "," 10,916,729 "," 11,953,999 "," 12,768,318 "," 13,558,738 "," 13,726,283 "," 12,233,659 "," 12,400,617 ",,,,,,,,
335,West Papua ,Maybrat," 288,031 "," 299,410 "," 312,617 "," 329,023 "," 349,839 "," 369,120 "," 392,746 "," 418,492 "," 444,035 "," 468,190 "," 462,339 "," 467,690 ",,,,,,,,
336,West Kalimantan,Melawi," 2,206,012 "," 2,300,215 "," 2,443,379 "," 2,561,910 "," 2,683,210 "," 2,809,295 "," 2,942,746 "," 3,081,202 "," 3,242,894 "," 3,385,816 "," 3,348,107 "," 3,500,136 ",,,,,,,,
337,Jambi,Merangin," 5,829,192 "," 6,251,806 "," 6,649,791 "," 7,078,931 "," 7,583,449 "," 7,992,841 "," 8,489,685 "," 8,947,144 "," 9,388,237 "," 9,787,464 "," 9,863,652 "," 10,380,348 ",,,,,,,,
338,Papua,Merauke," 5,393,465 "," 5,718,585 "," 6,133,228 "," 6,654,125 "," 7,169,283 "," 7,662,491 "," 8,249,368 "," 8,864,810 "," 9,583,662 "," 10,307,373 "," 10,209,567 "," 10,359,466 ",,,,,,,,
339,Lampung,Mesuji," 4,370,085 "," 4,585,332 "," 4,840,754 "," 5,139,856 "," 5,432,257 "," 5,716,226 "," 6,008,002 "," 6,320,643 "," 6,655,528 "," 7,005,862 "," 6,911,118 "," 7,107,313 ",,,,,,,,
340,Papua,Mimika," 62,645,717 "," 52,396,570 "," 49,348,075 "," 54,028,312 "," 53,731,052 "," 57,214,520 "," 64,942,380 "," 67,336,614 "," 74,249,680 "," 45,651,025 "," 50,871,588 "," 69,619,713 ",,,,,,,,
341,North Sulawesi ,Minahasa," 6,888,256 "," 7,317,099 "," 7,794,591 "," 8,277,510 "," 8,806,209 "," 9,349,470 "," 9,915,909 "," 10,517,441 "," 11,159,065 "," 11,805,487 "," 11,685,361 "," 20,905,989 ",,,,,,,,
342,North Sulawesi ,Minahasa Selatan," 3,649,941 "," 3,789,757 "," 4,022,085 "," 4,287,794 "," 4,575,078 "," 4,863,501 "," 5,110,815 "," 5,444,337 "," 5,775,770 "," 6,120,453 "," 6,073,028 "," 14,032,621 ",,,,,,,,
343,North Sulawesi ,Minahasa Tenggara," 2,131,968 "," 2,234,172 "," 2,375,259 "," 2,527,706 "," 2,693,963 "," 2,863,530 "," 3,044,362 "," 3,238,028 "," 3,432,323 "," 3,637,719 "," 3,614,410 "," 10,549,001 ",,,,,,,,
344,North Sulawesi ,Minahasa Utara," 5,164,568 "," 5,516,996 "," 5,909,893 "," 6,318,071 "," 6,791,620 "," 7,269,077 "," 7,781,694 "," 8,288,058 "," 8,819,578 "," 9,379,228 "," 9,295,281 "," 46,128,991 ",,,,,,,,
345,East Java,Mojokerto," 34,147,054 "," 36,405,767 "," 39,047,317 "," 41,608,427 "," 44,291,995 "," 46,792,327 "," 49,360,594 "," 52,187,821 "," 55,256,608 "," 58,467,148 "," 57,818,423 "," 60,198,699 ",,,,,,,,
346,Central Sulawesi  ,Morowali," 3,370,768 "," 4,101,979 "," 5,011,999 "," 6,203,582 "," 6,208,893 "," 10,419,752 "," 11,714,403 "," 13,363,839 "," 28,358,402 "," 34,102,749 "," 43,902,294 "," 44,236,766 ",,,,,,,,
347,Central Sulawesi  ,Morowali Utara," 3,212,976 "," 3,871,375 "," 4,593,790 "," 5,447,597 "," 5,472,561 "," 5,867,309 "," 6,205,261 "," 6,578,530 "," 7,691,893 "," 8,090,233 "," 8,071,784 "," 4,819,885 ",,,,,,,,
348,South Sumatera,Muara Enim," 21,696,029 "," 24,359,396 "," 26,374,751 "," 28,158,761 "," 29,041,805 "," 31,254,503 "," 33,372,447 "," 35,761,989 "," 38,854,437 "," 41,581,529 "," 41,594,540 "," 44,236,766 ",,,,,,,,
349,Jambi,Muaro Jambi," 9,348,168 "," 10,134,022 "," 10,866,516 "," 11,643,599 "," 12,578,253 "," 13,238,011 "," 13,964,192 "," 14,655,059 "," 15,389,568 "," 16,126,716 "," 16,183,857 "," 16,825,148 ",,,,,,,,
350,Bengkulu,Mukomuko," 2,030,152 "," 2,146,562 "," 2,280,578 "," 2,425,616 "," 2,571,338 "," 2,713,894 "," 2,865,597 "," 3,014,864 "," 3,166,013 "," 3,325,258 "," 3,327,345 "," 3,438,683 ",,,,,,,,
351,South East Sulawesi ,Muna," 3,783,703 "," 4,091,086 "," 4,412,369 "," 4,706,940 "," 3,829,790 "," 4,103,776 "," 4,353,331 "," 4,572,073 "," 4,808,111 "," 5,068,037 "," 5,068,449 "," 5,228,746 ",,,,,,,,
352,South East Sulawesi ,Muna Barat, - , - , - , - ," 1,326,541 "," 1,433,663 "," 1,537,091 "," 1,618,722 "," 1,725,893 "," 1,843,099 "," 1,850,884 "," 1,924,088 ",,,,,,,,
353,Central Kalimantan,Murung Raya," 3,379,392 "," 3,639,679 "," 3,887,841 "," 4,140,133 "," 4,382,508 "," 4,684,225 "," 4,953,891 "," 5,244,659 "," 5,538,869 "," 5,868,031 "," 5,724,088 "," 5,706,508 ",,,,,,,,
354,South Sumatera,Musi Banyuasin," 31,753,929 "," 32,904,809 "," 35,290,936 "," 36,683,309 "," 38,397,525 "," 39,278,559 "," 40,128,976 "," 41,341,255 "," 42,670,207 "," 44,620,400 "," 44,604,660 "," 46,128,991 ",,,,,,,,
355,South Sumatera,Musi Rawas," 9,062,375 "," 9,167,471 "," 9,245,287 "," 9,788,566 "," 10,510,076 "," 11,049,704 "," 11,629,973 "," 12,214,770 "," 12,921,706 "," 13,680,637 "," 13,712,553 "," 14,032,621 ",,,,,,,,
356,South Sumatera,Musi Rawas Utara," 3,807,452 "," 4,001,169 "," 4,104,389 "," 4,190,448 "," 4,606,176 "," 4,760,112 "," 4,888,804 "," 5,116,027 "," 5,331,251 "," 5,552,591 "," 5,573,365 "," 5,706,508 ",,,,,,,,
357,Papua,Nabire," 4,098,479 "," 4,392,553 "," 4,723,159 "," 5,161,206 "," 5,530,231 "," 5,946,203 "," 6,350,071 "," 6,737,171 "," 7,124,941 "," 7,457,289 "," 7,355,884 "," 7,655,169 ",,,,,,,,
358,Aceh,Nagan Raya," 4,573,878 "," 4,693,588 "," 4,867,307 "," 5,032,698 "," 5,204,812 "," 5,422,070 "," 5,641,779 "," 5,864,576 "," 6,116,409 "," 6,530,497 "," 6,749,947 "," 7,037,421 ",,,,,,,,
359,East Nusa Tenggara,Nagekeo," 917,295 "," 957,727 "," 1,000,189 "," 1,045,601 "," 1,093,552 "," 1,143,940 "," 1,196,136 "," 1,253,904 "," 1,313,440 "," 1,371,266 "," 1,378,043 "," 1,406,750 ",,,,,,,,
360,Riau Islands,Natuna," 11,243,936 "," 11,534,201 "," 12,437,319 "," 13,009,832 "," 13,585,407 "," 14,115,266 "," 14,538,929 "," 14,665,423 "," 15,036,091 "," 15,299,355 "," 14,642,750 "," 14,645,400 ",,,,,,,,
361,Papua,Nduga," 358,295 "," 407,150 "," 473,518 "," 526,841 "," 576,780 "," 621,272 "," 663,066 "," 711,120 "," 751,960 "," 788,338 "," 793,769 "," 815,251 ",,,,,,,,
362,East Nusa Tenggara,Ngada," 1,465,146 "," 1,545,728 "," 1,641,787 "," 1,725,296 "," 1,808,628 "," 1,893,450 "," 1,991,671 "," 2,094,624 "," 2,199,288 "," 2,309,363 "," 2,310,191 "," 2,336,240 ",,,,,,,,
363,East Java,Nganjuk," 11,405,446 "," 12,061,174 "," 12,766,978 "," 13,455,993 "," 14,142,880 "," 14,875,351 "," 15,661,814 "," 16,485,624 "," 17,373,258 "," 18,304,205 "," 17,990,365 "," 18,640,685 ",,,,,,,,
364,East Java,Ngawi," 8,456,701 "," 8,973,260 "," 9,568,215 "," 10,094,007 "," 10,680,976 "," 11,223,116 "," 11,807,561 "," 12,406,435 "," 13,052,301 "," 13,710,886 "," 13,479,742 "," 13,823,456 ",,,,,,,,
365,North Sumatera,Nias," 1,562,117 "," 1,671,211 "," 1,776,049 "," 1,888,759 "," 1,997,750 "," 2,108,036 "," 2,214,153 "," 2,325,014 "," 2,440,159 "," 2,563,028 "," 2,609,140 "," 2,666,855 ",,,,,,,,
366,North Sumatera,Nias Barat," 777,765 "," 823,937 "," 877,934 "," 923,285 "," 973,757 "," 1,024,926 "," 1,074,476 "," 1,126,195 "," 1,179,915 "," 1,236,729 "," 1,257,279 "," 1,285,700 ",,,,,,,,
367,North Sumatera,Nias Selatan," 2,802,768 "," 2,923,111 "," 3,074,457 "," 3,217,400 "," 3,356,389 "," 3,505,189 "," 3,659,768 "," 3,826,617 "," 4,018,741 "," 4,221,037 "," 4,246,834 "," 4,332,626 ",,,,,,,,
368,North Sumatera,Nias Utara," 1,451,674 "," 1,549,732 "," 1,645,926 "," 1,750,246 "," 1,853,285 "," 1,954,122 "," 2,043,913 "," 2,134,490 "," 2,228,746 "," 2,332,436 "," 2,369,358 "," 2,417,196 ",,,,,,,,
369,North Kalimantan,Nunukan," 8,721,438 "," 9,520,796 "," 10,373,325 "," 11,183,818 "," 12,299,816 "," 12,630,457 "," 13,088,621 "," 13,976,751 "," 14,854,588 "," 15,861,820 "," 15,708,371 "," 16,342,236 ",,,,,,,,
370,South Sumatera,Ogan Ilir," 4,407,122 "," 4,740,501 "," 5,121,358 "," 5,492,925 "," 5,858,661 "," 6,118,421 "," 6,432,457 "," 6,763,040 "," 7,113,262 "," 7,482,609 "," 7,492,938 "," 7,769,743 ",,,,,,,,
371,South Sumatera,Ogan Komering Ilir," 12,492,887 "," 13,354,396 "," 14,230,588 "," 15,135,833 "," 15,902,815 "," 16,667,049 "," 17,412,458 "," 18,301,922 "," 19,205,727 "," 20,180,568 "," 20,228,214 "," 20,905,989 ",,,,,,,,
372,South Sumatera,Ogan Komering Ulu," 6,629,769 "," 7,007,377 "," 7,376,007 "," 7,704,610 "," 7,987,733 "," 8,230,963 "," 8,556,797 "," 8,904,371 "," 9,339,334 "," 9,867,729 "," 9,866,721 "," 10,116,558 ",,,,,,,,
373,South Sumatera,Ogan Komering Ulu Selatan," 3,663,702 "," 3,854,386 "," 4,056,975 "," 4,267,954 "," 4,503,085 "," 4,707,443 "," 4,951,559 "," 5,175,052 "," 5,436,556 "," 5,712,922 "," 5,734,087 "," 5,974,137 ",,,,,,,,
374,South Sumatera,Ogan Komering Ulu Timur," 6,096,981 "," 6,485,138 "," 6,951,884 "," 7,435,450 "," 7,821,860 "," 8,294,869 "," 8,806,819 "," 9,103,285 "," 9,493,389 "," 10,043,968 "," 10,081,032 "," 10,549,001 ",,,,,,,,
375,East Java,Pacitan," 6,817,397 "," 7,246,187 "," 7,705,011 "," 8,157,590 "," 8,582,201 "," 9,019,541 "," 9,489,690 "," 9,962,505 "," 10,507,367 "," 11,040,775 "," 10,837,866 "," 11,107,402 ",,,,,,,,
376,North Sumatera,Padang Lawas," 4,730,403 "," 5,020,056 "," 5,332,021 "," 5,659,618 "," 5,997,314 "," 6,341,529 "," 6,725,983 "," 7,110,251 "," 7,534,296 "," 7,959,305 "," 8,053,495 "," 8,362,135 ",,,,,,,,
377,North Sumatera,Padang Lawas Utara," 4,865,142 "," 5,199,649 "," 5,531,488 "," 5,871,514 "," 6,228,348 "," 6,598,599 "," 6,991,662 "," 7,378,984 "," 7,791,052 "," 8,228,453 "," 8,322,506 "," 8,593,639 ",,,,,,,,
378,West Sumatera,Padang Pariaman," 8,269,850 "," 8,754,039 "," 9,273,827 "," 9,848,845 "," 10,444,264 "," 11,085,451 "," 11,697,040 "," 12,350,187 "," 13,021,888 "," 13,334,925 "," 11,939,479 "," 12,195,748 ",,,,,,,,
379,North Sumatera,Pakpak Bharat," 506,986 "," 537,566 "," 569,861 "," 603,548 "," 639,390 "," 677,433 "," 717,891 "," 760,553 "," 805,009 "," 852,299 "," 850,790 "," 872,403 ",,,,,,,,
380,East Java,Pamekasan," 6,994,188 "," 7,429,359 "," 7,894,002 "," 8,375,222 "," 8,846,162 "," 9,316,857 "," 9,815,774 "," 10,310,242 "," 10,872,940 "," 11,407,360 "," 11,117,620 "," 11,496,236 ",,,,,,,,
381,Banten,Pandeglang," 12,279,542 "," 12,984,402 "," 13,738,882 "," 14,387,883 "," 15,097,105 "," 15,974,129 "," 16,855,619 "," 17,866,428 "," 18,812,932 "," 19,644,125 "," 19,511,680 "," 20,116,898 ",,,,,,,,
382,West Java,Pangandaran," 4,978,271 "," 5,194,128 "," 5,463,154 "," 5,733,329 "," 5,973,549 "," 6,271,096 "," 6,602,733 "," 6,939,637 "," 7,308,733 "," 7,742,868 "," 7,738,968 "," 8,022,781 ",,,,,,,,
383,South Sulawesi ,Pangkajene dan Kepulauan," 8,652,628 "," 9,503,814 "," 10,288,642 "," 11,248,479 "," 12,419,763 "," 13,367,009 "," 14,477,292 "," 15,433,504 "," 16,168,906 "," 17,205,165 "," 16,915,231 "," 17,500,610 ",,,,,,,,
384,Papua,Paniai," 1,728,666 "," 1,799,804 "," 1,913,807 "," 2,046,933 "," 2,224,751 "," 2,443,273 "," 2,607,585 "," 2,731,720 "," 2,909,103 "," 3,020,871 "," 3,034,644 "," 3,084,088 ",,,,,,,,
385,Central Sulawesi  ,Parigi Moutong," 7,188,257 "," 7,709,224 "," 8,249,944 "," 8,839,460 "," 9,411,147 "," 10,077,884 "," 10,585,899 "," 11,143,766 "," 11,424,820 "," 11,676,770 "," 11,098,504 "," 5,974,137 ",,,,,,,,
386,West Sumatera,Pasaman," 3,857,999 "," 4,064,884 "," 4,308,990 "," 4,559,626 "," 4,827,486 "," 5,085,321 "," 5,342,904 "," 5,614,285 "," 5,893,340 "," 6,176,326 "," 6,122,756 "," 6,327,967 ",,,,,,,,
387,West Sumatera,Pasaman Barat," 6,939,844 "," 7,379,221 "," 7,846,457 "," 8,348,900 "," 8,853,519 "," 9,357,817 "," 9,857,619 "," 10,384,392 "," 10,925,626 "," 11,411,831 "," 11,258,351 "," 11,675,977 ",,,,,,,,
388,East Kalimantan,Paser," 27,130,784 "," 29,383,234 "," 31,160,226 "," 33,281,215 "," 34,782,536 "," 34,472,875 "," 32,755,516 "," 33,137,651 "," 34,362,055 "," 35,734,749 "," 34,712,068 "," 10,116,558 ",,,,,,,,
389,East Java,Pasuruan," 61,178,344 "," 65,271,574 "," 70,167,074 "," 75,043,969 "," 80,105,374 "," 84,415,720 "," 89,011,178 "," 94,101,981 "," 99,489,359 "," 105,289,182 "," 103,152,797 "," 107,630,268 ",,,,,,,,
390,Central Java,Pati," 18,782,547 "," 19,893,325 "," 21,072,329 "," 22,329,694 "," 23,365,214 "," 24,770,325 "," 26,130,205 "," 27,612,446 "," 29,189,879 "," 30,885,379 "," 30,527,473 "," 31,559,079 ",,,,,,,,
391,West Papua ,Pegunungan Arfak, - , - ," 93,066 "," 97,156 "," 106,001 "," 113,070 "," 116,637 "," 120,556 "," 133,354 "," 142,569 "," 151,225 "," 158,113 ",,,,,,,,
392,Papua,Pegunungan Bintang," 839,276 "," 888,450 "," 943,964 "," 1,005,507 "," 1,069,462 "," 1,132,976 "," 1,206,509 "," 1,279,446 "," 1,345,971 "," 1,409,835 "," 1,408,476 "," 1,444,533 ",,,,,,,,
393,Central Java,Pekalongan," 10,254,315 "," 10,834,201 "," 11,354,850 "," 12,034,806 "," 12,630,369 "," 13,234,564 "," 13,921,652 "," 14,679,129 "," 15,525,051 "," 16,356,351 "," 16,047,512 "," 16,615,066 ",,,,,,,,
394,Riau,Pelalawan," 23,797,161 "," 25,161,103 "," 25,920,879 "," 27,360,639 "," 29,058,309 "," 29,774,302 "," 30,654,217 "," 31,899,178 "," 33,056,062 "," 34,338,550 "," 35,110,424 "," 36,538,811 ",,,,,,,,
395,Central Java,Pemalang," 11,282,196 "," 11,847,199 "," 12,477,235 "," 13,172,064 "," 13,898,669 "," 14,673,696 "," 15,469,801 "," 16,336,984 "," 17,265,889 "," 18,267,200 "," 18,155,597 "," 18,933,195 ",,,,,,,,
396,East Kalimantan,Penajam Paser Utara," 4,599,915 "," 5,452,175 "," 5,771,012 "," 6,201,814 "," 6,373,235 "," 6,382,225 "," 6,351,932 "," 6,506,882 "," 6,590,449 "," 6,762,580 "," 6,604,620 "," 46,128,991 ",,,,,,,,
397,South Sumatera,Penukal Abab Lematang Ilir," 3,039,108 "," 3,124,550 "," 3,352,716 "," 3,577,674 "," 3,577,350 "," 3,736,265 "," 3,930,141 "," 4,164,804 "," 4,430,554 "," 4,703,603 "," 4,716,955 "," 4,819,885 ",,,,,,,,
398,Lampung,Pesawaran," 7,120,091 "," 7,513,109 "," 7,954,316 "," 8,447,694 "," 8,920,055 "," 9,368,564 "," 9,843,453 "," 10,336,515 "," 10,858,916 "," 11,402,094 "," 11,258,774 "," 11,493,293 ",,,,,,,,
399,Lampung,Pesisir Barat, - , - ," 2,165,799 "," 2,285,815 "," 2,402,314 "," 2,520,889 "," 2,654,543 "," 2,795,954 "," 2,944,882 "," 3,106,109 "," 3,069,605 "," 3,132,699 ",,,,,,,,
400,West Sumatera,Pesisir Selatan," 5,894,434 "," 6,234,822 "," 6,597,446 "," 6,986,968 "," 7,392,536 "," 7,816,214 "," 8,232,593 "," 8,678,053 "," 9,139,972 "," 9,576,664 "," 9,470,783 "," 9,788,460 ",,,,,,,,
401,Aceh,Pidie," 5,329,054 "," 5,550,233 "," 5,801,221 "," 6,046,953 "," 6,290,579 "," 6,594,085 "," 6,849,960 "," 7,152,962 "," 7,450,405 "," 7,780,358 "," 7,770,641 "," 7,975,099 ",,,,,,,,
402,Aceh,Pidie Jaya," 1,765,904 "," 1,838,922 "," 1,918,491 "," 2,005,779 "," 2,078,513 "," 2,179,211 "," 2,259,853 "," 2,390,844 "," 2,501,506 "," 2,603,589 "," 2,583,128 "," 2,635,518 ",,,,,,,,
403,South Sulawesi ,Pinrang," 6,595,391 "," 7,104,141 "," 7,708,899 "," 8,269,612 "," 8,940,485 "," 9,677,334 "," 10,397,106 "," 11,212,624 "," 11,987,444 "," 12,770,079 "," 12,826,452 "," 13,472,493 ",,,,,,,,
404,Gorontalo,Pohuwato," 2,535,303 "," 2,715,449 "," 2,919,369 "," 3,143,289 "," 3,372,704 "," 3,577,847 "," 3,815,577 "," 4,074,279 "," 4,338,085 "," 4,610,486 "," 4,602,329 "," 4,704,126 ",,,,,,,,
405,West Sulawesi,Polewali Mandar," 4,939,256 "," 5,405,418 "," 5,885,177 "," 6,311,086 "," 6,772,589 "," 7,254,311 "," 7,784,967 "," 8,330,454 "," 8,846,184 "," 9,390,943 "," 9,242,324 "," 9,414,895 ",,,,,,,,
406,East Java,Ponorogo," 8,961,481 "," 9,472,173 "," 10,038,389 "," 10,554,461 "," 11,104,536 "," 11,687,865 "," 12,305,652 "," 12,933,449 "," 13,615,232 "," 14,297,100 "," 14,168,621 "," 14,619,969 ",,,,,,,,
407,,Pontianak,,,,,,,,,,,,,,,,,,,,
408,Central Sulawesi  ,Poso," 3,575,038 "," 3,843,870 "," 4,134,768 "," 4,450,517 "," 4,766,589 "," 5,106,206 "," 5,413,903 "," 5,744,155 "," 6,098,165 "," 6,476,402 "," 6,221,156 "," 13,037,365 ",,,,,,,,
409,Lampung,Pringsewu," 4,748,220 "," 5,042,603 "," 5,367,487 "," 5,712,839 "," 6,041,410 "," 6,356,990 "," 6,677,349 "," 7,018,698 "," 7,370,494 "," 7,741,503 "," 7,647,662 "," 7,870,042 ",,,,,,,,
410,East Java,Probolinggo," 15,028,135 "," 15,912,461 "," 16,936,763 "," 17,808,887 "," 18,682,209 "," 19,570,993 "," 20,504,087 "," 21,418,247 "," 22,374,574 "," 23,395,251 "," 22,898,239 "," 23,664,388 ",,,,,,,,
411,Central Kalimantan,Pulang Pisau," 1,935,894 "," 2,042,891 "," 2,174,859 "," 2,322,635 "," 2,490,476 "," 2,682,572 "," 2,845,265 "," 3,011,275 "," 3,190,170 "," 3,393,130 "," 3,484,013 "," 7,769,743 ",,,,,,,,
412,North Maluku ,Pulau Morotai," 617,704 "," 645,400 "," 687,179 "," 728,722 "," 773,862 "," 821,322 "," 872,948 "," 927,176 "," 989,167 "," 1,031,740 "," 1,052,456 "," 1,073,913 ",,,,,,,,
413,North Maluku ,Pulau Taliabu," 543,179 "," 576,470 "," 612,557 "," 649,583 "," 687,869 "," 726,534 "," 767,885 "," 808,594 "," 906,040 "," 989,630 "," 996,249 "," 1,123,141 ",,,,,,,,
414,Papua,Puncak," 434,005 "," 457,085 "," 492,643 "," 537,928 "," 588,482 "," 643,977 "," 691,085 "," 737,195 "," 786,718 "," 824,466 "," 825,112 "," 830,870 ",,,,,,,,
415,Papua,Puncak Jaya," 684,335 "," 698,381 "," 729,369 "," 763,301 "," 796,887 "," 855,809 "," 895,163 "," 928,544 "," 970,469 "," 1,010,150 "," 969,317 "," 981,029 ",,,,,,,,
416,Central Java,Purbalingga," 10,858,632 "," 11,474,221 "," 12,138,445 "," 12,778,311 "," 13,397,713 "," 14,130,612 "," 14,816,430 "," 15,612,286 "," 16,458,708 "," 17,387,611 "," 17,182,874 "," 17,731,438 ",,,,,,,,
417,West Java,Purwakarta," 28,016,617 "," 29,893,015 "," 31,934,340 "," 34,216,420 "," 36,177,320 "," 37,899,015 "," 40,169,896 "," 42,239,298 "," 44,341,652 "," 46,278,213 "," 45,293,243 "," 46,840,149 ",,,,,,,,
418,Central Java,Purworejo," 8,513,491 "," 8,993,814 "," 9,406,243 "," 9,870,970 "," 10,312,938 "," 10,862,646 "," 11,421,552 "," 12,023,780 "," 12,664,976 "," 13,353,336 "," 13,138,294 "," 13,573,470 ",,,,,,,,
419,West Papua ,Raja Ampat," 1,860,432 "," 1,752,923 "," 1,827,695 "," 1,926,042 "," 2,044,052 "," 2,084,416 "," 2,134,089 "," 2,133,786 "," 2,231,587 "," 2,324,523 "," 2,271,478 "," 2,539,345 ",,,,,,,,
420,Bengkulu,Rejang Lebong," 3,738,975 "," 3,998,379 "," 4,261,235 "," 4,515,850 "," 4,755,015 "," 4,999,817 "," 5,259,988 "," 5,518,001 "," 5,791,952 "," 6,078,949 "," 6,083,034 "," 6,274,229 ",,,,,,,,
421,Central Java,Rembang," 8,373,547 "," 8,808,303 "," 9,277,163 "," 9,780,750 "," 10,284,274 "," 10,850,269 "," 11,423,008 "," 12,220,172 "," 12,939,682 "," 13,612,335 "," 13,409,631 "," 13,925,516 ",,,,,,,,
422,Riau,Rokan Hilir," 39,964,267 "," 39,960,804 "," 41,418,231 "," 42,405,064 "," 44,445,782 "," 44,676,806 "," 45,555,997 "," 46,265,171 "," 46,136,679 "," 46,437,612 "," 45,978,055 "," 46,726,024 ",,,,,,,,
423,Riau,Rokan Hulu," 15,930,239 "," 17,026,717 "," 18,069,054 "," 19,150,562 "," 20,396,303 "," 20,800,664 "," 21,792,967 "," 22,965,452 "," 23,925,694 "," 25,101,660 "," 25,482,410 "," 26,750,938 ",,,,,,,,
424,East Nusa Tenggara,Rote Ndao," 1,246,016 "," 1,307,038 "," 1,364,970 "," 1,422,930 "," 1,491,988 "," 1,567,482 "," 1,648,316 "," 1,737,618 "," 1,831,661 "," 1,927,580 "," 1,931,716 "," 1,974,990 ",,,,,,,,
425,East Nusa Tenggara,Sabu Raijua," 479,780 "," 523,130 "," 555,825 "," 583,844 "," 613,857 "," 644,801 "," 677,328 "," 711,903 "," 748,410 "," 781,830 "," 773,178 "," 786,298 ",,,,,,,,
426,West Kalimantan,Sambas," 8,555,748 "," 9,042,541 "," 9,576,456 "," 10,167,416 "," 10,715,966 "," 11,226,272 "," 11,813,974 "," 12,411,929 "," 13,023,675 "," 13,641,738 "," 13,363,516 "," 13,947,820 ",,,,,,,,
427,North Sumatera,Samosir," 1,887,722 "," 1,985,570 "," 2,105,648 "," 2,234,088 "," 2,367,103 "," 2,503,779 "," 2,635,768 "," 2,776,847 "," 2,931,698 "," 3,098,741 "," 3,080,428 "," 3,162,101 ",,,,,,,,
428,East Java,Sampang," 10,064,002 "," 10,315,265 "," 10,910,933 "," 11,623,792 "," 11,632,927 "," 11,874,480 "," 12,606,812 "," 13,198,464 "," 13,740,969 "," 13,994,780 "," 13,953,737 "," 13,984,568 ",,,,,,,,
429,West Kalimantan,Sanggau," 8,738,512 "," 9,182,813 "," 9,736,124 "," 10,318,128 "," 10,654,828 "," 11,047,184 "," 11,636,868 "," 12,157,877 "," 12,670,004 "," 13,142,288 "," 13,235,261 "," 13,790,449 ",,,,,,,,
430,Papua,Sarmi," 1,035,863 "," 1,099,114 "," 1,170,649 "," 1,248,987 "," 1,333,395 "," 1,426,598 "," 1,522,294 "," 1,630,359 "," 1,732,119 "," 1,833,626 "," 1,834,111 "," 1,852,962 ",,,,,,,,
431,Jambi,Sarolangun," 6,493,961 "," 7,063,710 "," 7,663,232 "," 8,246,149 "," 8,675,187 "," 8,986,677 "," 9,369,739 "," 9,808,649 "," 10,279,948 "," 10,717,747 "," 10,690,593 "," 11,396,946 ",,,,,,,,
432,West Kalimantan,Sekadau," 2,582,491 "," 2,704,580 "," 2,872,644 "," 3,059,847 "," 3,246,282 "," 3,432,930 "," 3,636,660 "," 3,848,258 "," 4,072,437 "," 4,294,121 "," 4,252,097 "," 4,435,321 ",,,,,,,,
433,Bengkulu,Seluma," 1,803,454 "," 1,919,541 "," 2,042,443 "," 2,159,746 "," 2,274,124 "," 2,372,164 "," 2,490,699 "," 2,610,517 "," 2,735,843 "," 2,870,668 "," 2,870,325 "," 2,932,955 ",,,,,,,,
434,Central Java,Semarang," 21,572,137 "," 22,925,457 "," 24,306,718 "," 25,758,121 "," 27,264,113 "," 28,768,327 "," 30,292,468 "," 32,002,985 "," 33,817,679 "," 35,638,962 "," 34,688,037 "," 35,948,862 ",,,,,,,,
435,Maluku,Seram Bagian Barat," 1,191,718 "," 1,261,644 "," 1,342,284 "," 1,403,353 "," 1,488,443 "," 1,573,111 "," 1,660,761 "," 1,758,400 "," 1,863,090 "," 1,966,732 "," 1,963,370 "," 2,030,114 ",,,,,,,,
436,Maluku,Seram Bagian Timur," 1,319,256 "," 1,431,889 "," 1,488,347 "," 1,537,042 "," 1,663,493 "," 1,760,134 "," 1,848,628 "," 1,910,393 "," 1,917,694 "," 1,936,883 "," 1,935,789 "," 1,966,864 ",,,,,,,,
437,Banten,Serang," 33,840,990 "," 35,905,343 "," 37,849,643 "," 40,136,684 "," 42,300,935 "," 44,454,582 "," 46,715,185 "," 49,154,636 "," 51,754,320 "," 54,347,488 "," 52,866,431 "," 54,844,647 ",,,,,,,,
438,North Sumatera,Serdang Bedagai," 12,049,459 "," 12,780,061 "," 13,558,846 "," 14,345,758 "," 15,080,381 "," 15,841,946 "," 16,656,165 "," 17,516,432 "," 18,421,380 "," 19,393,389 "," 19,308,464 "," 19,863,243 ",,,,,,,,
439,Central Kalimantan,Seruyan," 3,809,810 "," 3,993,256 "," 4,199,398 "," 4,463,250 "," 4,700,299 "," 4,943,248 "," 5,196,335 "," 5,465,511 "," 5,750,252 "," 6,042,813 "," 5,908,254 "," 5,974,137 ",,,,,,,,
440,Riau,Siak," 52,420,354 "," 52,146,930 "," 53,226,798 "," 51,987,674 "," 51,485,183 "," 51,379,296 "," 51,557,220 "," 52,029,653 "," 52,595,328 "," 53,366,527 "," 53,311,013 "," 54,543,286 ",,,,,,,,
441,North Sulawesi ,Siau Tagulandang Biaro," 849,531 "," 909,354 "," 983,814 "," 1,062,667 "," 1,143,055 "," 1,223,203 "," 1,308,886 "," 1,400,432 "," 1,494,625 "," 1,594,048 "," 1,610,524 "," 5,974,137 ",,,,,,,,
442,South Sulawesi ,Sidenreng Rappang," 4,436,090 "," 4,863,454 "," 5,297,539 "," 5,664,558 "," 6,110,202 "," 6,600,920 "," 7,179,779 "," 7,688,828 "," 8,075,027 "," 8,450,694 "," 8,401,055 "," 8,866,074 ",,,,,,,,
443,East Java,Sidoarjo," 81,472,732 "," 87,212,361 "," 93,543,871 "," 99,992,522 "," 106,434,285 "," 112,012,860 "," 118,179,190 "," 125,039,056 "," 132,552,943 "," 140,492,938 "," 135,305,323 "," 141,000,359 ",,,,,,,,
444,Central Sulawesi  ,Sigi," 3,733,538 "," 4,003,166 "," 4,276,605 "," 4,571,361 "," 4,859,734 "," 5,176,030 "," 5,436,639 "," 5,769,998 "," 5,993,144 "," 6,211,001 "," 6,118,113 "," 7,769,743 ",,,,,,,,
445,West Sumatera,Sijunjung," 4,133,561 "," 4,386,266 "," 4,656,082 "," 4,941,937 "," 5,239,420 "," 5,537,779 "," 5,829,044 "," 6,135,756 "," 6,446,992 "," 6,757,041 "," 6,683,021 "," 6,892,613 ",,,,,,,,
446,East Nusa Tenggara,Sikka," 2,207,687 "," 2,306,318 "," 2,396,480 "," 2,497,225 "," 2,610,996 "," 2,725,791 "," 2,860,286 "," 3,011,130 "," 3,169,654 "," 3,334,177 "," 3,305,671 "," 3,375,931 ",,,,,,,,
447,North Sumatera,Simalungun," 17,011,372 "," 18,024,803 "," 19,117,543 "," 20,122,012 "," 21,194,283 "," 22,304,111 "," 23,508,970 "," 24,715,672 "," 25,996,207 "," 27,348,700 "," 27,625,696 "," 28,648,781 ",,,,,,,,
448,Aceh,Simeulue," 1,078,217 "," 1,122,210 "," 1,180,151 "," 1,235,543 "," 1,289,096 "," 1,344,659 "," 1,405,844 "," 1,467,979 "," 1,530,153 "," 1,600,521 "," 1,602,411 "," 1,657,026 ",,,,,,,,
449,South Sulawesi ,Sinjai," 3,781,773 "," 4,069,009 "," 4,366,712 "," 4,706,673 "," 5,035,299 "," 5,415,380 "," 5,799,306 "," 6,218,640 "," 6,681,250 "," 7,090,284 "," 7,200,232 "," 7,576,835 ",,,,,,,,
450,West Kalimantan,Sintang," 6,031,775 "," 6,320,448 "," 6,674,579 "," 7,106,217 "," 7,487,749 "," 7,830,065 "," 8,243,738 "," 8,683,370 "," 9,130,727 "," 9,586,052 "," 9,375,708 "," 9,731,976 ",,,,,,,,
451,East Java,Situbondo," 8,471,415 "," 8,927,059 "," 9,411,603 "," 9,993,846 "," 10,572,374 "," 11,086,483 "," 11,640,759 "," 12,230,459 "," 12,897,925 "," 13,599,572 "," 13,282,837 "," 13,715,834 ",,,,,,,,
452,Special Region Yogyakarta ,Sleman," 21,481,644 "," 22,645,852 "," 23,957,113 "," 25,367,414 "," 26,713,071 "," 28,098,007 "," 29,563,375 "," 31,140,591 "," 33,138,260 "," 35,286,507 "," 33,857,333 "," 35,755,932 ",,,,,,,,
453,West Sumatera,Solok," 6,173,855 "," 6,445,677 "," 6,859,956 "," 7,245,942 "," 7,665,497 "," 8,082,583 "," 8,511,655 "," 8,964,874 "," 9,430,225 "," 9,905,603 "," 9,792,918 "," 10,114,579 ",,,,,,,,
454,West Sumatera,Solok Selatan," 2,465,185 "," 2,602,649 "," 2,759,898 "," 2,929,009 "," 3,101,947 "," 3,267,807 "," 3,435,698 "," 3,612,641 "," 3,793,185 "," 3,977,409 "," 3,928,032 "," 4,058,515 ",,,,,,,,
455,South Sulawesi ,Soppeng," 3,716,825 "," 3,983,419 "," 4,259,551 "," 4,567,539 "," 4,882,195 "," 5,131,716 "," 5,547,691 "," 6,007,456 "," 6,494,392 "," 6,993,533 "," 7,146,654 "," 7,585,976 ",,,,,,,,
456,West Papua ,Sorong," 7,176,896 "," 7,325,931 "," 7,228,141 "," 7,248,530 "," 7,471,953 "," 7,647,416 "," 7,715,823 "," 7,975,402 "," 8,426,880 "," 8,599,913 "," 8,385,335 "," 8,548,437 ",,,,,,,,
457,West Papua ,Sorong Selatan," 727,638 "," 782,688 "," 838,363 "," 894,940 "," 959,098 "," 1,020,523 "," 1,082,126 "," 1,163,013 "," 1,234,567 "," 1,304,830 "," 1,256,917 "," 1,300,536 ",,,,,,,,
458,Central Java,Sragen," 15,832,558 "," 16,870,231 "," 17,902,105 "," 19,102,182 "," 20,169,825 "," 21,390,871 "," 22,625,822 "," 23,977,207 "," 25,356,460 "," 26,853,059 "," 26,367,261 "," 27,355,146 ",,,,,,,,
459,West Java,Subang," 19,817,219 "," 20,465,660 "," 20,588,973 "," 21,431,369 "," 22,506,484 "," 23,696,761 "," 24,976,918 "," 26,250,716 "," 27,408,198 "," 28,672,900 "," 28,344,316 "," 28,960,894 ",,,,,,,,
460,West Java,Sukabumi," 28,600,532 "," 29,863,297 "," 31,767,700 "," 33,516,819 "," 35,521,433 "," 37,265,254 "," 39,447,009 "," 41,716,227 "," 44,140,886 "," 46,628,337 "," 46,205,276 "," 47,935,631 ",,,,,,,,
461,Central Kalimantan,Sukamara," 1,665,767 "," 1,764,338 "," 1,875,096 "," 1,995,771 "," 2,116,602 "," 2,243,806 "," 2,381,090 "," 2,530,336 "," 2,686,338 "," 2,849,188 "," 2,905,471 "," 46,128,991 ",,,,,,,,
462,Central Java,Sukoharjo," 16,357,222 "," 17,319,639 "," 18,342,247 "," 19,401,889 "," 20,449,010 "," 21,612,078 "," 22,847,983 "," 24,163,939 "," 25,564,065 "," 27,076,443 "," 26,616,503 "," 27,634,118 ",,,,,,,,
463,East Nusa Tenggara,Sumba Barat," 930,855 "," 975,763 "," 1,024,886 "," 1,077,819 "," 1,129,098 "," 1,183,319 "," 1,242,515 "," 1,304,953 "," 1,371,054 "," 1,441,321 "," 1,437,372 "," 1,452,224 ",,,,,,,,
464,East Nusa Tenggara,Sumba Barat Daya," 1,481,804 "," 1,550,606 "," 1,650,910 "," 1,742,448 "," 1,812,411 "," 1,896,280 "," 1,988,689 "," 2,089,207 "," 2,193,901 "," 2,305,020 "," 2,307,212 "," 2,355,321 ",,,,,,,,
465,East Nusa Tenggara,Sumba Tengah," 500,440 "," 521,110 "," 542,818 "," 566,648 "," 590,582 "," 618,870 "," 648,723 "," 680,652 "," 714,366 "," 750,155 "," 756,609 "," 767,260 ",,,,,,,,
466,East Nusa Tenggara,Sumba Timur," 2,556,847 "," 2,689,888 "," 2,826,636 "," 2,969,848 "," 3,117,996 "," 3,274,747 "," 3,440,580 "," 3,618,323 "," 3,805,959 "," 4,001,273 "," 3,966,201 "," 4,011,750 ",,,,,,,,
467,West Nusa Tenggara ,Sumbawa," 6,175,916 "," 6,606,355 "," 7,046,787 "," 7,500,252 "," 7,997,178 "," 8,510,473 "," 8,971,949 "," 9,587,028 "," 9,985,586 "," 10,470,748 "," 10,032,955 "," 10,220,819 ",,,,,,,,
468,West Nusa Tenggara ,Sumbawa Barat," 20,465,055 "," 14,697,657 "," 10,836,577 "," 11,218,819 "," 11,071,628 "," 22,925,682 "," 24,534,899 "," 19,773,722 "," 12,937,529 "," 12,789,109 "," 16,470,711 "," 16,415,885 ",,,,,,,,
469,West Java,Sumedang," 14,686,784 "," 15,390,931 "," 16,400,809 "," 17,194,506 "," 18,004,694 "," 18,950,356 "," 20,029,717 "," 21,276,697 "," 22,507,964 "," 23,932,730 "," 23,665,007 "," 24,368,726 ",,,,,,,,
470,East Java,Sumenep," 15,136,529 "," 16,064,771 "," 17,665,020 "," 20,218,073 "," 21,476,944 "," 21,750,576 "," 22,311,690 "," 22,949,695 "," 23,783,320 "," 23,816,439 "," 23,546,509 "," 24,161,351 ",,,,,,,,
471,Papua,Supiori," 467,522 "," 505,729 "," 557,123 "," 580,840 "," 618,334 "," 644,640 "," 673,172 "," 700,180 "," 729,404 "," 760,965 "," 769,120 "," 781,122 ",,,,,,,,
472,South Kalimantan,Tabalong," 10,292,209 "," 11,036,323 "," 11,625,110 "," 12,132,178 "," 12,621,202 "," 12,925,336 "," 13,331,214 "," 13,829,175 "," 14,351,346 "," 14,853,248 "," 14,481,309 "," 10,549,001 ",,,,,,,,
473,Bali,Tabanan," 9,325,344 "," 9,895,354 "," 10,500,462 "," 11,178,191 "," 11,907,999 "," 12,644,521 "," 13,420,550 "," 14,141,718 "," 14,949,321 "," 15,783,039 "," 14,808,646 "," 14,515,578 ",,,,,,,,
474,South Sulawesi ,Takalar," 3,321,670 "," 3,573,903 "," 3,809,136 "," 4,144,292 "," 4,548,617 "," 4,931,544 "," 5,405,320 "," 5,803,944 "," 6,190,674 "," 6,616,254 "," 6,575,765 "," 6,908,048 ",,,,,,,,
475,West Papua ,Tambrauw," 90,170 "," 94,104 "," 99,849 "," 106,205 "," 113,384 "," 119,995 "," 125,932 "," 133,906 "," 141,212 "," 150,349 "," 146,727 "," 147,483 ",,,,,,,,
476,North Kalimantan,Tana Tidung," 2,836,229 "," 2,862,193 "," 2,889,509 "," 3,050,436 "," 3,209,127 "," 3,237,239 "," 3,272,722 "," 3,401,828 "," 3,523,207 "," 3,695,609 "," 3,659,900 "," 3,813,899 ",,,,,,,,
477,South Sulawesi ,Tana Toraja," 2,387,101 "," 2,572,925 "," 2,793,724 "," 2,994,472 "," 3,198,122 "," 3,417,295 "," 3,666,481 "," 3,940,517 "," 4,251,260 "," 4,558,140 "," 4,545,291 "," 4,780,984 ",,,,,,,,
478,South Kalimantan,Tanah Bumbu," 10,600,137 "," 11,439,062 "," 12,158,928 "," 12,621,177 "," 13,093,813 "," 13,478,862 "," 13,899,711 "," 14,474,752 "," 15,074,082 "," 15,613,390 "," 15,395,665 "," 7,769,743 ",,,,,,,,
479,West Sumatera,Tanah Datar," 6,034,243 "," 6,386,572 "," 6,744,760 "," 7,139,449 "," 7,552,750 "," 7,955,070 "," 8,355,072 "," 8,782,098 "," 9,224,519 "," 9,684,473 "," 9,575,900 "," 9,889,459 ",,,,,,,,
480,South Kalimantan,Tanah Laut," 6,939,930 "," 7,446,165 "," 7,895,320 "," 8,328,543 "," 8,594,167 "," 8,840,714 "," 9,127,646 "," 9,550,764 "," 9,995,215 "," 10,366,648 "," 10,164,062 "," 10,116,558 ",,,,,,,,
481,Banten,Tangerang," 58,099,419 "," 62,022,491 "," 65,848,281 "," 70,065,983 "," 73,828,385 "," 77,962,946 "," 82,183,596 "," 86,964,027 "," 92,011,405 "," 97,129,167 "," 93,480,392 "," 97,869,380 ",,,,,,,,
482,Lampung,Tanggamus," 6,462,521 "," 6,841,758 "," 7,470,391 "," 7,975,618 "," 8,445,977 "," 8,910,245 "," 9,371,994 "," 9,858,644 "," 10,352,099 "," 10,872,102 "," 10,679,821 "," 10,929,224 ",,,,,,,,
483,Jambi,Tanjung Jabung Barat," 19,319,018 "," 20,794,459 "," 21,822,843 "," 23,073,558 "," 24,551,689 "," 25,446,121 "," 26,245,198 "," 27,421,787 "," 29,279,458 "," 30,744,986 "," 30,654,416 "," 31,072,194 ",,,,,,,,
484,Jambi,Tanjung Jabung Timur," 12,736,393 "," 13,673,456 "," 14,053,622 "," 14,695,729 "," 15,549,497 "," 15,830,522 "," 16,249,802 "," 16,748,264 "," 17,241,204 "," 17,967,590 "," 17,349,983 "," 17,373,513 ",,,,,,,,
485,North Sumatera,Tapanuli Selatan," 5,302,511 "," 5,637,988 "," 6,150,495 "," 7,222,613 "," 7,543,283 "," 7,910,010 "," 8,314,688 "," 8,748,180 "," 9,201,960 "," 9,683,658 "," 9,721,772 "," 10,036,712 ",,,,,,,,
486,North Sumatera,Tapanuli Tengah," 4,474,325 "," 4,702,524 "," 4,943,041 "," 5,199,017 "," 5,460,846 "," 5,738,321 "," 6,032,213 "," 6,348,441 "," 6,678,246 "," 7,024,148 "," 6,970,579 "," 7,149,285 ",,,,,,,,
487,North Sumatera,Tapanuli Utara," 3,831,819 "," 4,002,396 "," 4,198,633 "," 4,419,774 "," 4,642,326 "," 4,869,478 "," 5,070,195 "," 5,280,689 "," 5,510,190 "," 5,764,937 "," 5,851,403 "," 6,058,350 ",,,,,,,,
488,South Kalimantan,Tapin," 4,065,949 "," 4,332,073 "," 4,605,780 "," 4,870,635 "," 5,135,704 "," 5,343,481 "," 5,608,974 "," 5,897,161 "," 6,192,447 "," 6,454,990 "," 6,358,490 "," 14,032,621 ",,,,,,,,
489,West Java,Tasikmalaya," 15,853,362 "," 16,526,567 "," 17,191,753 "," 17,991,115 "," 18,849,712 "," 19,662,487 "," 20,824,797 "," 22,063,288 "," 23,320,614 "," 24,586,666 "," 24,344,857 "," 25,179,475 ",,,,,,,,
490,Jambi,Tebo," 5,728,685 "," 6,248,308 "," 6,729,418 "," 7,242,753 "," 7,881,379 "," 8,302,676 "," 8,750,640 "," 9,239,248 "," 9,699,607 "," 10,160,978 "," 10,158,235 "," 10,593,958 ",,,,,,,,
491,Central Java,Tegal," 15,106,510 "," 16,071,820 "," 16,912,250 "," 18,050,292 "," 18,958,841 "," 19,999,475 "," 21,182,917 "," 22,322,100 "," 23,552,548 "," 24,861,496 "," 24,492,625 "," 25,401,911 ",,,,,,,,
492,West Papua ,Teluk Bintuni," 18,344,451 "," 19,510,256 "," 20,043,651 "," 21,271,113 "," 21,787,516 "," 22,408,840 "," 23,016,575 "," 23,319,464 "," 24,542,831 "," 25,380,151 "," 25,648,778 "," 25,058,623 ",,,,,,,,
493,West Papua ,Teluk Wondama," 646,653 "," 668,296 "," 718,562 "," 770,282 "," 810,361 "," 841,912 "," 887,502 "," 934,030 "," 971,459 "," 1,012,028 "," 979,428 "," 990,094 ",,,,,,,,
494,Central Java,Temanggung," 9,710,199 "," 10,301,570 "," 10,740,983 "," 11,299,343 "," 11,867,680 "," 12,489,395 "," 13,116,364 "," 13,776,255 "," 14,483,255 "," 15,214,059 "," 14,890,755 "," 15,387,930 ",,,,,,,,
495,East Nusa Tenggara,Timor Tengah Selatan," 3,188,766 "," 3,320,188 "," 3,458,998 "," 3,606,170 "," 3,763,522 "," 3,928,824 "," 4,113,978 "," 4,320,337 "," 4,540,618 "," 4,771,991 "," 4,769,175 "," 4,883,874 ",,,,,,,,
496,East Nusa Tenggara,Timor Tengah Utara," 1,913,404 "," 1,999,688 "," 2,088,131 "," 2,180,043 "," 2,279,988 "," 2,387,078 "," 2,501,679 "," 2,626,901 "," 2,758,971 "," 2,899,815 "," 2,880,927 "," 2,949,055 ",,,,,,,,
497,North Sumatera,Toba Samosir," 3,633,733 "," 3,792,702 "," 3,985,212 "," 4,178,496 "," 4,355,422 "," 4,551,511 "," 4,767,985 "," 5,001,427 "," 5,249,252 "," 5,503,762 "," 5,488,918 "," 5,649,103 ",,,,,,,,
498,Central Sulawesi  ,Tojo Una-Una," 2,279,783 "," 2,459,306 "," 2,650,565 "," 2,852,668 "," 3,048,435 "," 3,215,549 "," 3,381,570 "," 3,571,753 "," 3,668,564 "," 3,842,413 "," 3,720,596 "," 10,549,001 ",,,,,,,,
499,Papua,Tolikara," 688,779 "," 743,601 "," 745,959 "," 791,865 "," 845,083 "," 886,272 "," 926,840 "," 969,513 "," 1,013,368 "," 1,053,097 "," 1,058,377 "," 1,068,562 ",,,,,,,,
500,Central Sulawesi  ,Toli-Toli," 3,330,654 "," 3,573,671 "," 3,855,321 "," 4,160,306 "," 4,419,939 "," 4,713,020 "," 4,941,890 "," 5,193,128 "," 5,467,263 "," 5,729,037 "," 5,534,731 "," 46,128,991 ",,,,,,,,
501,South Sulawesi ,Toraja Utara," 2,505,709 "," 2,715,129 "," 2,971,714 "," 3,261,128 "," 3,510,361 "," 3,782,796 "," 4,085,688 "," 4,421,680 "," 4,778,535 "," 5,140,012 "," 5,148,555 "," 5,357,129 ",,,,,,,,
502,East Java,Trenggalek," 7,962,130 "," 8,435,219 "," 8,959,464 "," 9,496,727 "," 9,998,533 "," 10,501,577 "," 11,026,549 "," 11,579,858 "," 12,161,858 "," 12,779,455 "," 12,502,385 "," 12,959,019 ",,,,,,,,
503,East Java,Tuban," 28,017,942 "," 29,934,279 "," 31,816,253 "," 33,678,762 "," 35,519,919 "," 37,256,028 "," 39,081,756 "," 41,027,709 "," 43,139,693 "," 45,356,094 "," 42,705,013 "," 43,984,689 ",,,,,,,,
504,Lampung,Tulang Bawang Barat," 4,851,050 "," 5,095,213 "," 5,388,189 "," 5,731,560 "," 6,046,680 "," 6,370,001 "," 6,705,639 "," 7,078,062 "," 7,451,022 "," 7,850,702 "," 7,747,240 "," 7,970,781 ",,,,,,,,
505,Lampung,Tulangbawang," 9,771,793 "," 10,284,191 "," 10,827,945 "," 11,559,174 "," 12,199,160 "," 12,811,520 "," 13,505,401 "," 14,242,029 "," 15,014,469 "," 15,826,210 "," 15,614,892 "," 16,064,501 ",,,,,,,,
506,East Java,Tulungagung," 16,776,319 "," 17,845,221 "," 18,999,035 "," 20,164,271 "," 21,265,194 "," 22,326,625 "," 23,446,437 "," 24,637,365 "," 25,920,200 "," 27,299,802 "," 26,455,765 "," 27,390,424 ",,,,,,,,
507,South Sulawesi ,Wajo," 7,520,132 "," 8,280,575 "," 8,819,110 "," 9,428,973 "," 10,341,082 "," 11,071,645 "," 11,620,745 "," 12,225,770 "," 12,357,348 "," 12,858,450 "," 12,708,314 "," 13,569,283 ",,,,,,,,
508,South East Sulawesi ,Wakatobi," 1,553,297 "," 1,716,519 "," 1,889,695 "," 2,037,260 "," 2,197,573 "," 2,366,421 "," 2,554,961 "," 2,707,356 "," 2,883,075 "," 3,073,266 "," 3,096,552 "," 3,220,935 ",,,,,,,,
509,Papua,Waropen," 676,761 "," 748,579 "," 836,179 "," 934,543 "," 1,032,394 "," 1,132,158 "," 1,239,235 "," 1,334,875 "," 1,430,749 "," 1,508,373 "," 1,465,795 "," 1,478,762 ",,,,,,,,
510,Lampung,Way Kanan," 6,017,240 "," 6,336,558 "," 6,687,926 "," 7,041,004 "," 7,440,123 "," 7,832,393 "," 8,233,786 "," 8,654,296 "," 9,102,880 "," 9,573,821 "," 9,462,309 "," 9,736,500 ",,,,,,,,
511,Central Java,Wonogiri," 13,310,571 "," 13,786,711 "," 14,605,088 "," 15,303,280 "," 16,107,795 "," 16,977,199 "," 17,869,145 "," 18,818,939 "," 19,837,022 "," 20,856,210 "," 20,563,144 "," 21,251,165 ",,,,,,,,
512,Central Java,Wonosobo," 9,005,926 "," 9,489,550 "," 9,935,905 "," 10,333,757 "," 10,828,169 "," 11,334,080 "," 11,941,199 "," 12,436,049 "," 13,065,842 "," 13,793,040 "," 13,566,176 "," 14,064,765 ",,,,,,,,
513,Papua,Yahukimo," 817,327 "," 915,055 "," 1,015,425 "," 1,084,037 "," 1,160,298 "," 1,243,126 "," 1,300,443 "," 1,379,175 "," 1,454,566 "," 1,526,967 "," 1,527,285 "," 1,555,776 ",,,,,,,,
514,Papua,Yalimo," 354,871 "," 389,953 "," 446,363 "," 501,486 "," 550,805 "," 599,697 "," 640,685 "," 673,922 "," 717,663 "," 757,062 "," 764,517 "," 782,019 ",,,,,,,,
,,,,,,,,,,,,,,,,,,,,,,
,,,,,,,,,,,,,," 11,561,923,471 ",,,,,,,,
,,,,,,,,,,,,,,,,,,,,,,
,,,,,,,,,,,,,,,,,,,,,,
,,,,,,,,,,,,,,,,,,,,,,
,,,,,,,,,,,,,,,,,,,,,,
,,,,,,,,,,,,,,,,,,,,,,
,,,,,,,,,,,,,,,,,,,,,,
,,,,,,,,,,,,,,,,,,,,,,
,,,,,,,,,,,,,,,,,,,,,,
,,,,,,,,,,,,,,,,,,,,,,
,,,,,,,,,,,,,,,,,,,,,,
,,,,,,,,,,,,,,,,,,,,,,
,,,,,,,,,,,,,,,,,,,,,,
,,,,,,,,,,,,,,,,,,,,,,
,,,,,,,,,,,,,,,,,,,,,,
,,,,,,,,,,,,,,,,,,,,,,
,,,,,,,,,,,,,,,,,,,,,,
,,,,,,,,,,,,,,,,,,,,,,
,,,,,,,,,,,,,,,,,,,,,,
,,,,,,,,,,,,,,,,,,,,,,
,,,,,,,,,,,,,,,,,,,,,,
,,,,,,,,,,,,,,,,,,,,,,
,,,,,,,,,,,,,,,,,,,,,,
,,,,,,,,,,,,,,,,,,,,,,
,,,,,,,,,,,,,,,,,,,,,,
,,,,,,,,,,,,,,,,,,,,,,
,,,,,,,,,,,,,,,,,,,,,,
,,,,,,,,,,,,,,,,,,,,,,
,,,,,,,,,,,,,,,,,,,,,,
,,,,,,,,,,,,,,,,,,,,,,
,,,,,,,,,,,,,,,,,,,,,,
,,,,,,,,,,,,,,,,,,,,,,
,,,,,,,,,,,,,,,,,,,,,,
,,,,,,,,,,,,,,,,,,,,,,
,,,,,,,,,,,,,,,,,,,,,,
,,,,,,,,,,,,,,,,,,,,,,
,,,,,,,,,,,,,,,,,,,,,,
,,,,,,,,,,,,,,,,,,,,,,
,,,,,,,,,,,,,,,,,,,,,,
,,,,,,,,,,,,,,,,,,,,,,
,,,,,,,,,,,,,,,,,,,,,,
,,,,,,,,,,,,,,,,,,,,,,
,,,,,,,,,,,,,,,,,,,,,,
,,,,,,,,,,,,,,,,,,,,,,
,,,,,,,,,,,,,,,,,,,,,,
,,,,,,,,,,,,,,,,,,,,,,
,,,,,,,,,,,,,,,,,,,,,,
,,,,,,,,,,,,,,,,,,,,,,
,,,,,,,,,,,,,,,,,,,,,,
,,,,,,,,,,,,,,,,,,,,,,
,,,,,,,,,,,,,,,,,,,,,,
,,,,,,,,,,,,,,,,,,,,,,
,,,,,,,,,,,,,,,,,,,,,,
,,,,,,,,,,,,,,,,,,,,,,
,,,,,,,,,,,,,,,,,,,,,,
,,,,,,,,,,,,,,,,,,,,,,
,,,,,,,,,,,,,,,,,,,,,,
,,,,,,,,,,,,,,,,,,,,,,
,,,,,,,,,,,,,,,,,,,,,,
,,,,,,,,,,,,,,,,,,,,,,
,,,,,,,,,,,,,,,,,,,,,,
,,,,,,,,,,,,,,,,,,,,,,
,,,,,,,,,,,,,,,,,,,,,,
,,,,,,,,,,,,,,,,,,,,,,
,,,,,,,,,,,,,,,,,,,,,,
,,,,,,,,,,,,,,,,,,,,,,
,,,,,,,,,,,,,,,,,,,,,,
,,,,,,,,,,,,,,,,,,,,,,
,,,,,,,,,,,,,,,,,,,,,,
,,,,,,,,,,,,,,,,,,,,,,
,,,,,,,,,,,,,,,,,,,,,,
,,,,,,,,,,,,,,,,,,,,,,
,,,,,,,,,,,,,,,,,,,,,,
,,,,,,,,,,,,,,,,,,,,,,
,,,,,,,,,,,,,,,,,,,,,,
,,,,,,,,,,,,,,,,,,,,,,
,,,,,,,,,,,,,,,,,,,,,,
,,,,,,,,,,,,,,,,,,,,,,
,,,,,,,,,,,,,,,,,,,,,,
,,,,,,,,,,,,,,,,,,,,,,
,,,,,,,,,,,,,,,,,,,,,,
,,,,,,,,,,,,,,,,,,,,,,
,,,,,,,,,,,,,,,,,,,,,,
,,,,,,,,,,,,,,,,,,,,,,
,,,,,,,,,,,,,,,,,,,,,,
,,,,,,,,,,,,,,,,,,,,,,
,,,,,,,,,,,,,,,,,,,,,,
,,,,,,,,,,,,,,,,,,,,,,
,,,,,,,,,,,,,,,,,,,,,,
,,,,,,,,,,,,,,,,,,,,,,
,,,,,,,,,,,,,,,,,,,,,,
,,,,,,,,,,,,,,,,,,,,,,
,,,,,,,,,,,,,,,,,,,,,,
,,,,,,,,,,,,,,,,,,,,,,
,,,,,,,,,,,,,,,,,,,,,,
,,,,,,,,,,,,,,,,,,,,,,
,,,,,,,,,,,,,,,,,,,,,,
,,,,,,,,,,,,,,,,,,,,,,
,,,,,,,,,,,,,,,,,,,,,,
,,,,,,,,,,,,,,,,,,,,,,
,,,,,,,,,,,,,,,,,,,,,,
,,,,,,,,,,,,,,,,,,,,,,
,,,,,,,,,,,,,,,,,,,,,,
,,,,,,,,,,,,,,,,,,,,,,
,,,,,,,,,,,,,,,,,,,,,,
,,,,,,,,,,,,,,,,,,,,,,
,,,,,,,,,,,,,,,,,,,,,,
,,,,,,,,,,,,,,,,,,,,,,
,,,,,,,,,,,,,,,,,,,,,,
,,,,,,,,,,,,,,,,,,,,,,
,,,,,,,,,,,,,,,,,,,,,,
,,,,,,,,,,,,,,,,,,,,,,
,,,,,,,,,,,,,,,,,,,,,,
,,,,,,,,,,,,,,,,,,,,,,
,,,,,,,,,,,,,,,,,,,,,,
,,,,,,,,,,,,,,,,,,,,,,
,,,,,,,,,,,,,,,,,,,,,,
,,,,,,,,,,,,,,,,,,,,,,
,,,,,,,,,,,,,,,,,,,,,,
,,,,,,,,,,,,,,,,,,,,,,
,,,,,,,,,,,,,,,,,,,,,,
,,,,,,,,,,,,,,,,,,,,,,
,,,,,,,,,,,,,,,,,,,,,,
,,,,,,,,,,,,,,,,,,,,,,
,,,,,,,,,,,,,,,,,,,,,,
,,,,,,,,,,,,,,,,,,,,,,
,,,,,,,,,,,,,,,,,,,,,,
,,,,,,,,,,,,,,,,,,,,,,
,,,,,,,,,,,,,,,,,,,,,,
,,,,,,,,,,,,,,,,,,,,,,
,,,,,,,,,,,,,,,,,,,,,,
,,,,,,,,,,,,,,,,,,,,,,
,,,,,,,,,,,,,,,,,,,,,,
,,,,,,,,,,,,,,,,,,,,,,
,,,,,,,,,,,,,,,,,,,,,,
,,,,,,,,,,,,,,,,,,,,,,
,,,,,,,,,,,,,,,,,,,,,,
,,,,,,,,,,,,,,,,,,,,,,
,,,,,,,,,,,,,,,,,,,,,,
,,,,,,,,,,,,,,,,,,,,,,
,,,,,,,,,,,,,,,,,,,,,,
,,,,,,,,,,,,,,,,,,,,,,
,,,,,,,,,,,,,,,,,,,,,,
,,,,,,,,,,,,,,,,,,,,,,
,,,,,,,,,,,,,,,,,,,,,,
,,,,,,,,,,,,,,,,,,,,,,
,,,,,,,,,,,,,,,,,,,,,,
,,,,,,,,,,,,,,,,,,,,,,
,,,,,,,,,,,,,,,,,,,,,,
,,,,,,,,,,,,,,,,,,,,,,
,,,,,,,,,,,,,,,,,,,,,,
,,,,,,,,,,,,,,,,,,,,,,
,,,,,,,,,,,,,,,,,,,,,,
,,,,,,,,,,,,,,,,,,,,,,
,,,,,,,,,,,,,,,,,,,,,,
,,,,,,,,,,,,,,,,,,,,,,
,,,,,,,,,,,,,,,,,,,,,,
,,,,,,,,,,,,,,,,,,,,,,
,,,,,,,,,,,,,,,,,,,,,,
,,,,,,,,,,,,,,,,,,,,,,
,,,,,,,,,,,,,,,,,,,,,,
,,,,,,,,,,,,,,,,,,,,,,
,,,,,,,,,,,,,,,,,,,,,,
,,,,,,,,,,,,,,,,,,,,,,
,,,,,,,,,,,,,,,,,,,,,,
,,,,,,,,,,,,,,,,,,,,,,
,,,,,,,,,,,,,,,,,,,,,,
,,,,,,,,,,,,,,,,,,,,,,
,,,,,,,,,,,,,,,,,,,,,,
,,,,,,,,,,,,,,,,,,,,,,
,,,,,,,,,,,,,,,,,,,,,,
,,,,,,,,,,,,,,,,,,,,,,
,,,,,,,,,,,,,,,,,,,,,,
,,,,,,,,,,,,,,,,,,,,,,
,,,,,,,,,,,,,,,,,,,,,,
,,,,,,,,,,,,,,,,,,,,,,
,,,,,,,,,,,,,,,,,,,,,,
,,,,,,,,,,,,,,,,,,,,,,
,,,,,,,,,,,,,,,,,,,,,,
,,,,,,,,,,,,,,,,,,,,,,
,,,,,,,,,,,,,,,,,,,,,,
,,,,,,,,,,,,,,,,,,,,,,
,,,,,,,,,,,,,,,,,,,,,,
,,,,,,,,,,,,,,,,,,,,,,
,,,,,,,,,,,,,,,,,,,,,,
,,,,,,,,,,,,,,,,,,,,,,
,,,,,,,,,,,,,,,,,,,,,,
,,,,,,,,,,,,,,,,,,,,,,
,,,,,,,,,,,,,,,,,,,,,,
,,,,,,,,,,,,,,,,,,,,,,
,,,,,,,,,,,,,,,,,,,,,,
,,,,,,,,,,,,,,,,,,,,,,
,,,,,,,,,,,,,,,,,,,,,,
,,,,,,,,,,,,,,,,,,,,,,
,,,,,,,,,,,,,,,,,,,,,,
,,,,,,,,,,,,,,,,,,,,,,
,,,,,,,,,,,,,,,,,,,,,,
,,,,,,,,,,,,,,,,,,,,,,
,,,,,,,,,,,,,,,,,,,,,,
,,,,,,,,,,,,,,,,,,,,,,
,,,,,,,,,,,,,,,,,,,,,,
,,,,,,,,,,,,,,,,,,,,,,
,,,,,,,,,,,,,,,,,,,,,,
,,,,,,,,,,,,,,,,,,,,,,
,,,,,,,,,,,,,,,,,,,,,,
,,,,,,,,,,,,,,,,,,,,,,
,,,,,,,,,,,,,,,,,,,,,,
,,,,,,,,,,,,,,,,,,,,,,
,,,,,,,,,,,,,,,,,,,,,,
,,,,,,,,,,,,,,,,,,,,,,
,,,,,,,,,,,,,,,,,,,,,,
,,,,,,,,,,,,,,,,,,,,,,
,,,,,,,,,,,,,,,,,,,,,,
,,,,,,,,,,,,,,,,,,,,,,
,,,,,,,,,,,,,,,,,,,,,,
,,,,,,,,,,,,,,,,,,,,,,
,,,,,,,,,,,,,,,,,,,,,,
,,,,,,,,,,,,,,,,,,,,,,
,,,,,,,,,,,,,,,,,,,,,,
,,,,,,,,,,,,,,,,,,,,,,
,,,,,,,,,,,,,,,,,,,,,,
,,,,,,,,,,,,,,,,,,,,,,
,,,,,,,,,,,,,,,,,,,,,,
,,,,,,,,,,,,,,,,,,,,,,
,,,,,,,,,,,,,,,,,,,,,,
,,,,,,,,,,,,,,,,,,,,,,
,,,,,,,,,,,,,,,,,,,,,,
,,,,,,,,,,,,,,,,,,,,,,
,,,,,,,,,,,,,,,,,,,,,,
,,,,,,,,,,,,,,,,,,,,,,
,,,,,,,,,,,,,,,,,,,,,,
,,,,,,,,,,,,,,,,,,,,,,
,,,,,,,,,,,,,,,,,,,,,,
,,,,,,,,,,,,,,,,,,,,,,
,,,,,,,,,,,,,,,,,,,,,,
,,,,,,,,,,,,,,,,,,,,,,
,,,,,,,,,,,,,,,,,,,,,,
,,,,,,,,,,,,,,,,,,,,,,
,,,,,,,,,,,,,,,,,,,,,,
,,,,,,,,,,,,,,,,,,,,,,
,,,,,,,,,,,,,,,,,,,,,,
,,,,,,,,,,,,,,,,,,,,,,
,,,,,,,,,,,,,,,,,,,,,,
,,,,,,,,,,,,,,,,,,,,,,
,,,,,,,,,,,,,,,,,,,,,,
,,,,,,,,,,,,,,,,,,,,,,
,,,,,,,,,,,,,,,,,,,,,,
,,,,,,,,,,,,,,,,,,,,,,
,,,,,,,,,,,,,,,,,,,,,,
,,,,,,,,,,,,,,,,,,,,,,
,,,,,,,,,,,,,,,,,,,,,,
,,,,,,,,,,,,,,,,,,,,,,
,,,,,,,,,,,,,,,,,,,,,,
,,,,,,,,,,,,,,,,,,,,,,
,,,,,,,,,,,,,,,,,,,,,,
,,,,,,,,,,,,,,,,,,,,,,
,,,,,,,,,,,,,,,,,,,,,,
,,,,,,,,,,,,,,,,,,,,,,
,,,,,,,,,,,,,,,,,,,,,,
,,,,,,,,,,,,,,,,,,,,,,
,,,,,,,,,,,,,,,,,,,,,,
,,,,,,,,,,,,,,,,,,,,,,
,,,,,,,,,,,,,,,,,,,,,,
,,,,,,,,,,,,,,,,,,,,,,
,,,,,,,,,,,,,,,,,,,,,,
,,,,,,,,,,,,,,,,,,,,,,
,,,,,,,,,,,,,,,,,,,,,,
,,,,,,,,,,,,,,,,,,,,,,
,,,,,,,,,,,,,,,,,,,,,,
,,,,,,,,,,,,,,,,,,,,,,
,,,,,,,,,,,,,,,,,,,,,,
,,,,,,,,,,,,,,,,,,,,,,
,,,,,,,,,,,,,,,,,,,,,,
,,,,,,,,,,,,,,,,,,,,,,
,,,,,,,,,,,,,,,,,,,,,,
,,,,,,,,,,,,,,,,,,,,,,
,,,,,,,,,,,,,,,,,,,,,,
,,,,,,,,,,,,,,,,,,,,,,
,,,,,,,,,,,,,,,,,,,,,,
,,,,,,,,,,,,,,,,,,,,,,
,,,,,,,,,,,,,,,,,,,,,,
,,,,,,,,,,,,,,,,,,,,,,
,,,,,,,,,,,,,,,,,,,,,,
,,,,,,,,,,,,,,,,,,,,,,
,,,,,,,,,,,,,,,,,,,,,,
,,,,,,,,,,,,,,,,,,,,,,
,,,,,,,,,,,,,,,,,,,,,,
,,,,,,,,,,,,,,,,,,,,,,
,,,,,,,,,,,,,,,,,,,,,,
,,,,,,,,,,,,,,,,,,,,,,
,,,,,,,,,,,,,,,,,,,,,,
,,,,,,,,,,,,,,,,,,,,,,
,,,,,,,,,,,,,,,,,,,,,,
,,,,,,,,,,,,,,,,,,,,,,
,,,,,,,,,,,,,,,,,,,,,,
,,,,,,,,,,,,,,,,,,,,,,
,,,,,,,,,,,,,,,,,,,,,,
,,,,,,,,,,,,,,,,,,,,,,
,,,,,,,,,,,,,,,,,,,,,,
,,,,,,,,,,,,,,,,,,,,,,
,,,,,,,,,,,,,,,,,,,,,,
,,,,,,,,,,,,,,,,,,,,,,
,,,,,,,,,,,,,,,,,,,,,,
,,,,,,,,,,,,,,,,,,,,,,
,,,,,,,,,,,,,,,,,,,,,,
,,,,,,,,,,,,,,,,,,,,,,
,,,,,,,,,,,,,,,,,,,,,,
,,,,,,,,,,,,,,,,,,,,,,
,,,,,,,,,,,,,,,,,,,,,,
,,,,,,,,,,,,,,,,,,,,,,
,,,,,,,,,,,,,,,,,,,,,,
,,,,,,,,,,,,,,,,,,,,,,
,,,,,,,,,,,,,,,,,,,,,,
,,,,,,,,,,,,,,,,,,,,,,
,,,,,,,,,,,,,,,,,,,,,,
,,,,,,,,,,,,,,,,,,,,,,
,,,,,,,,,,,,,,,,,,,,,,
,,,,,,,,,,,,,,,,,,,,,,
,,,,,,,,,,,,,,,,,,,,,,
,,,,,,,,,,,,,,,,,,,,,,
,,,,,,,,,,,,,,,,,,,,,,
,,,,,,,,,,,,,,,,,,,,,,
,,,,,,,,,,,,,,,,,,,,,,
,,,,,,,,,,,,,,,,,,,,,,
,,,,,,,,,,,,,,,,,,,,,,
,,,,,,,,,,,,,,,,,,,,,,
,,,,,,,,,,,,,,,,,,,,,,
,,,,,,,,,,,,,,,,,,,,,,
,,,,,,,,,,,,,,,,,,,,,,
,,,,,,,,,,,,,,,,,,,,,,
,,,,,,,,,,,,,,,,,,,,,,
,,,,,,,,,,,,,,,,,,,,,,
,,,,,,,,,,,,,,,,,,,,,,
,,,,,,,,,,,,,,,,,,,,,,
,,,,,,,,,,,,,,,,,,,,,,
,,,,,,,,,,,,,,,,,,,,,,
,,,,,,,,,,,,,,,,,,,,,,
,,,,,,,,,,,,,,,,,,,,,,
,,,,,,,,,,,,,,,,,,,,,,
,,,,,,,,,,,,,,,,,,,,,,
,,,,,,,,,,,,,,,,,,,,,,
,,,,,,,,,,,,,,,,,,,,,,
,,,,,,,,,,,,,,,,,,,,,,
,,,,,,,,,,,,,,,,,,,,,,
,,,,,,,,,,,,,,,,,,,,,,
,,,,,,,,,,,,,,,,,,,,,,
,,,,,,,,,,,,,,,,,,,,,,
,,,,,,,,,,,,,,,,,,,,,,
,,,,,,,,,,,,,,,,,,,,,,
,,,,,,,,,,,,,,,,,,,,,,
,,,,,,,,,,,,,,,,,,,,,,
,,,,,,,,,,,,,,,,,,,,,,
,,,,,,,,,,,,,,,,,,,,,,
,,,,,,,,,,,,,,,,,,,,,,
,,,,,,,,,,,,,,,,,,,,,,
,,,,,,,,,,,,,,,,,,,,,,
,,,,,,,,,,,,,,,,,,,,,,
,,,,,,,,,,,,,,,,,,,,,,
,,,,,,,,,,,,,,,,,,,,,,
,,,,,,,,,,,,,,,,,,,,,,
,,,,,,,,,,,,,,,,,,,,,,
,,,,,,,,,,,,,,,,,,,,,,
,,,,,,,,,,,,,,,,,,,,,,
,,,,,,,,,,,,,,,,,,,,,,
,,,,,,,,,,,,,,,,,,,,,,
,,,,,,,,,,,,,,,,,,,,,,
,,,,,,,,,,,,,,,,,,,,,,
,,,,,,,,,,,,,,,,,,,,,,
,,,,,,,,,,,,,,,,,,,,,,
,,,,,,,,,,,,,,,,,,,,,,
,,,,,,,,,,,,,,,,,,,,,,
,,,,,,,,,,,,,,,,,,,,,,
,,,,,,,,,,,,,,,,,,,,,,
,,,,,,,,,,,,,,,,,,,,,,
,,,,,,,,,,,,,,,,,,,,,,
,,,,,,,,,,,,,,,,,,,,,,
,,,,,,,,,,,,,,,,,,,,,,
,,,,,,,,,,,,,,,,,,,,,,
,,,,,,,,,,,,,,,,,,,,,,
,,,,,,,,,,,,,,,,,,,,,,
,,,,,,,,,,,,,,,,,,,,,,
,,,,,,,,,,,,,,,,,,,,,,
,,,,,,,,,,,,,,,,,,,,,,
,,,,,,,,,,,,,,,,,,,,,,
,,,,,,,,,,,,,,,,,,,,,,
,,,,,,,,,,,,,,,,,,,,,,
,,,,,,,,,,,,,,,,,,,,,,
,,,,,,,,,,,,,,,,,,,,,,
,,,,,,,,,,,,,,,,,,,,,,
,,,,,,,,,,,,,,,,,,,,,,
,,,,,,,,,,,,,,,,,,,,,,
,,,,,,,,,,,,,,,,,,,,,,
,,,,,,,,,,,,,,,,,,,,,,
,,,,,,,,,,,,,,,,,,,,,,
,,,,,,,,,,,,,,,,,,,,,,
,,,,,,,,,,,,,,,,,,,,,,
,,,,,,,,,,,,,,,,,,,,,,
,,,,,,,,,,,,,,,,,,,,,,
,,,,,,,,,,,,,,,,,,,,,,
,,,,,,,,,,,,,,,,,,,,,,
,,,,,,,,,,,,,,,,,,,,,,
,,,,,,,,,,,,,,,,,,,,,,
,,,,,,,,,,,,,,,,,,,,,,
,,,,,,,,,,,,,,,,,,,,,,
,,,,,,,,,,,,,,,,,,,,,,
,,,,,,,,,,,,,,,,,,,,,,
,,,,,,,,,,,,,,,,,,,,,,
,,,,,,,,,,,,,,,,,,,,,,
,,,,,,,,,,,,,,,,,,,,,,
,,,,,,,,,,,,,,,,,,,,,,
,,,,,,,,,,,,,,,,,,,,,,
,,,,,,,,,,,,,,,,,,,,,,
,,,,,,,,,,,,,,,,,,,,,,
,,,,,,,,,,,,,,,,,,,,,,
,,,,,,,,,,,,,,,,,,,,,,
,,,,,,,,,,,,,,,,,,,,,,
,,,,,,,,,,,,,,,,,,,,,,
,,,,,,,,,,,,,,,,,,,,,,
,,,,,,,,,,,,,,,,,,,,,,
,,,,,,,,,,,,,,,,,,,,,,
,,,,,,,,,,,,,,,,,,,,,,
,,,,,,,,,,,,,,,,,,,,,,
,,,,,,,,,,,,,,,,,,,,,,
,,,,,,,,,,,,,,,,,,,,,,
,,,,,,,,,,,,,,,,,,,,,,
,,,,,,,,,,,,,,,,,,,,,,
,,,,,,,,,,,,,,,,,,,,,,
,,,,,,,,,,,,,,,,,,,,,,
,,,,,,,,,,,,,,,,,,,,,,
,,,,,,,,,,,,,,,,,,,,,,
,,,,,,,,,,,,,,,,,,,,,,
,,,,,,,,,,,,,,,,,,,,,,
,,,,,,,,,,,,,,,,,,,,,,
,,,,,,,,,,,,,,,,,,,,,,
,,,,,,,,,,,,,,,,,,,,,,
,,,,,,,,,,,,,,,,,,,,,,
,,,,,,,,,,,,,,,,,,,,,,
,,,,,,,,,,,,,,,,,,,,,,
,,,,,,,,,,,,,,,,,,,,,,
,,,,,,,,,,,,,,,,,,,,,,
,,,,,,,,,,,,,,,,,,,,,,
,,,,,,,,,,,,,,,,,,,,,,
,,,,,,,,,,,,,,,,,,,,,,
,,,,,,,,,,,,,,,,,,,,,,
,,,,,,,,,,,,,,,,,,,,,,
,,,,,,,,,,,,,,,,,,,,,,
,,,,,,,,,,,,,,,,,,,,,,
,,,,,,,,,,,,,,,,,,,,,,
,,,,,,,,,,,,,,,,,,,,,,
,,,,,,,,,,,,,,,,,,,,,,
,,,,,,,,,,,,,,,,,,,,,,
,,,,,,,,,,,,,,,,,,,,,,
,,,,,,,,,,,,,,,,,,,,,,
,,,,,,,,,,,,,,,,,,,,,,
,,,,,,,,,,,,,,,,,,,,,,
,,,,,,,,,,,,,,,,,,,,,,
,,,,,,,,,,,,,,,,,,,,,,
,,,,,,,,,,,,,,,,,,,,,,
,,,,,,,,,,,,,,,,,,,,,,
,,,,,,,,,,,,,,,,,,,,,,
,,,,,,,,,,,,,,,,,,,,,,
,,,,,,,,,,,,,,,,,,,,,,
,,,,,,,,,,,,,,,,,,,,,,
,,,,,,,,,,,,,,,,,,,,,,
,,,,,,,,,,,,,,,,,,,,,,
,,,,,,,,,,,,,,,,,,,,,,
,,,,,,,,,,,,,,,,,,,,,,
,,,,,,,,,,,,,,,,,,,,,,
,,,,,,,,,,,,,,,,,,,,,,
,,,,,,,,,,,,,,,,,,,,,,
,,,,,,,,,,,,,,,,,,,,,,
,,,,,,,,,,,,,,,,,,,,,,
,,,,,,,,,,,,,,,,,,,,,,
,,,,,,,,,,,,,,,,,,,,,,
,,,,,,,,,,,,,,,,,,,,,,
,,,,,,,,,,,,,,,,,,,,,,
,,,,,,,,,,,,,,,,,,,,,,
,,,,,,,,,,,,,,,,,,,,,,
,,,,,,,,,,,,,,,,,,,,,,
,,,,,,,,,,,,,,,,,,,,,,
,,,,,,,,,,,,,,,,,,,,,,
,,,,,,,,,,,,,,,,,,,,,,
,,,,,,,,,,,,,,,,,,,,,,
,,,,,,,,,,,,,,,,,,,,,,
,,,,,,,,,,,,,,,,,,,,,,
,,,,,,,,,,,,,,,,,,,,,,
