shapeName,sum,year
Kepulauan Mentawai,68340.21176,2010
Kepulauan Meranti,67808.25882,2010
Kepulauan Sangihe,42284.80784,2010
Kepulauan Selayar,79043.58824,2010
Kepulauan Sula,14122.58431,2010
Kepulauan Talaud,182641.9843,2010
Kerinci,259840.5608,2010
Ketapang,490552.1333,2010
Klaten,1312452.588,2010
Klungkung,222100.9608,2010
Kolaka,209127.5608,2010
Kolaka Timur,126795.1216,2010
Kolaka Utara,40850.85882,2010
Konawe,228461.749,2010
Konawe Kepulauan,9410.180392,2010
Konawe Selatan,216576.4235,2010
Konawe Utara,59113.39608,2010
Kota Ambon,148352.4706,2010
Kota Balikpapan,359974.3333,2010
Kota Banda Aceh,283134.7137,2010
Kota Bandar Lampung,827323.9725,2010
Kota Bandung,2328042.541,2010
Kota Banjar,161368.5922,2010
Kota Banjar Baru,170275.3961,2010
Kota Banjarmasin,643197.5608,2010
Kota Baru,267674.3451,2010
Kota Batam,443556.9725,2010
Kota Batu,197765.2471,2010
Kota Baubau,25195,2010
Kota Bekasi,1886047.157,2010
Kota Bengkulu,446862.0392,2010
Kota Bima,87074.42353,2010
Kota Binjai,236875.3176,2010
Kota Bitung,34428.10588,2010
Kota Blitar,139588.2314,2010
Kota Bogor,875038.5333,2010
Kota Bontang,96001.54118,2010
Kota Bukittinggi,95537.15294,2010
Kota Cilegon,359472.7922,2010
Kota Cimahi,295871.3922,2010
Kota Cirebon,387917.7843,2010
Kota Denpasar,623018.9451,2010
Kota Depok,1359385.992,2010
Kota Dumai,454936.0431,2010
Kota Gorontalo,136139.3882,2010
Kota Gunungsitoli,32128.4,2010
Kota Jakarta Barat,2275533.016,2010
Kota Jakarta Pusat,979877.3373,2010
Kota Jakarta Selatan,2069071.933,2010
Kota Jakarta Timur,2895322.353,2010
Kota Jakarta Utara,1594378.043,2010
Kota Jambi,517965.0078,2010
Kota Kediri,296694.8275,2010
Kota Kendari,225102.3686,2010
Kota Kotamobagu,123204.6588,2010
Kota Kupang,246245.8706,2010
Kota Langsa,135044.6157,2010
Kota Lhokseumawe,102962.4353,2010
Kota Lubuklinggau,138957.6235,2010
Kota Madiun,201480.4275,2010
Kota Magelang,134152.9765,2010
Kota Makassar,1323274.588,2010
Kota Malang,1038752.298,2010
Kota Manado,415134.4784,2010
Kota Mataram,748495.5333,2010
Kota Medan,3120259.176,2010
Kota Metro,125134.7922,2010
Kota Mojokerto,124918.0863,2010
Kota Padang,1134170.549,2010
Kota Padang Panjang,45436.33725,2010
Kota Padangsidimpuan,283726.5569,2010
Kota Pagar Alam,38544.01961,2010
Kota Palangka Raya,235606.7255,2010
Kota Palembang,1830013.384,2010
Kota Palopo,79345.38824,2010
Kota Palu,223390.6549,2010
Kota Pangkal Pinang,71749.96471,2010
Kota Parepare,117230.3804,2010
Kota Pariaman,100187.8431,2010
Kota Pasuruan,196152.949,2010
Kota Payakumbuh,168125.2118,2010
Kota Pekalongan,306218.3843,2010
Kota Pekanbaru,770208.1176,2010
Kota Pematang Siantar,299105.9843,2010
Kota Pontianak,873039.949,2010
Kota Prabumulih,84887.14118,2010
Kota Probolinggo,205757.9137,2010
Kota Sabang,19473.94902,2010
Kota Salatiga,235354.3176,2010
Kota Samarinda,626542.6902,2010
Kota Sawah Lunto,91175.0549,2010
Kota Semarang,1584703.361,2010
Kota Serang,438791.8118,2010
Kota Sibolga,38205.70196,2010
Kota Singkawang,341339.2745,2010
Kota Solok,35646.6902,2010
Kota Sorong,51710.9451,2010
Kota Subulussalam,40146.00784,2010
Kota Sukabumi,317421.5137,2010
Kota Sungai Penuh,33824.27843,2010
Kota Surabaya,2993580.024,2010
Kota Surakarta,575686.9725,2010
Kota Tangerang,1584509.38,2010
Kota Tangerang Selatan,700499.3451,2010
Kota Tanjung Balai,120204.4275,2010
Kota Tanjung Pinang,211176.3961,2010
Kota Tarakan,133960.7686,2010
Kota Tasikmalaya,624695.1922,2010
Kota Tebing Tinggi,224769.5294,2010
Kota Tegal,273190.349,2010
Kota Ternate,115983.6118,2010
Kota Tidore Kepulauan,17666.70196,2010
Kota Tomohon,110229.298,2010
Kota Tual,29263.78431,2010
Kota Yogyakarta,470807.8471,2010
Kotawaringin Barat,235403.9569,2010
Kotawaringin Timur,224590.9059,2010
Kuantan Singingi,184350.102,2010
Kubu Raya,216783.6824,2010
Kudus,820950.0667,2010
Kulon Progo,438516.7176,2010
Kuningan,1139854.902,2010
Kupang,364894.7451,2010
Kutai Barat,75945.08235,2010
Kutai Kartanegara,634600.4824,2010
Kutai Timur,177046.6824,2010
Labuhan Batu,497927.9451,2010
Labuhan Batu Selatan,194025.1137,2010
Labuhan Batu Utara,339504.6941,2010
Lahat,367589.0235,2010
Lamandau,11139.8549,2010
Lamongan,1374491.788,2010
Lampung Barat,16711.14118,2010
Lampung Selatan,1180603.427,2010
Lampung Tengah,1732612.498,2010
Lampung Timur,1106104.459,2010
Lampung Utara,462522.3176,2010
Landak,363046.9765,2010
Langkat,821438.0863,2010
Lebak,1035102.063,2010
Lebong,236958.4431,2010
Lembata,102624.1333,2010
Lima Puluh Kota,663232.9137,2010
Lingga,52737.36078,2010
Lombok Barat,321291.8549,2010
Lombok Tengah,843411.1137,2010
Lombok Timur,1215554.149,2010
Lombok Utara,142253.0941,2010
Lumajang,1090300.251,2010
Luwu,284725.0353,2010
Luwu Timur,345634.9412,2010
Luwu Utara,158682.1294,2010
Madiun,784060.4314,2010
Magelang,1334694.804,2010
Magetan,722089.7804,2010
Mahakam Hulu,42921.19216,2010
Majalengka,1355200.82,2010
Majene,118201.4706,2010
Malaka,150010.2863,2010
Malang,2481618.553,2010
Malinau,58215.68235,2010
Maluku Barat Daya,102620.0745,2010
Maluku Tengah,217459.8627,2010
Maluku Tenggara,29203.83922,2010
Maluku Tenggara Barat,46261.06275,2010
Mamasa,110342.8118,2010
Mamuju,131055.3765,2010
Mamuju Tengah,85160.72941,2010
Mamuju Utara,111394.3961,2010
Mandailing Natal,139632.6863,2010
Manggarai,187226.5451,2010
Manggarai Barat,334800.6235,2010
Manggarai Timur,174273.251,2010
Manokwari,94943.13725,2010
Manokwari Selatan,10712.86275,2010
Maros,317556.3608,2010
Maybrat,8290.623529,2010
Melawi,226023.4824,2010
Mempawah,144388.5333,2010
Merangin,291139.7804,2010
Mesuji,315600.8118,2010
Mimika,92166.85882,2010
Minahasa,389596.2588,2010
Minahasa Selatan,276570.7333,2010
Minahasa Tenggara,198166.2588,2010
Minahasa Utara,56252.75294,2010
Mojokerto,1080723.984,2010
Morowali,45102.63529,2010
Morowali Utara,96439.39608,2010
Muara Enim,395713.149,2010
Muaro Jambi,256476.7176,2010
Mukomuko,222746.3569,2010
Muna,346022.1333,2010
Muna Barat,206235.4667,2010
Murung Raya,99437.63922,2010
Musi Banyuasin,592522.2824,2010
Musi Rawas,553921.8353,2010
Musi Rawas Utara,160684.4667,2010
Nabire,89534.10196,2010
Nagan Raya,186301.8118,2010
Nagekeo,164995.5765,2010
Natuna,71399.69412,2010
Ngada,152323.6745,2010
Nganjuk,1153476.18,2010
Ngawi,929431.5922,2010
Nias,192024.1765,2010
Nias Barat,68120.05882,2010
Nias Selatan,350773.5294,2010
Nias Utara,127947.1137,2010
Nunukan,78996.54118,2010
Ogan Ilir,261865.2392,2010
Ogan Komering Ilir,1102458.369,2010
Ogan Komering Ulu,398600.1529,2010
Ogan Komering Ulu Selatan,73253.39216,2010
Ogan Komering Ulu Timur,612711.7529,2010
Pacitan,622995.6706,2010
Padang Lawas,327426.7961,2010
Padang Lawas Utara,487573.5686,2010
Padang Pariaman,158643.0275,2010
Pakpak Bharat,17490.37255,2010
Pamekasan,797898.502,2010
Pandeglang,1163874.796,2010
Pangandaran,929817.3804,2010
Pangkajene Dan Kepulauan,273389.7608,2010
Parigi Moutong,397596.7725,2010
Pasaman,150865.1373,2010
Pasaman Barat,530441.651,2010
Paser,94789.06667,2010
Pasuruan,1592369.31,2010
Pati,1359389.263,2010
Pegunungan Arfak,7100.717647,2010
Pekalongan,950318.6118,2010
Pelalawan,251860.6588,2010
Pemalang,1498401.2,2010
Penajam Paser Utara,54716.9451,2010
Penukal Abab Lematang Ilir,247035.3686,2010
Pesawaran,415227.8118,2010
Pesisir Barat,19588.15686,2010
Pesisir Selatan,286338.502,2010
Pidie,520886.1137,2010
Pidie Jaya,110717.4353,2010
Pinrang,365881.9922,2010
Pohuwato,23367.58039,2010
Polewali Mandar,418905.7255,2010
Ponorogo,990752.9098,2010
Poso,235784.6275,2010
Pringsewu,197124.851,2010
Probolinggo,1175461.153,2010
Pulang Pisau,179380.4118,2010
Pulau Morotai,65309.56471,2010
Pulau Taliabu,6456.34902,2010
Purbalingga,950835.1294,2010
Purwakarta,807804.6627,2010
Purworejo,842078.0471,2010
Raja Ampat,42241.68627,2010
Rejang Lebong,283526.5373,2010
Rembang,662329.8588,2010
Rokan Hilir,216212.9961,2010
Rokan Hulu,230233.1137,2010
Rote Ndao,127695.4314,2010
Sabu Raijua,23166.99608,2010
Sambas,403931.5843,2010
Samosir,110909.6,2010
Sampang,883004.5922,2010
Sanggau,420144.3137,2010
Sarolangun,258145.502,2010
Sekadau,173308.7176,2010
Seluma,139237.8941,2010
Semarang,1135555.706,2010
Seram Bagian Barat,173638.0706,2010
Seram Bagian Timur,87493.21176,2010
Serang,1513217.271,2010
Serdang Bedagai,393426.9294,2010
Seruyan,168001.6157,2010
Siak,504424.6431,2010
Siau Tagulandang Biaro,8873.478431,2010
Sidenreng Rappang,455385.4314,2010
Sidoarjo,1922835.949,2010
Sigi,461048.5098,2010
Sijunjung,106545.5137,2010
Sikka,330053.0392,2010
Simalungun,413481.5294,2010
Simeulue,80066.45882,2010
Sinjai,196832.4314,2010
Sintang,360040.1569,2010
Situbondo,749260.1569,2010
Sleman,1068113.188,2010
Solok,224132.2784,2010
Solok Selatan,190990.6157,2010
Soppeng,245194.9686,2010
Sorong,123315.5843,2010
Sorong Selatan,26070.73333,2010
Sragen,1006575,2010
Subang,1576806.816,2010
Sukabumi,2430509.212,2010
Sukamara,29242.74118,2010
Sukoharjo,928765.2471,2010
Sumba Barat,119493.851,2010
Sumba Barat Daya,132538.3059,2010
Sumba Tengah,162542.9255,2010
Sumba Timur,234824.5647,2010
Sumbawa,462964.102,2010
Sumbawa Barat,66625.03137,2010
Sumedang,1186260.675,2010
Sumenep,965143.902,2010
Tabalong,194049.8667,2010
Tabanan,444292.4,2010
Takalar,234553.3451,2010
Tambrauw,20700.46275,2010
Tana Tidung,10849.64706,2010
Tana Toraja,199688.3569,2010
Tanah Bumbu,161308.2706,2010
Tanah Datar,189763.4588,2010
Tanah Laut,272707.1647,2010
Tangerang,2891969.612,2010
Tanggamus,114584.9137,2010
Tanjung Jabung Barat,317114.8314,2010
Tanjung Jabung Timur,125924.1255,2010
Tapanuli Selatan,425928.8941,2010
Tapanuli Tengah,490165.9961,2010
Tapanuli Utara,132167.5529,2010
Tapin,170337.5529,2010
Tasikmalaya,1777781.337,2010
Tebo,234262.902,2010
Tegal,1639165.294,2010
Teluk Bintuni,82286.43137,2010
Teluk Wondama,8973.290196,2010
Temanggung,797856.0863,2010
Timor Tengah Selatan,449214.6824,2010
Timor Tengah Utara,258801.3725,2010
Toba Samosir,517513.9373,2010
Tojo Una-Una,39762.46275,2010
Toli-Toli,182930.9608,2010
Toraja Utara,382052.4,2010
Trenggalek,763688.6118,2010
Tuban,1222942.2,2010
Tulang Bawang Barat,347504.3137,2010
Tulangbawang,572720.7412,2010
Tulungagung,1102338.631,2010
Waduk Cirata,11160.70196,2010
Wadung Kedungombo,2768.690196,2010
Wajo,439756.8902,2010
Wakatobi,16268.23529,2010
Way Kanan,616318.8314,2010
Wonogiri,1144978.486,2010
Wonosobo,861586.2353,2010
Aceh Barat,253632.4471,2010
Aceh Barat Daya,170450.3216,2010
Aceh Besar,393508.5922,2010
Aceh Jaya,112024.0627,2010
Aceh Selatan,193468.2078,2010
Aceh Singkil,140877.1176,2010
Aceh Tamiang,227380.3569,2010
Aceh Tengah,117576.4392,2010
Aceh Tenggara,200913.2627,2010
Aceh Timur,250707.1373,2010
Aceh Utara,421630.5569,2010
Agam,484322.302,2010
Alor,188136.6353,2010
Asahan,489990.6353,2010
Badung,377251.1686,2010
Balangan,93855.98431,2010
Bandung,2905446.808,2010
Bandung Barat,1765250.263,2010
Banggai,310499.5255,2010
Banggai Kepulauan,115401.9804,2010
Banggai Laut,27141.08235,2010
Bangka,214640.0471,2010
Bangka Barat,173007.8627,2010
Bangka Selatan,224673.2588,2010
Bangka Tengah,128058.5412,2010
Bangkalan,950593.3882,2010
Bangli,227646.1961,2010
Banjar,484117.8863,2010
Banjarnegara,989665.9843,2010
Bantaeng,186929.6784,2010
Bantul,901249.3843,2010
Banyu Asin,581999.1294,2010
Banyumas,1714744.816,2010
Banyuwangi,1734985.204,2010
Barito Kuala,233254.8941,2010
Barito Selatan,179596.9608,2010
Barito Timur,106880.9804,2010
Barito Utara,139192.451,2010
Barru,148286.9529,2010
Batang,777339.0863,2010
Batang Hari,280858.2118,2010
Batu Bara,516604.6275,2010
Bekasi,2196324.443,2010
Belitung,119909.3725,2010
Belitung Timur,110653.4667,2010
Belu,168656.3529,2010
Bener Meriah,63547.62745,2010
Bengkalis,454688.0196,2010
Bengkayang,340501.1882,2010
Bengkulu Selatan,95120.85882,2010
Bengkulu Tengah,63741.66275,2010
Bengkulu Utara,271420.4784,2010
Berau,136774.7059,2010
Biak Numfor,130530.5137,2010
Bima,548444.4078,2010
Bintan,61501.00392,2010
Bireuen,351745.5333,2010
Blitar,1262844.933,2010
Blora,971172.4,2010
Boalemo,140496.3647,2010
Bogor,3616563.965,2010
Bojonegoro,1376252.573,2010
Bolaang Mongondow,176117.7569,2010
Bolaang Mongondow Selatan,30982.43922,2010
Bolaang Mongondow Timur,46417.2902,2010
Bolaang Mongondow Utara,59195.42745,2010
Bombana,149777.2314,2010
Bondowoso,781279.7333,2010
Bone,775792.149,2010
Bone Bolango,46985.76863,2010
Boyolali,1061933.792,2010
Brebes,2021874.945,2010
Buleleng,596353.9216,2010
Bulukumba,463375.4902,2010
Bulungan,84402.26275,2010
Bungo,239489.9373,2010
Buol,114503.6824,2010
Buru,99292.3451,2010
Buru Selatan,21918.24314,2010
Buton,9666.780392,2010
Buton Selatan,8382.741176,2010
Buton Tengah,47836.31373,2010
Buton Utara,79666.54902,2010
Ciamis,821077.2118,2010
Cianjur,2255061.847,2010
Cilacap,1902563.471,2010
Cirebon,2183196.443,2010
Dairi,265127.898,2010
Danau,19423.42353,2010
Danau Toba,25506.86667,2010
Deli Serdang,1752706.91,2010
Demak,1166901.129,2010
Dharmasraya,326541.5725,2010
Dompu,194239.0314,2010
Donggala,160080.7647,2010
Empat Lawang,161303.298,2010
Ende,238222.3098,2010
Enrekang,32802.4549,2010
Fakfak,74117.63529,2010
Flores Timur,212480.3294,2010
Garut,2405947.263,2010
Gayo Lues,103566.9373,2010
Gianyar,452145.1176,2010
Gorontalo,561442.4392,2010
Gorontalo Utara,71774.2,2010
Gowa,610201.298,2010
Gresik,1127002.773,2010
Grobogan,1539311.475,2010
Gunung Kidul,789606.2235,2010
Gunung Mas,109370.1961,2010
Halmahera Barat,123958.5255,2010
Halmahera Selatan,45010.72941,2010
Halmahera Tengah,15707.96863,2010
Halmahera Timur,21591.8549,2010
Halmahera Utara,200169.5608,2010
Hulu Sungai Selatan,225646.3176,2010
Hulu Sungai Tengah,283821.4392,2010
Hulu Sungai Utara,223969.149,2010
Humbang Hasundutan,76257.13333,2010
Hutan,273.8117647,2010
Indragiri Hilir,921915.5098,2010
Indragiri Hulu,152023.5216,2010
Indramayu,1865516.18,2010
Jember,2617608.165,2010
Jembrana,268112.7137,2010
Jeneponto,577837.8824,2010
Jepara,1134764.188,2010
Jombang,1335737.62,2010
Kaimana,10671.36078,2010
Kampar,505136.3608,2010
Kapuas,330347.7922,2010
Kapuas Hulu,245876.8784,2010
Karang Asem,412296.5529,2010
Karanganyar,902359.2784,2010
Karawang,2278060.78,2010
Karimun,168621.9647,2010
Karo,215083.8392,2010
Katingan,162780.5529,2010
Kaur,41250.2902,2010
Kayong Utara,20659.58824,2010
Kebumen,1382983.043,2010
Kediri,1656393.835,2010
Kendal,1015110.451,2010
Kepahiang,61731.54902,2010
Kepulauan Anambas,6378.517647,2010
Kepulauan Aru,107056.7647,2010
Kepulauan Yapen,28676.3098,2010
Kota Jayapura,153514.7961,2010
Lanny Jaya,97730.53333,2010
Mamberamo Raya,80326.77255,2010
Mamberamo Tengah,13906.36471,2010
Mappi,21834.93333,2010
Merauke,263359.7804,2010
Nduga,31215.59608,2010
Paniai,66491.56078,2010
Pegunungan Bintang,105533.949,2010
Puncak,86990.22353,2010
Puncak Jaya,29047.09412,2010
Sarmi,65661.55686,2010
Supiori,6074.552941,2010
Tolikara,37571.53725,2010
Waropen,18697.26275,2010
Yahukimo,102641.1922,2010
Yalimo,23030.6902,2010
Asmat,8470.254902,2010
Boven Digoel,17370.76863,2010
Deiyai,40852.05882,2010
Dogiyai,42183.4,2010
Intan Jaya,11757.42745,2010
Jayapura,47159.36471,2010
Jayawijaya,70747.83529,2010
Keerom,32254.28627,2010
Kepulauan Mentawai,68403.68235,2011
Kepulauan Meranti,90332.98824,2011
Kepulauan Sangihe,53406.60784,2011
Kepulauan Selayar,77767.63529,2011
Kepulauan Sula,16372.23529,2011
Kepulauan Talaud,158553.7059,2011
Kerinci,293490.4941,2011
Ketapang,468386.3255,2011
Klaten,1194327.4,2011
Klungkung,241170.7529,2011
Kolaka,225081.6471,2011
Kolaka Timur,140757.2392,2011
Kolaka Utara,41177.21176,2011
Konawe,243455.2118,2011
Konawe Kepulauan,10180.0549,2011
Konawe Selatan,234467.5961,2011
Konawe Utara,64034.19216,2011
Kota Ambon,165571.3137,2011
Kota Balikpapan,457116.0784,2011
Kota Banda Aceh,284040.2157,2011
Kota Bandar Lampung,819251.1922,2011
Kota Bandung,2450896.984,2011
Kota Banjar,174136.2706,2011
Kota Banjar Baru,181522.9725,2011
Kota Banjarmasin,685448.051,2011
Kota Baru,282135.5255,2011
Kota Batam,852198.8235,2011
Kota Batu,192693.8902,2011
Kota Baubau,27109.29804,2011
Kota Bekasi,1992526.157,2011
Kota Bengkulu,438092.4314,2011
Kota Bima,85750.66667,2011
Kota Binjai,231601.149,2011
Kota Bitung,34089.01961,2011
Kota Blitar,131961.5647,2011
Kota Bogor,923067.9725,2011
Kota Bontang,121902.1529,2011
Kota Bukittinggi,95622.57255,2011
Kota Cilegon,414064.8392,2011
Kota Cimahi,322029.8431,2011
Kota Cirebon,410428.7686,2011
Kota Denpasar,675065.3686,2011
Kota Depok,1436193.4,2011
Kota Dumai,498468.4588,2011
Kota Gorontalo,148813.8353,2011
Kota Gunungsitoli,31874.54118,2011
Kota Jakarta Barat,2288469.894,2011
Kota Jakarta Pusat,983814.1922,2011
Kota Jakarta Selatan,2079928.204,2011
Kota Jakarta Timur,2912517.769,2011
Kota Jakarta Utara,1604026.988,2011
Kota Jambi,584099.2863,2011
Kota Kediri,280476.3765,2011
Kota Kendari,242121.1608,2011
Kota Kotamobagu,121969.4314,2011
Kota Kupang,256066.0118,2011
Kota Langsa,135474.0196,2011
Kota Lhokseumawe,103299.2431,2011
Kota Lubuklinggau,132416.3216,2011
Kota Madiun,190476.6039,2011
Kota Magelang,122055.2706,2011
Kota Makassar,1301704.757,2011
Kota Malang,986651.9882,2011
Kota Manado,411046.9647,2011
Kota Mataram,741665.3294,2011
Kota Medan,3052498.439,2011
Kota Metro,123907.2745,2011
Kota Mojokerto,118091.8157,2011
Kota Padang,1140029.839,2011
Kota Padang Panjang,45475.60392,2011
Kota Padangsidimpuan,277363.5373,2011
Kota Pagar Alam,36838.40392,2011
Kota Palangka Raya,246480.4627,2011
Kota Palembang,1733650.153,2011
Kota Palopo,78049.05098,2011
Kota Palu,232798.0863,2011
Kota Pangkal Pinang,118788.3451,2011
Kota Parepare,115322.3647,2011
Kota Pariaman,100288.6314,2011
Kota Pasuruan,185433.1725,2011
Kota Payakumbuh,168263.3647,2011
Kota Pekalongan,278605.1922,2011
Kota Pekanbaru,956425.4824,2011
Kota Pematang Siantar,292500.2588,2011
Kota Pontianak,834720.7333,2011
Kota Prabumulih,81650.08235,2011
Kota Probolinggo,194517.7098,2011
Kota Sabang,19537.58039,2011
Kota Salatiga,214406.8549,2011
Kota Samarinda,795519.4902,2011
Kota Sawah Lunto,91604.01569,2011
Kota Semarang,1441844.945,2011
Kota Serang,505442.3176,2011
Kota Sibolga,37357.27843,2011
Kota Singkawang,330544.7059,2011
Kota Solok,35679.32549,2011
Kota Sorong,63402.51765,2011
Kota Subulussalam,40319.65098,2011
Kota Sukabumi,335893.1647,2011
Kota Sungai Penuh,38992.77647,2011
Kota Surabaya,2829964.898,2011
Kota Surakarta,523775.1451,2011
Kota Tangerang,1823463.792,2011
Kota Tangerang Selatan,794827.9412,2011
Kota Tanjung Balai,117539.0196,2011
Kota Tanjung Pinang,233698.8392,2011
Kota Tarakan,170107.8863,2011
Kota Tasikmalaya,666124.9608,2011
Kota Tebing Tinggi,219769.8706,2011
Kota Tegal,248555.0314,2011
Kota Ternate,134562.2745,2011
Kota Tidore Kepulauan,20385.86275,2011
Kota Tomohon,109139.4353,2011
Kota Tual,32652.52157,2011
Kota Yogyakarta,457443.8667,2011
Kotawaringin Barat,246095.698,2011
Kotawaringin Timur,234948.5216,2011
Kuantan Singingi,205778.0353,2011
Kubu Raya,207432.5333,2011
Kudus,746922.8118,2011
Kulon Progo,426058.0824,2011
Kuningan,1202481.682,2011
Kupang,379444.4275,2011
Kutai Barat,94545.7098,2011
Kutai Kartanegara,808388.7569,2011
Kutai Timur,224944.3412,2011
Labuhan Batu,490873.9098,2011
Labuhan Batu Selatan,189648.2314,2011
Labuhan Batu Utara,334092.5333,2011
Lahat,350328.7176,2011
Lamandau,11723.03529,2011
Lamongan,1299378.114,2011
Lampung Barat,16644.38431,2011
Lampung Selatan,1169084.808,2011
Lampung Tengah,1716658.51,2011
Lampung Timur,1095167.875,2011
Lampung Utara,459614.8431,2011
Landak,346392.1255,2011
Langkat,803248.8824,2011
Lebak,1196741.075,2011
Lebong,228773.2549,2011
Lembata,106434.749,2011
Lima Puluh Kota,664744.9882,2011
Lingga,56606.59216,2011
Lombok Barat,319303.2392,2011
Lombok Tengah,830759.8,2011
Lombok Timur,1197154.341,2011
Lombok Utara,132363.0118,2011
Lumajang,1029044.761,2011
Luwu,280571.7804,2011
Luwu Timur,342021.0353,2011
Luwu Utara,153762.9765,2011
Madiun,741197.3725,2011
Magelang,1214881.78,2011
Magetan,682331.6588,2011
Mahakam Hulu,53946.69412,2011
Majalengka,1432856.298,2011
Majene,127366.8549,2011
Malaka,158024.6157,2011
Malang,2334924.235,2011
Malinau,74647.64314,2011
Maluku Barat Daya,117868.4275,2011
Maluku Tengah,245594.7333,2011
Maluku Tenggara,32557.67451,2011
Maluku Tenggara Barat,52840,2011
Mamasa,112309.6157,2011
Mamuju,179148.3686,2011
Mamuju Tengah,116483.9647,2011
Mamuju Utara,143975.9569,2011
Mandailing Natal,136591.5843,2011
Manggarai,195742.5098,2011
Manggarai Barat,345816.1373,2011
Manggarai Timur,182218.6588,2011
Manokwari,115208.498,2011
Manokwari Selatan,12947.73725,2011
Maros,312598.302,2011
Maybrat,10250.97647,2011
Melawi,216072.7216,2011
Mempawah,138186.702,2011
Merangin,321130.8431,2011
Mesuji,306507.3333,2011
Mimika,146987.1098,2011
Minahasa,385744.0471,2011
Minahasa Selatan,273848.7765,2011
Minahasa Tenggara,196205.1059,2011
Minahasa Utara,55699.27059,2011
Mojokerto,1021661.851,2011
Morowali,47267.55686,2011
Morowali Utara,100585.9686,2011
Muara Enim,368237.2745,2011
Muaro Jambi,278802.1216,2011
Mukomuko,217088.5569,2011
Muna,342306.7843,2011
Muna Barat,239797.2078,2011
Murung Raya,104424.9804,2011
Musi Banyuasin,561234.6667,2011
Musi Rawas,527442.6196,2011
Musi Rawas Utara,153230.9686,2011
Nabire,140409.8118,2011
Nagan Raya,186887.2471,2011
Nagekeo,170760.6745,2011
Natuna,81766.96471,2011
Ngada,159226.8902,2011
Nganjuk,1090434.416,2011
Ngawi,878519.0039,2011
Nias,190514.6667,2011
Nias Barat,67579.96078,2011
Nias Selatan,348037.9333,2011
Nias Utara,116148.8235,2011
Nunukan,100273.2549,2011
Ogan Ilir,251108.1137,2011
Ogan Komering Ilir,1050842.765,2011
Ogan Komering Ulu,376627.1765,2011
Ogan Komering Ulu Selatan,65765.28235,2011
Ogan Komering Ulu Timur,587381.302,2011
Pacitan,588454.1608,2011
Padang Lawas,320548.9765,2011
Padang Lawas Utara,472780.1686,2011
Padang Pariaman,158775.1059,2011
Pakpak Bharat,17018.98431,2011
Pamekasan,754411.0627,2011
Pandeglang,1337177.745,2011
Pangandaran,979771.4275,2011
Pangkajene Dan Kepulauan,272806.3686,2011
Parigi Moutong,414055.6667,2011
Pasaman,145512.5098,2011
Pasaman Barat,535836.3294,2011
Paser,114725.1922,2011
Pasuruan,1505356.875,2011
Pati,1236811.322,2011
Pegunungan Arfak,8752.74902,2011
Pekalongan,864629.302,2011
Pelalawan,318084.4353,2011
Pemalang,1363286.49,2011
Penajam Paser Utara,70521.97647,2011
Penukal Abab Lematang Ilir,237670.651,2011
Pesawaran,411197.2078,2011
Pesisir Barat,19483.83922,2011
Pesisir Selatan,285969.5647,2011
Pidie,522542.4039,2011
Pidie Jaya,111075.6824,2011
Pinrang,359936.8039,2011
Pohuwato,25524.22353,2011
Polewali Mandar,427940.2471,2011
Ponorogo,936631.0706,2011
Poso,245716.0824,2011
Pringsewu,195092.8941,2011
Probolinggo,1111275.31,2011
Pulang Pisau,175905.3373,2011
Pulau Morotai,62751.66275,2011
Pulau Taliabu,7546.278431,2011
Purbalingga,865099.3529,2011
Purwakarta,854084.5059,2011
Purworejo,766196.102,2011
Raja Ampat,52115.48627,2011
Rejang Lebong,271745.9686,2011
Rembang,602683.1529,2011
Rokan Hilir,274091.3765,2011
Rokan Hulu,274096.6588,2011
Rote Ndao,132793.349,2011
Sabu Raijua,24007.85098,2011
Sambas,386723.1059,2011
Samosir,110466.2745,2011
Sampang,834760.0706,2011
Sanggau,403692.1647,2011
Sarolangun,271225.7569,2011
Sekadau,162583.5373,2011
Seluma,117723.9412,2011
Semarang,1032932.341,2011
Seram Bagian Barat,194604.4118,2011
Seram Bagian Timur,97320.56078,2011
Serang,1744150.11,2011
Serdang Bedagai,385281.0196,2011
Seruyan,175345.3961,2011
Siak,639927.1608,2011
Siau Tagulandang Biaro,12279.88235,2011
Sidenreng Rappang,447918.8706,2011
Sidoarjo,1817749.09,2011
Sigi,490488.051,2011
Sijunjung,107236.9686,2011
Sikka,344795.2,2011
Simalungun,399119.098,2011
Simeulue,79423.83922,2011
Sinjai,194941.3843,2011
Sintang,344776.0078,2011
Situbondo,708487.7529,2011
Sleman,1037571.439,2011
Solok,221655.4353,2011
Solok Selatan,209461.2863,2011
Soppeng,240345.6863,2011
Sorong,151300.2157,2011
Sorong Selatan,31621.41569,2011
Sragen,915900.4157,2011
Subang,1667126.902,2011
Sukabumi,2569284.941,2011
Sukamara,28924.98824,2011
Sukoharjo,845201.9569,2011
Sumba Barat,124246.4,2011
Sumba Barat Daya,137897.0078,2011
Sumba Tengah,168935.5608,2011
Sumba Timur,244190.2078,2011
Sumbawa,459287.2431,2011
Sumbawa Barat,61746.19216,2011
Sumedang,1254284.49,2011
Sumenep,922598.9961,2011
Tabalong,206179.3373,2011
Tabanan,482183.1882,2011
Takalar,230705.6824,2011
Tambrauw,25435.88627,2011
Tana Tidung,13713.2549,2011
Tana Toraja,198188.0431,2011
Tanah Bumbu,174690.9765,2011
Tanah Datar,190762.2353,2011
Tanah Laut,290918.6863,2011
Tangerang,3318806.929,2011
Tanggamus,113567.6784,2011
Tanjung Jabung Barat,357156.6078,2011
Tanjung Jabung Timur,141789.702,2011
Tapanuli Selatan,416299.4,2011
Tapanuli Tengah,479330.1569,2011
Tapanuli Utara,115590.7569,2011
Tapin,181575.8824,2011
Tasikmalaya,1873790.31,2011
Tebo,253130.5961,2011
Tegal,1491362.796,2011
Teluk Bintuni,99563.06275,2011
Teluk Wondama,10809.86667,2011
Temanggung,725887.102,2011
Timor Tengah Selatan,467194.9843,2011
Timor Tengah Utara,269216.149,2011
Toba Samosir,515647.5373,2011
Tojo Una-Una,41422.83137,2011
Toli-Toli,190638.302,2011
Toraja Utara,376175.8627,2011
Trenggalek,721725.7333,2011
Tuban,1155984.18,2011
Tulang Bawang Barat,345176.9843,2011
Tulangbawang,568796.851,2011
Tulungagung,1042176.396,2011
Waduk Cirata,11803.57255,2011
Wadung Kedungombo,2516.337255,2011
Wajo,432581.9529,2011
Wakatobi,17498.78431,2011
Way Kanan,592108.9843,2011
Wonogiri,1042287.38,2011
Wonosobo,783903.2275,2011
Aceh Barat,254455.7294,2011
Aceh Barat Daya,170999.5922,2011
Aceh Besar,394762.8902,2011
Aceh Jaya,112379,2011
Aceh Selatan,194073.1412,2011
Aceh Singkil,141201.1608,2011
Aceh Tamiang,227920.5882,2011
Aceh Tengah,117927.5137,2011
Aceh Tenggara,201485.5216,2011
Aceh Timur,251512.0392,2011
Aceh Utara,422965.9059,2011
Agam,484742.1098,2011
Alor,195631.6235,2011
Asahan,479172.0471,2011
Badung,409107.7922,2011
Balangan,100084.9765,2011
Bandung,3071256.6,2011
Bandung Barat,1868115.549,2011
Banggai,323124.5412,2011
Banggai Kepulauan,120322.9059,2011
Banggai Laut,28256.9098,2011
Bangka,269577.8471,2011
Bangka Barat,196209.4118,2011
Bangka Selatan,254566.7294,2011
Bangka Tengah,145769.3882,2011
Bangkalan,898637.2353,2011
Bangli,246465.6706,2011
Banjar,516172.3059,2011
Banjarnegara,900429.8941,2011
Bantaeng,183890.4706,2011
Bantul,875674.2078,2011
Banyu Asin,552707.051,2011
Banyumas,1560124.247,2011
Banyuwangi,1639379.878,2011
Barito Kuala,248689.9608,2011
Barito Selatan,187599.6902,2011
Barito Timur,112648.9451,2011
Barito Utara,145543.9922,2011
Barru,142266.7294,2011
Batang,707241.3608,2011
Batang Hari,316211.0157,2011
Batu Bara,505155.5294,2011
Bekasi,2321658.145,2011
Belitung,134687.5569,2011
Belitung Timur,124465.3647,2011
Belu,173023.3804,2011
Bener Meriah,63774.07843,2011
Bengkalis,604887.8902,2011
Bengkayang,322106.2902,2011
Bengkulu Selatan,91618.69412,2011
Bengkulu Tengah,63826.25882,2011
Bengkulu Utara,251966.1961,2011
Berau,173787.2784,2011
Biak Numfor,194252.902,2011
Bima,540158.1569,2011
Bintan,67564.48235,2011
Bireuen,352856.8,2011
Blitar,1194342.773,2011
Blora,883896.7333,2011
Boalemo,153628.851,2011
Bogor,3829939.78,2011
Bojonegoro,1300906.376,2011
Bolaang Mongondow,174375.9451,2011
Bolaang Mongondow Selatan,30666.20784,2011
Bolaang Mongondow Timur,45964.85098,2011
Bolaang Mongondow Utara,58984.6902,2011
Bombana,161117.2235,2011
Bondowoso,738604.9333,2011
Bone,766169.9725,2011
Bone Bolango,48318.40392,2011
Boyolali,966335.9137,2011
Brebes,1842384.89,2011
Buleleng,645236.4118,2011
Bulukumba,455824.549,2011
Bulungan,107142.4039,2011
Bungo,268617.2431,2011
Buol,119549.7333,2011
Buru,110801.3961,2011
Buru Selatan,24494.81961,2011
Buton,10395.06275,2011
Buton Selatan,9010.956863,2011
Buton Tengah,51428.75294,2011
Buton Utara,94646.39216,2011
Ciamis,865839.3412,2011
Cianjur,2384319.659,2011
Cilacap,1733045.071,2011
Cirebon,2307535.027,2011
Dairi,259360.0392,2011
Danau,19376.04706,2011
Danau Toba,25402.18039,2011
Deli Serdang,1716423.737,2011
Demak,1061687.996,2011
Dharmasraya,335507.3725,2011
Dompu,191311.8588,2011
Donggala,158695.3098,2011
Empat Lawang,153620.6118,2011
Ende,247702.2118,2011
Enrekang,32274.81961,2011
Fakfak,87902.83922,2011
Flores Timur,220934.702,2011
Garut,2543839.114,2011
Gayo Lues,103903.2706,2011
Gianyar,489981.902,2011
Gorontalo,612635.7294,2011
Gorontalo Utara,79090.21569,2011
Gowa,595835.9412,2011
Gresik,1065412.231,2011
Grobogan,1400545.871,2011
Gunung Kidul,766774.1059,2011
Gunung Mas,113542.1961,2011
Halmahera Barat,144625.6745,2011
Halmahera Selatan,52241.87843,2011
Halmahera Tengah,18320.44706,2011
Halmahera Timur,25491.37647,2011
Halmahera Utara,247675.349,2011
Hulu Sungai Selatan,240502.7098,2011
Hulu Sungai Tengah,302530.4706,2011
Hulu Sungai Utara,238746.2549,2011
Humbang Hasundutan,75712.43529,2011
Hutan,255.4941176,2011
Indragiri Hilir,1138612.012,2011
Indragiri Hulu,186144.3412,2011
Indramayu,1972410.322,2011
Jember,2476186.639,2011
Jembrana,291476.3333,2011
Jeneponto,568469.4392,2011
Jepara,1032443.467,2011
Jombang,1262729.675,2011
Kaimana,14035.43922,2011
Kampar,611297.2157,2011
Kapuas,357594.4863,2011
Kapuas Hulu,235162.6157,2011
Karang Asem,446399.0157,2011
Karanganyar,820994.5804,2011
Karawang,2408565.424,2011
Karimun,183788.1216,2011
Karo,210798.8431,2011
Katingan,170169.2275,2011
Kaur,42003.08627,2011
Kayong Utara,19982.88627,2011
Kebumen,1258277.384,2011
Kediri,1565887.639,2011
Kendal,923582.6039,2011
Kepahiang,58685.90588,2011
Kepulauan Anambas,7288.745098,2011
Kepulauan Aru,119495.6745,2011
Kepulauan Yapen,42831.67843,2011
Kota Jayapura,226005.4824,2011
Lanny Jaya,143308.1686,2011
Mamberamo Raya,121118.7961,2011
Mamberamo Tengah,20358.57255,2011
Mappi,38019.20392,2011
Merauke,385669.6392,2011
Nduga,47040.36863,2011
Paniai,103484.9412,2011
Pegunungan Bintang,157119.3686,2011
Puncak,131171.1647,2011
Puncak Jaya,43199.81961,2011
Sarmi,97324.15686,2011
Supiori,9088.188235,2011
Tolikara,55683.32941,2011
Waropen,27210.98039,2011
Yahukimo,153347.1686,2011
Yalimo,33863.49804,2011
Asmat,14480.63922,2011
Boven Digoel,26557.50196,2011
Deiyai,29690.52157,2011
Dogiyai,64966.29804,2011
Intan Jaya,21907.63529,2011
Jayapura,70240.10588,2011
Jayawijaya,104664.7765,2011
Keerom,48385.01569,2011
Kepulauan Mentawai,69249.66667,2012
Kepulauan Meranti,90932.66275,2012
Kepulauan Sangihe,57384.59608,2012
Kepulauan Selayar,82626.96078,2012
Kepulauan Sula,16757.13725,2012
Kepulauan Talaud,156655.0784,2012
Kerinci,296871.9451,2012
Ketapang,474430.2157,2012
Klaten,1209130.067,2012
Klungkung,270297.8431,2012
Kolaka,227791.0392,2012
Kolaka Timur,142530.5255,2012
Kolaka Utara,41751.1098,2012
Konawe,245123.251,2012
Konawe Kepulauan,10349.71765,2012
Konawe Selatan,238194.7569,2012
Konawe Utara,65147.82353,2012
Kota Ambon,167616.1843,2012
Kota Balikpapan,511156.8667,2012
Kota Banda Aceh,287544.098,2012
Kota Bandar Lampung,829125.302,2012
Kota Bandung,2483562.804,2012
Kota Banjar,176909.1373,2012
Kota Banjar Baru,182179.098,2012
Kota Banjarmasin,694583.0392,2012
Kota Baru,278522.8863,2012
Kota Batam,862714.6588,2012
Kota Batu,218331.9137,2012
Kota Baubau,27481.16471,2012
Kota Bekasi,2009305.314,2012
Kota Bengkulu,440509.9922,2012
Kota Bima,89314.32549,2012
Kota Binjai,234474.7686,2012
Kota Bitung,34507.93333,2012
Kota Blitar,133589.0706,2012
Kota Bogor,934261.051,2012
Kota Bontang,123404.2588,2012
Kota Bukittinggi,96811.52157,2012
Kota Cilegon,421414.7765,2012
Kota Cimahi,328894.9961,2012
Kota Cirebon,415490.6353,2012
Kota Denpasar,683696.5373,2012
Kota Depok,1459357.208,2012
Kota Dumai,502079.8235,2012
Kota Gorontalo,150746.6078,2012
Kota Gunungsitoli,32266.07059,2012
Kota Jakarta Barat,2315268.067,2012
Kota Jakarta Pusat,995243.651,2012
Kota Jakarta Selatan,2102698.482,2012
Kota Jakarta Timur,2937181.812,2012
Kota Jakarta Utara,1623276.11,2012
Kota Jambi,591545.8039,2012
Kota Kediri,284471.6196,2012
Kota Kendari,245101.1137,2012
Kota Kotamobagu,123478.8392,2012
Kota Kupang,259215.1373,2012
Kota Langsa,137296.0549,2012
Kota Lhokseumawe,104579.8235,2012
Kota Lubuklinggau,136081.4039,2012
Kota Madiun,192822.1686,2012
Kota Magelang,123622.3843,2012
Kota Makassar,1347834.941,2012
Kota Malang,1001362.306,2012
Kota Manado,416115.4706,2012
Kota Mataram,753162.4627,2012
Kota Medan,3095627.627,2012
Kota Metro,125953.7529,2012
Kota Mojokerto,119551.102,2012
Kota Padang,1155645.333,2012
Kota Padang Panjang,46053.38431,2012
Kota Padangsidimpuan,285934.6824,2012
Kota Pagar Alam,38339.15686,2012
Kota Palangka Raya,249598.698,2012
Kota Palembang,1767817.702,2012
Kota Palopo,80651.77255,2012
Kota Palu,233182.2157,2012
Kota Pangkal Pinang,119990.4471,2012
Kota Parepare,116752.4353,2012
Kota Pariaman,104672.651,2012
Kota Pasuruan,188006.502,2012
Kota Payakumbuh,172513.5608,2012
Kota Pekalongan,282046.1412,2012
Kota Pekanbaru,964909.4549,2012
Kota Pematang Siantar,296259.5216,2012
Kota Pontianak,846830.6902,2012
Kota Prabumulih,82709.89804,2012
Kota Probolinggo,197512.5412,2012
Kota Sabang,19782.25882,2012
Kota Salatiga,216566.902,2012
Kota Samarinda,805332.8,2012
Kota Sawah Lunto,88013.54118,2012
Kota Semarang,1459775.471,2012
Kota Serang,557834.0353,2012
Kota Sibolga,37830.15686,2012
Kota Singkawang,334298.7569,2012
Kota Solok,36124.11373,2012
Kota Sorong,64182.67059,2012
Kota Subulussalam,42275.32941,2012
Kota Sukabumi,341473.7059,2012
Kota Sungai Penuh,39872.07843,2012
Kota Surabaya,2864969.102,2012
Kota Surakarta,530243.8235,2012
Kota Tangerang,1837570.914,2012
Kota Tangerang Selatan,1046323.678,2012
Kota Tanjung Balai,124421.4,2012
Kota Tanjung Pinang,239798.0235,2012
Kota Tarakan,172207.2863,2012
Kota Tasikmalaya,644525.4157,2012
Kota Tebing Tinggi,222515.8196,2012
Kota Tegal,251842.5804,2012
Kota Ternate,136223.2157,2012
Kota Tidore Kepulauan,20569.75294,2012
Kota Tomohon,113055.9569,2012
Kota Tual,32952.24706,2012
Kota Yogyakarta,463500.1569,2012
Kotawaringin Barat,249300.6078,2012
Kotawaringin Timur,238631.9412,2012
Kuantan Singingi,211467.6431,2012
Kubu Raya,210740.8157,2012
Kudus,756143.8471,2012
Kulon Progo,431159.8941,2012
Kuningan,1217608.741,2012
Kupang,384131.5529,2012
Kutai Barat,96144.23922,2012
Kutai Kartanegara,819532.4941,2012
Kutai Timur,227099.6902,2012
Labuhan Batu,497087.0196,2012
Labuhan Batu Selatan,191880.4824,2012
Labuhan Batu Utara,341892.1137,2012
Lahat,343107.6314,2012
Lamandau,11830.11765,2012
Lamongan,1315269.576,2012
Lampung Barat,17755.47843,2012
Lampung Selatan,1190085.588,2012
Lampung Tengah,1714363.18,2012
Lampung Timur,1111587.345,2012
Lampung Utara,485962.1608,2012
Landak,354490.6275,2012
Langkat,813260.6902,2012
Lebak,1202144.38,2012
Lebong,232658.4667,2012
Lembata,107740.2863,2012
Lima Puluh Kota,668963.302,2012
Lingga,58063.8549,2012
Lombok Barat,324783.098,2012
Lombok Tengah,841162.0431,2012
Lombok Timur,1210981.341,2012
Lombok Utara,130089.9765,2012
Lumajang,1038029.6,2012
Luwu,283763.6392,2012
Luwu Timur,346259.7608,2012
Luwu Utara,155619.0157,2012
Madiun,750343.302,2012
Magelang,1230023.624,2012
Magetan,690838.2353,2012
Mahakam Hulu,54696.13725,2012
Majalengka,1450762.796,2012
Majene,128975.5098,2012
Malaka,156333.8627,2012
Malang,2337524.718,2012
Malinau,75680.8,2012
Maluku Barat Daya,119457.7216,2012
Maluku Tengah,248157.2863,2012
Maluku Tenggara,32891.85882,2012
Maluku Tenggara Barat,53400.82353,2012
Mamasa,114599.7725,2012
Mamuju,179769.7176,2012
Mamuju Tengah,118511.0196,2012
Mamuju Utara,146520.9843,2012
Mandailing Natal,140577.8588,2012
Manggarai,195306.9804,2012
Manggarai Barat,352681.7529,2012
Manggarai Timur,184455.9765,2012
Manokwari,119288.4157,2012
Manokwari Selatan,13055.89804,2012
Maros,294963.8431,2012
Maybrat,10358.77647,2012
Melawi,218543.2039,2012
Mempawah,141826.8353,2012
Merangin,333747.4471,2012
Mesuji,316181.1843,2012
Mimika,150579.5176,2012
Minahasa,397919.4784,2012
Minahasa Selatan,278058.7686,2012
Minahasa Tenggara,187818.7412,2012
Minahasa Utara,56393.49412,2012
Mojokerto,1028232.847,2012
Morowali,47880.99608,2012
Morowali Utara,101667.3098,2012
Muara Enim,372898.9961,2012
Muaro Jambi,283917.8157,2012
Mukomuko,221447.3216,2012
Muna,336935.8706,2012
Muna Barat,243248.6549,2012
Murung Raya,105769.9804,2012
Musi Banyuasin,553885.0275,2012
Musi Rawas,541802.4431,2012
Musi Rawas Utara,155320.2275,2012
Nabire,142098.4235,2012
Nagan Raya,189064.4039,2012
Nagekeo,164574.3765,2012
Natuna,82794.29804,2012
Ngada,169485.0471,2012
Nganjuk,1103977.376,2012
Ngawi,889379.2,2012
Nias,192869.4745,2012
Nias Barat,68408.63529,2012
Nias Selatan,352314.1765,2012
Nias Utara,117595.1373,2012
Nunukan,101385.6941,2012
Ogan Ilir,249544.3804,2012
Ogan Komering Ilir,1066357.875,2012
Ogan Komering Ulu,385299.0039,2012
Ogan Komering Ulu Selatan,67216.64706,2012
Ogan Komering Ulu Timur,590196.7373,2012
Pacitan,602320.3137,2012
Padang Lawas,319338.0706,2012
Padang Lawas Utara,475076.1059,2012
Padang Pariaman,165712.0941,2012
Pakpak Bharat,17354.96078,2012
Pamekasan,763507.6784,2012
Pandeglang,1347852.388,2012
Pangandaran,995518.0353,2012
Pangkajene Dan Kepulauan,272715.1569,2012
Parigi Moutong,421074.4863,2012
Pasaman,139813.651,2012
Pasaman Barat,549723.1961,2012
Paser,115633.0118,2012
Pasuruan,1522881.933,2012
Pati,1252094.082,2012
Pegunungan Arfak,8543.988235,2012
Pekalongan,875519.7608,2012
Pelalawan,316388.698,2012
Pemalang,1380039.518,2012
Penajam Paser Utara,71110.8549,2012
Penukal Abab Lematang Ilir,240659.5765,2012
Pesawaran,409537.8784,2012
Pesisir Barat,20653.19216,2012
Pesisir Selatan,286558.5647,2012
Pidie,528997.1176,2012
Pidie Jaya,112437.3922,2012
Pinrang,363623.2118,2012
Pohuwato,25840.05882,2012
Polewali Mandar,432005.1569,2012
Ponorogo,948307.0549,2012
Poso,248718.9569,2012
Pringsewu,196095.5608,2012
Probolinggo,1123909.733,2012
Pulang Pisau,178096.1098,2012
Pulau Morotai,60725.2902,2012
Pulau Taliabu,7555.352941,2012
Purbalingga,875697.9412,2012
Purwakarta,865449.9216,2012
Purworejo,775679.7765,2012
Raja Ampat,52829.65882,2012
Rejang Lebong,275715.2784,2012
Rembang,610053.2745,2012
Rokan Hilir,268864.7529,2012
Rokan Hulu,274726.4431,2012
Rote Ndao,134474.9373,2012
Sabu Raijua,24224.03529,2012
Sambas,391531.0353,2012
Samosir,106402.2784,2012
Sampang,845064.3922,2012
Sanggau,414223.1294,2012
Sarolangun,269578.4157,2012
Sekadau,165813.4588,2012
Seluma,120239.7176,2012
Semarang,1046180.518,2012
Seram Bagian Barat,197920.9216,2012
Seram Bagian Timur,98725.44706,2012
Serang,1721636.827,2012
Serdang Bedagai,382036.4431,2012
Seruyan,176890.8314,2012
Siak,652977.898,2012
Siau Tagulandang Biaro,9225.356863,2012
Sidenreng Rappang,453682.2392,2012
Sidoarjo,1841306.871,2012
Sigi,500204.6,2012
Sijunjung,110669.1922,2012
Sikka,341289.1961,2012
Simalungun,397147.2824,2012
Simeulue,78235.1098,2012
Sinjai,194386.8588,2012
Sintang,349540.7255,2012
Situbondo,717300.6902,2012
Sleman,1050653.49,2012
Solok,227113.7333,2012
Solok Selatan,213338.4941,2012
Soppeng,241143.549,2012
Sorong,153130.6824,2012
Sorong Selatan,31954.01176,2012
Sragen,927372.3647,2012
Subang,1687340.694,2012
Sukabumi,2593445.176,2012
Sukamara,28797.92157,2012
Sukoharjo,855725.1216,2012
Sumba Barat,125749.7608,2012
Sumba Barat Daya,139537.5216,2012
Sumba Tengah,171138.5137,2012
Sumba Timur,247079.8039,2012
Sumbawa,463594.8627,2012
Sumbawa Barat,63527.47843,2012
Sumedang,1272327.024,2012
Sumenep,932139.5137,2012
Tabalong,208463.098,2012
Tabanan,488796.102,2012
Takalar,233965.9176,2012
Tambrauw,25427.55686,2012
Tana Tidung,13389.19608,2012
Tana Toraja,200879.5725,2012
Tanah Bumbu,171061.4784,2012
Tanah Datar,195689.9961,2012
Tanah Laut,294425.8902,2012
Tangerang,3133069.702,2012
Tanggamus,115706.1843,2012
Tanjung Jabung Barat,358212.9333,2012
Tanjung Jabung Timur,145822.902,2012
Tapanuli Selatan,419791.5373,2012
Tapanuli Tengah,491913.451,2012
Tapanuli Utara,117807.5843,2012
Tapin,184386,2012
Tasikmalaya,1925869.827,2012
Tebo,257410.0039,2012
Tegal,1509568.635,2012
Teluk Bintuni,98344.73333,2012
Teluk Wondama,10796.46275,2012
Temanggung,734722.5373,2012
Timor Tengah Selatan,473068.451,2012
Timor Tengah Utara,272997.498,2012
Toba Samosir,526243.9373,2012
Tojo Una-Una,42009.46667,2012
Toli-Toli,193380.1333,2012
Toraja Utara,382594.2,2012
Trenggalek,730293.5961,2012
Tuban,1170291.788,2012
Tulang Bawang Barat,357029.1333,2012
Tulangbawang,571883.5922,2012
Tulungagung,1055180.906,2012
Waduk Cirata,12235.56078,2012
Wadung Kedungombo,2567.023529,2012
Wajo,436754.2902,2012
Wakatobi,17717.17255,2012
Way Kanan,587069.9529,2012
Wonogiri,1048391.8,2012
Wonosobo,793644.1216,2012
Aceh Barat,257696.6471,2012
Aceh Barat Daya,173110.8196,2012
Aceh Besar,399614.5922,2012
Aceh Jaya,113798.1137,2012
Aceh Selatan,192215.4118,2012
Aceh Singkil,139893.7725,2012
Aceh Tamiang,230525.2314,2012
Aceh Tengah,119609.5843,2012
Aceh Tenggara,203976.5059,2012
Aceh Timur,254665.9098,2012
Aceh Utara,428174.6431,2012
Agam,479815.0392,2012
Alor,198033.9843,2012
Asahan,516429.9333,2012
Badung,427949.6196,2012
Balangan,101340.8941,2012
Bandung,3066140.376,2012
Bandung Barat,1924824.059,2012
Banggai,327080.2745,2012
Banggai Kepulauan,121785.2824,2012
Banggai Laut,28629.6902,2012
Bangka,272740.1647,2012
Bangka Barat,198735.2235,2012
Bangka Selatan,257940.8784,2012
Bangka Tengah,147700.0431,2012
Bangkalan,909606.3098,2012
Bangli,248691.9765,2012
Banjar,523637.1529,2012
Banjarnegara,911506.1882,2012
Bantaeng,186428.7529,2012
Bantul,885859.4745,2012
Banyu Asin,563834.6431,2012
Banyumas,1579627.6,2012
Banyuwangi,1659455.341,2012
Barito Kuala,250720.749,2012
Barito Selatan,189413.3569,2012
Barito Timur,114209.8549,2012
Barito Utara,147208.7137,2012
Barru,143883.9294,2012
Batang,716006.2588,2012
Batang Hari,308054.8745,2012
Batu Bara,469799.9451,2012
Bekasi,2372399.478,2012
Belitung,136538.5686,2012
Belitung Timur,125798.7922,2012
Belu,177885.7294,2012
Bener Meriah,64357.38039,2012
Bengkalis,618486.2314,2012
Bengkayang,310710.5333,2012
Bengkulu Selatan,93825.8549,2012
Bengkulu Tengah,65313.73333,2012
Bengkulu Utara,258201.1765,2012
Berau,176529.7765,2012
Biak Numfor,196643.3882,2012
Bima,545901.9412,2012
Bintan,65677.23137,2012
Bireuen,357225.902,2012
Blitar,1209522.678,2012
Blora,894834.9882,2012
Boalemo,155617.0863,2012
Bogor,3882712.259,2012
Bojonegoro,1317016.686,2012
Bolaang Mongondow,176517.7647,2012
Bolaang Mongondow Selatan,31058.73725,2012
Bolaang Mongondow Timur,46604.4,2012
Bolaang Mongondow Utara,59857.41176,2012
Bombana,162979.8235,2012
Bondowoso,748243.1843,2012
Bone,779895.6588,2012
Bone Bolango,49014.71373,2012
Boyolali,977456.4863,2012
Brebes,1863261.937,2012
Buleleng,634409.0902,2012
Bulukumba,455532.5255,2012
Bulungan,109366.4039,2012
Bungo,278272.1412,2012
Buol,121220.6314,2012
Buru,112154.5882,2012
Buru Selatan,24828.4549,2012
Buton,10559.38039,2012
Buton Selatan,9130.27451,2012
Buton Tengah,52089.4902,2012
Buton Utara,101261.9412,2012
Ciamis,872385.9608,2012
Cianjur,2418951.388,2012
Cilacap,1753769.933,2012
Cirebon,2337151.345,2012
Dairi,262832.3647,2012
Danau,20029.00784,2012
Danau Toba,25799.74902,2012
Deli Serdang,1746726.561,2012
Demak,1074817.918,2012
Dharmasraya,327569.8314,2012
Dompu,191975.6824,2012
Donggala,157558.0549,2012
Empat Lawang,155406.5882,2012
Ende,250758.7882,2012
Enrekang,32682.72941,2012
Fakfak,89700.34902,2012
Flores Timur,229645.7216,2012
Garut,2574925.914,2012
Gayo Lues,105143.7922,2012
Gianyar,496628.2392,2012
Gorontalo,615812.7176,2012
Gorontalo Utara,83290.96863,2012
Gowa,598702.1569,2012
Gresik,1084406.647,2012
Grobogan,1417690.306,2012
Gunung Kidul,776249.0392,2012
Gunung Mas,114828.5882,2012
Halmahera Barat,148581.251,2012
Halmahera Selatan,52609.76863,2012
Halmahera Tengah,18529.67843,2012
Halmahera Timur,25715.71765,2012
Halmahera Utara,249803.4392,2012
Hulu Sungai Selatan,243558.0667,2012
Hulu Sungai Tengah,306199.6314,2012
Hulu Sungai Utara,241665.5412,2012
Humbang Hasundutan,77312.04706,2012
Hutan,256.6627451,2012
Indragiri Hilir,1153972.467,2012
Indragiri Hulu,193155.4275,2012
Indramayu,1996486.31,2012
Jember,2509732.475,2012
Jembrana,294987.5529,2012
Jeneponto,574483.8039,2012
Jepara,1045187.827,2012
Jombang,1278428.502,2012
Kaimana,12506.06667,2012
Kampar,618031.6,2012
Kapuas,362298.6078,2012
Kapuas Hulu,237972.2078,2012
Karang Asem,453578.651,2012
Karanganyar,831229.6392,2012
Karawang,2435150.337,2012
Karimun,186061.7373,2012
Karo,214002.4118,2012
Katingan,171305.498,2012
Kaur,43704.87843,2012
Kayong Utara,20393.48627,2012
Kebumen,1273833.463,2012
Kediri,1584249.867,2012
Kendal,934526.4902,2012
Kepahiang,61213.18039,2012
Kepulauan Anambas,7385.203922,2012
Kepulauan Aru,121609.7647,2012
Kepulauan Yapen,43557.1098,2012
Kota Jayapura,228801.5922,2012
Lanny Jaya,144709.6627,2012
Mamberamo Raya,122638.6824,2012
Mamberamo Tengah,20538.43529,2012
Mappi,38624.46667,2012
Merauke,390032.7686,2012
Nduga,47393.41961,2012
Paniai,105494.851,2012
Pegunungan Bintang,159601.1255,2012
Puncak,132715.1922,2012
Puncak Jaya,43914.41961,2012
Sarmi,98379.94902,2012
Supiori,9202.517647,2012
Tolikara,56210.56863,2012
Waropen,27514.39216,2012
Yahukimo,155077.851,2012
Yalimo,34438.57647,2012
Asmat,14511.5098,2012
Boven Digoel,27126.71765,2012
Deiyai,27577.6549,2012
Dogiyai,65468.12941,2012
Intan Jaya,22474.53333,2012
Jayapura,71085.03137,2012
Jayawijaya,106324.7255,2012
Keerom,48967.79608,2012
Kepulauan Mentawai,69947.79608,2013
Kepulauan Meranti,92088.33333,2013
Kepulauan Sangihe,57961.36863,2013
Kepulauan Selayar,83460.51765,2013
Kepulauan Sula,16741.98039,2013
Kepulauan Talaud,158219.3294,2013
Kerinci,299762.4824,2013
Ketapang,478991.7373,2013
Klaten,1221357.169,2013
Klungkung,273018.2824,2013
Kolaka,230068.1608,2013
Kolaka Timur,143962.4863,2013
Kolaka Utara,42175.11765,2013
Konawe,247321.3255,2013
Konawe Kepulauan,10446.4902,2013
Konawe Selatan,240939.9843,2013
Konawe Utara,65758.76078,2013
Kota Ambon,169317.502,2013
Kota Balikpapan,516338.7843,2013
Kota Banda Aceh,290454.6549,2013
Kota Bandar Lampung,845335.5804,2013
Kota Bandung,2508693.494,2013
Kota Banjar,178695.2196,2013
Kota Banjar Baru,184028.4235,2013
Kota Banjarmasin,701608.251,2013
Kota Baru,281379.9098,2013
Kota Batam,871444.0196,2013
Kota Batu,220535.8,2013
Kota Baubau,27704.57647,2013
Kota Bekasi,2029715.651,2013
Kota Bengkulu,444950.8314,2013
Kota Bima,90220.18431,2013
Kota Binjai,234073.6353,2013
Kota Bitung,34847.02745,2013
Kota Blitar,134943.8157,2013
Kota Bogor,943707.9922,2013
Kota Bontang,124657.7176,2013
Kota Bukittinggi,97818.49412,2013
Kota Cilegon,425683.1686,2013
Kota Cimahi,332223.1608,2013
Kota Cirebon,419697.1725,2013
Kota Denpasar,690613.9804,2013
Kota Depok,1474117.106,2013
Kota Dumai,506677.4784,2013
Kota Gorontalo,152274.0039,2013
Kota Gunungsitoli,32604.03922,2013
Kota Jakarta Barat,2338691.333,2013
Kota Jakarta Pusat,1005310.471,2013
Kota Jakarta Selatan,2123963.765,2013
Kota Jakarta Timur,2966896.027,2013
Kota Jakarta Utara,1639721.349,2013
Kota Jambi,597583.9373,2013
Kota Kediri,287355.8706,2013
Kota Kendari,247597.5765,2013
Kota Kotamobagu,124746.2745,2013
Kota Kupang,261848.7451,2013
Kota Langsa,138693.1098,2013
Kota Lhokseumawe,105636.1412,2013
Kota Lubuklinggau,137044.4118,2013
Kota Madiun,194772.4353,2013
Kota Magelang,124872.3843,2013
Kota Makassar,1361479.525,2013
Kota Malang,1011491.502,2013
Kota Manado,420331.3647,2013
Kota Mataram,760848.6863,2013
Kota Medan,3125743.984,2013
Kota Metro,139834.6902,2013
Kota Mojokerto,120759.549,2013
Kota Padang,1167369.027,2013
Kota Padang Panjang,46575.59608,2013
Kota Padangsidimpuan,292941.5373,2013
Kota Pagar Alam,38751.19608,2013
Kota Palangka Raya,252048.9765,2013
Kota Palembang,1796992.533,2013
Kota Palopo,81428.94902,2013
Kota Palu,235522.302,2013
Kota Pangkal Pinang,121446.7294,2013
Kota Parepare,117932.6824,2013
Kota Pariaman,105742.0275,2013
Kota Pasuruan,189902.502,2013
Kota Payakumbuh,165578.1804,2013
Kota Pekalongan,284897.4902,2013
Kota Pekanbaru,974689.9647,2013
Kota Pematang Siantar,299230.2275,2013
Kota Pontianak,855309.4941,2013
Kota Prabumulih,83516.25098,2013
Kota Probolinggo,199515.3804,2013
Kota Sabang,19979.34902,2013
Kota Salatiga,218757.0353,2013
Kota Samarinda,813487.5569,2013
Kota Sawah Lunto,88909.34118,2013
Kota Semarang,1474536.98,2013
Kota Serang,563478.5373,2013
Kota Sibolga,38811.16078,2013
Kota Singkawang,338013.6627,2013
Kota Solok,36497.26667,2013
Kota Sorong,64847.91765,2013
Kota Subulussalam,42780.8,2013
Kota Sukabumi,344932.3765,2013
Kota Sungai Penuh,40065.58824,2013
Kota Surabaya,2893946.835,2013
Kota Surakarta,535604.6784,2013
Kota Tangerang,1856156.447,2013
Kota Tangerang Selatan,1056921.424,2013
Kota Tanjung Balai,125683.149,2013
Kota Tanjung Pinang,242139.6902,2013
Kota Tarakan,173948.1294,2013
Kota Tasikmalaya,651095.5922,2013
Kota Tebing Tinggi,224734.3373,2013
Kota Tegal,254389.3294,2013
Kota Ternate,137596.4902,2013
Kota Tidore Kepulauan,20867.19608,2013
Kota Tomohon,114202.6039,2013
Kota Tual,33386.02353,2013
Kota Yogyakarta,468189.0196,2013
Kotawaringin Barat,251528.7216,2013
Kotawaringin Timur,240481.5059,2013
Kuantan Singingi,213755.1294,2013
Kubu Raya,212932.9608,2013
Kudus,763791.9725,2013
Kulon Progo,435518.5765,2013
Kuningan,1229925.953,2013
Kupang,388064.2941,2013
Kutai Barat,96949.27843,2013
Kutai Kartanegara,827051.2275,2013
Kutai Timur,229923.5412,2013
Labuhan Batu,502329.9098,2013
Labuhan Batu Selatan,193913.4549,2013
Labuhan Batu Utara,345358.6941,2013
Lahat,346651.8314,2013
Lamandau,12083.61176,2013
Lamongan,1328558.498,2013
Lampung Barat,17669.57647,2013
Lampung Selatan,1222923.29,2013
Lampung Tengah,1714412.239,2013
Lampung Timur,1110585.769,2013
Lampung Utara,492292.6275,2013
Landak,358111.8784,2013
Langkat,825713.5922,2013
Lebak,1214315.561,2013
Lebong,234968.5529,2013
Lembata,108837.2549,2013
Lima Puluh Kota,674834.9412,2013
Lingga,58734.54902,2013
Lombok Barat,328078.4588,2013
Lombok Tengah,849662.4235,2013
Lombok Timur,1223229.729,2013
Lombok Utara,131330.0863,2013
Lumajang,1048519.059,2013
Luwu,286712.5216,2013
Luwu Timur,349663.8235,2013
Luwu Utara,157282.9529,2013
Madiun,757941.3373,2013
Magelang,1242465.765,2013
Magetan,697826.6157,2013
Mahakam Hulu,55198.75686,2013
Majalengka,1465427.976,2013
Majene,130293.2706,2013
Malaka,157910.7059,2013
Malang,2361170.545,2013
Malinau,76826.86275,2013
Maluku Barat Daya,120551.3686,2013
Maluku Tengah,250753.5137,2013
Maluku Tenggara,33302.30196,2013
Maluku Tenggara Barat,54029.07059,2013
Mamasa,115733.6471,2013
Mamuju,181485.5843,2013
Mamuju Tengah,119784.0588,2013
Mamuju Utara,148055.8,2013
Mandailing Natal,144096.1176,2013
Manggarai,197326.3255,2013
Manggarai Barat,356233.2078,2013
Manggarai Timur,186282.2314,2013
Manokwari,117745.3255,2013
Manokwari Selatan,13192.98039,2013
Maros,297931.051,2013
Maybrat,10518.2549,2013
Melawi,225037.8078,2013
Mempawah,143304.6392,2013
Merangin,336966.6745,2013
Mesuji,319709.5451,2013
Mimika,151245.2863,2013
Minahasa,401949.6275,2013
Minahasa Selatan,280874.7843,2013
Minahasa Tenggara,189713.9686,2013
Minahasa Utara,56962.02353,2013
Mojokerto,1038636.557,2013
Morowali,48348.87059,2013
Morowali Utara,102929.0039,2013
Muara Enim,376753.2627,2013
Muaro Jambi,286584.7059,2013
Mukomuko,223816.9412,2013
Muna,340355.6392,2013
Muna Barat,245749.4706,2013
Murung Raya,106924.9294,2013
Musi Banyuasin,556075.5176,2013
Musi Rawas,547595.3569,2013
Musi Rawas Utara,156677.2,2013
Nabire,143540.1647,2013
Nagan Raya,190996.0627,2013
Nagekeo,166242.1373,2013
Natuna,83610.48235,2013
Ngada,171189.0431,2013
Nganjuk,1115149.51,2013
Ngawi,898363.0863,2013
Nias,194851.3725,2013
Nias Barat,69096.44314,2013
Nias Selatan,355871.2784,2013
Nias Utara,118755.8706,2013
Nunukan,102349.1176,2013
Ogan Ilir,251878.3961,2013
Ogan Komering Ilir,1076153.831,2013
Ogan Komering Ulu,389463,2013
Ogan Komering Ulu Selatan,67801.26667,2013
Ogan Komering Ulu Timur,596193.9569,2013
Pacitan,608418.2824,2013
Padang Lawas,316206.2,2013
Padang Lawas Utara,478525.298,2013
Padang Pariaman,167370.8471,2013
Pakpak Bharat,17966.24706,2013
Pamekasan,771239.3569,2013
Pandeglang,1361490.176,2013
Pangandaran,1005601.569,2013
Pangkajene Dan Kepulauan,275491.2314,2013
Parigi Moutong,425132.8627,2013
Pasaman,141177.8235,2013
Pasaman Barat,555654.3922,2013
Paser,117364.0784,2013
Pasuruan,1538293.012,2013
Pati,1264758.408,2013
Pegunungan Arfak,9064.105882,2013
Pekalongan,884375.2235,2013
Pelalawan,319528.8824,2013
Pemalang,1393996.043,2013
Penajam Paser Utara,72200.90588,2013
Penukal Abab Lematang Ilir,243107.3373,2013
Pesawaran,407630.8471,2013
Pesisir Barat,20487.12941,2013
Pesisir Selatan,289386.5333,2013
Pidie,534342.902,2013
Pidie Jaya,113585.1765,2013
Pinrang,367315.5412,2013
Pohuwato,26111.24706,2013
Polewali Mandar,436394.8196,2013
Ponorogo,957901.1137,2013
Poso,251264.4706,2013
Pringsewu,195357.6863,2013
Probolinggo,1135273.859,2013
Pulang Pisau,180236.1451,2013
Pulau Morotai,61369.11765,2013
Pulau Taliabu,7771.588235,2013
Purbalingga,884559.4431,2013
Purwakarta,874266.1529,2013
Purworejo,783522.7529,2013
Raja Ampat,53113.6,2013
Rejang Lebong,278502.8078,2013
Rembang,616227.8157,2013
Rokan Hilir,272190.7333,2013
Rokan Hulu,277880.7255,2013
Rote Ndao,135776.5451,2013
Sabu Raijua,24494.29412,2013
Sambas,395437.9922,2013
Samosir,107729.4314,2013
Sampang,853615.1059,2013
Sanggau,418488.6235,2013
Sarolangun,272149.302,2013
Sekadau,168231.549,2013
Seluma,121558.8235,2013
Semarang,1056755.341,2013
Seram Bagian Barat,199895.6196,2013
Seram Bagian Timur,99942.87059,2013
Serang,1739045.408,2013
Serdang Bedagai,385549.698,2013
Seruyan,179066.4902,2013
Siak,659566.0706,2013
Siau Tagulandang Biaro,9325.286275,2013
Sidenreng Rappang,458258.9922,2013
Sidoarjo,1859936.694,2013
Sigi,505396.6627,2013
Sijunjung,111893.3373,2013
Sikka,344742.4784,2013
Simalungun,377370.5647,2013
Simeulue,79018.95686,2013
Sinjai,196377.5569,2013
Sintang,346618.902,2013
Situbondo,724556.1608,2013
Sleman,1061283.122,2013
Solok,229347.2157,2013
Solok Selatan,215513.702,2013
Soppeng,243579.9725,2013
Sorong,154881.9294,2013
Sorong Selatan,32437.50196,2013
Sragen,936765.1333,2013
Subang,1704429.737,2013
Sukabumi,2619688.027,2013
Sukamara,29427.97255,2013
Sukoharjo,864386.2902,2013
Sumba Barat,127085.3608,2013
Sumba Barat Daya,140938.3373,2013
Sumba Tengah,172803.2863,2013
Sumba Timur,249671.902,2013
Sumbawa,468290.6784,2013
Sumbawa Barat,64209.12157,2013
Sumedang,1285205.471,2013
Sumenep,941648.8745,2013
Tabalong,210554.3961,2013
Tabanan,493737.0314,2013
Takalar,236296.9765,2013
Tambrauw,26169.62353,2013
Tana Tidung,13888.37647,2013
Tana Toraja,202912.1922,2013
Tanah Bumbu,173214.4549,2013
Tanah Datar,202530.4314,2013
Tanah Laut,297431.8,2013
Tangerang,3164736.075,2013
Tanggamus,115459.9647,2013
Tanjung Jabung Barat,361116.8,2013
Tanjung Jabung Timur,147877.5608,2013
Tapanuli Selatan,427635.7647,2013
Tapanuli Tengah,497350.9333,2013
Tapanuli Utara,118915.2667,2013
Tapin,186231.4118,2013
Tasikmalaya,1945306.118,2013
Tebo,260417.5725,2013
Tegal,1524838.302,2013
Teluk Bintuni,101631.5765,2013
Teluk Wondama,11100.05882,2013
Temanggung,742153.6078,2013
Timor Tengah Selatan,477859.1647,2013
Timor Tengah Utara,275785.9216,2013
Toba Samosir,531281.8235,2013
Tojo Una-Una,42414.0549,2013
Toli-Toli,195331.0471,2013
Toraja Utara,386431.0549,2013
Trenggalek,737682.7137,2013
Tuban,1182134.016,2013
Tulang Bawang Barat,360741.3765,2013
Tulangbawang,576490.0353,2013
Tulungagung,1065854.173,2013
Waduk Cirata,12363.53725,2013
Wadung Kedungombo,2584.733333,2013
Wajo,441183.2118,2013
Wakatobi,17894.89412,2013
Way Kanan,592610.6196,2013
Wonogiri,1058996.937,2013
Wonosobo,801672.2,2013
Aceh Barat,260302.5529,2013
Aceh Barat Daya,174841.7216,2013
Aceh Besar,403661.4902,2013
Aceh Jaya,114939.7529,2013
Aceh Selatan,194227.5059,2013
Aceh Singkil,141290.8471,2013
Aceh Tamiang,232763.0706,2013
Aceh Tengah,120608.7059,2013
Aceh Tenggara,206191.9451,2013
Aceh Timur,257218.2627,2013
Aceh Utara,432512.8784,2013
Agam,489528.0235,2013
Alor,200057.051,2013
Asahan,521556.5137,2013
Badung,432281.4471,2013
Balangan,102311.6392,2013
Bandung,3097109.396,2013
Bandung Barat,1944314.945,2013
Banggai,330401.2078,2013
Banggai Kepulauan,123005.6,2013
Banggai Laut,28915.88235,2013
Bangka,275701.5098,2013
Bangka Barat,200668.8,2013
Bangka Selatan,260316.7882,2013
Bangka Tengah,149031.9961,2013
Bangkalan,918837.0431,2013
Bangli,251208.6745,2013
Banjar,528897.6784,2013
Banjarnegara,920726.6471,2013
Bantaeng,188300.6157,2013
Bantul,894826.7255,2013
Banyu Asin,563579.7176,2013
Banyumas,1595609.522,2013
Banyuwangi,1676244.231,2013
Barito Kuala,253256.7686,2013
Barito Selatan,191628.949,2013
Barito Timur,115400.1255,2013
Barito Utara,148762.5176,2013
Barru,145334.5294,2013
Batang,723248.7451,2013
Batang Hari,311141.8235,2013
Batu Bara,474562.2863,2013
Bekasi,2390303.286,2013
Belitung,137861.7725,2013
Belitung Timur,127135.5412,2013
Belu,179703.2471,2013
Bener Meriah,65214.30588,2013
Bengkalis,624542.9255,2013
Bengkayang,313570.0824,2013
Bengkulu Selatan,94703.6902,2013
Bengkulu Tengah,65956.14118,2013
Bengkulu Utara,260613.7922,2013
Berau,177702.2157,2013
Biak Numfor,198584.4392,2013
Bima,551411.6627,2013
Bintan,66372.08627,2013
Bireuen,360842.4353,2013
Blitar,1221757.824,2013
Blora,903872.5725,2013
Boalemo,157152.2588,2013
Bogor,3921999.725,2013
Bojonegoro,1330354.431,2013
Bolaang Mongondow,178318.5843,2013
Bolaang Mongondow Selatan,31350.22353,2013
Bolaang Mongondow Timur,47077.84314,2013
Bolaang Mongondow Utara,60454.36863,2013
Bombana,164712.2118,2013
Bondowoso,755817.4667,2013
Bone,787780.0745,2013
Bone Bolango,49506.63922,2013
Boyolali,987347.4235,2013
Brebes,1882108.89,2013
Buleleng,640837.8588,2013
Bulukumba,460143.3176,2013
Bulungan,109534.4471,2013
Bungo,281124.8314,2013
Buol,122452.0863,2013
Buru,113229.9882,2013
Buru Selatan,25168.36863,2013
Buton,10652.24706,2013
Buton Selatan,9226,2013
Buton Tengah,52621.25098,2013
Buton Utara,102242.7255,2013
Ciamis,881206.7373,2013
Cianjur,2443412.463,2013
Cilacap,1771505.773,2013
Cirebon,2360797.478,2013
Dairi,268898.7608,2013
Danau,20219.49412,2013
Danau Toba,26147.15294,2013
Deli Serdang,1775957.506,2013
Demak,1085691.678,2013
Dharmasraya,330701.6275,2013
Dompu,193931.8824,2013
Donggala,159284.8745,2013
Empat Lawang,156938.9176,2013
Ende,253301.2902,2013
Enrekang,33008.77255,2013
Fakfak,89903.12941,2013
Flores Timur,231967.2196,2013
Garut,2600966.098,2013
Gayo Lues,106441.2588,2013
Gianyar,501650.698,2013
Gorontalo,622085.9882,2013
Gorontalo Utara,84111.6902,2013
Gowa,604816.702,2013
Gresik,1095370.886,2013
Grobogan,1432032.741,2013
Gunung Kidul,784106.1137,2013
Gunung Mas,116217.0235,2013
Halmahera Barat,150110.4196,2013
Halmahera Selatan,53497.32157,2013
Halmahera Tengah,18733.68627,2013
Halmahera Timur,26049.65098,2013
Halmahera Utara,252285.6196,2013
Hulu Sungai Selatan,246062.5922,2013
Hulu Sungai Tengah,309276.7765,2013
Hulu Sungai Utara,244167.1098,2013
Humbang Hasundutan,78041.0902,2013
Hutan,255.9803922,2013
Indragiri Hilir,1165501.286,2013
Indragiri Hulu,195072.3098,2013
Indramayu,2016710.639,2013
Jember,2535116.482,2013
Jembrana,297973.9333,2013
Jeneponto,580281.9176,2013
Jepara,1055757.867,2013
Jombang,1291362.969,2013
Kaimana,14301.73333,2013
Kampar,624191.9569,2013
Kapuas,365692.5333,2013
Kapuas Hulu,241693.0078,2013
Karang Asem,458164.8471,2013
Karanganyar,839629.9451,2013
Karawang,2465568.886,2013
Karimun,187943.4941,2013
Karo,224326.5804,2013
Katingan,173020.949,2013
Kaur,43936.75686,2013
Kayong Utara,20586.46275,2013
Kebumen,1286721.545,2013
Kediri,1600265.294,2013
Kendal,943981.9137,2013
Kepahiang,61857.65882,2013
Kepulauan Anambas,7461.309804,2013
Kepulauan Aru,122213.5294,2013
Kepulauan Yapen,43775.28627,2013
Kota Jayapura,231125.1647,2013
Lanny Jaya,146039.8275,2013
Mamberamo Raya,124238.6078,2013
Mamberamo Tengah,20925.58431,2013
Mappi,38807.24706,2013
Merauke,394255.8549,2013
Nduga,48225.97255,2013
Paniai,106863.4549,2013
Pegunungan Bintang,160928.1137,2013
Puncak,134119.2275,2013
Puncak Jaya,44333.98824,2013
Sarmi,99650.09412,2013
Supiori,9320.372549,2013
Tolikara,56909.26275,2013
Waropen,27719.69804,2013
Yahukimo,156786.9059,2013
Yalimo,34777.9098,2013
Asmat,14668.89804,2013
Boven Digoel,27325.86667,2013
Deiyai,27831.57647,2013
Dogiyai,66417.52941,2013
Intan Jaya,22787.07059,2013
Jayapura,71765.61569,2013
Jayawijaya,106785.2392,2013
Keerom,49396.38431,2013
Kepulauan Mentawai,70646.23137,2014
Kepulauan Meranti,96474.39608,2014
Kepulauan Sangihe,64240.78431,2014
Kepulauan Selayar,86028.46275,2014
Kepulauan Sula,17340.98824,2014
Kepulauan Talaud,153204.5137,2014
Kerinci,303841.0275,2014
Ketapang,481858.5725,2014
Klaten,1233391.361,2014
Klungkung,274502.6196,2014
Kolaka,229761.2549,2014
Kolaka Timur,143904.0157,2014
Kolaka Utara,45850.72941,2014
Konawe,246162.8471,2014
Konawe Kepulauan,10767.57255,2014
Konawe Selatan,245651.2196,2014
Konawe Utara,66307.42745,2014
Kota Ambon,171034.6784,2014
Kota Balikpapan,521593.0157,2014
Kota Banda Aceh,292989.5176,2014
Kota Bandar Lampung,853192.1961,2014
Kota Bandung,2532422.055,2014
Kota Banjar,175779.7804,2014
Kota Banjar Baru,185746.2235,2014
Kota Banjarmasin,708408.1255,2014
Kota Baru,287114.0431,2014
Kota Batam,879911.2902,2014
Kota Batu,219435.3569,2014
Kota Baubau,27556.37255,2014
Kota Bekasi,2048173.235,2014
Kota Bengkulu,446199.5137,2014
Kota Bima,90763.1098,2014
Kota Binjai,226067.2784,2014
Kota Bitung,36349.76078,2014
Kota Blitar,136291.7608,2014
Kota Bogor,952148.149,2014
Kota Bontang,125587.498,2014
Kota Bukittinggi,98691.86667,2014
Kota Cilegon,426897.098,2014
Kota Cimahi,334217.5176,2014
Kota Cirebon,423340.9255,2014
Kota Denpasar,697497.5333,2014
Kota Depok,1486755.275,2014
Kota Dumai,506511.6471,2014
Kota Gorontalo,149258.9922,2014
Kota Gunungsitoli,33267.18431,2014
Kota Jakarta Barat,2361491.208,2014
Kota Jakarta Pusat,1015113.361,2014
Kota Jakarta Selatan,2144677.659,2014
Kota Jakarta Timur,2995832.788,2014
Kota Jakarta Utara,1655711.961,2014
Kota Jambi,603241.8824,2014
Kota Kediri,290004.1608,2014
Kota Kendari,249895.1412,2014
Kota Kotamobagu,121636.149,2014
Kota Kupang,262958.5804,2014
Kota Langsa,140013.4392,2014
Kota Lhokseumawe,102684.3843,2014
Kota Lubuklinggau,137503.1569,2014
Kota Madiun,196361.7098,2014
Kota Magelang,125696.1216,2014
Kota Makassar,1372654.49,2014
Kota Malang,1019211.773,2014
Kota Manado,422918.6588,2014
Kota Mataram,755525.7137,2014
Kota Medan,3123737.255,2014
Kota Metro,139655.5412,2014
Kota Mojokerto,121967.5059,2014
Kota Padang,1175267.608,2014
Kota Padang Panjang,46844.09412,2014
Kota Padangsidimpuan,286989.7373,2014
Kota Pagar Alam,40018.50196,2014
Kota Palangka Raya,254448.451,2014
Kota Palembang,1812955.886,2014
Kota Palopo,79301.57255,2014
Kota Palu,236262.1686,2014
Kota Pangkal Pinang,121173.3137,2014
Kota Parepare,118720.7608,2014
Kota Pariaman,105414.0196,2014
Kota Pasuruan,191338.4157,2014
Kota Payakumbuh,166985.851,2014
Kota Pekalongan,287398.0941,2014
Kota Pekanbaru,983475.7725,2014
Kota Pematang Siantar,301828.102,2014
Kota Pontianak,857576.3412,2014
Kota Prabumulih,83036.93333,2014
Kota Probolinggo,201291.7098,2014
Kota Sabang,19123.50196,2014
Kota Salatiga,218817.1843,2014
Kota Samarinda,821441.3216,2014
Kota Sawah Lunto,89919.26275,2014
Kota Semarang,1488724.337,2014
Kota Serang,560911.1098,2014
Kota Sibolga,39177.78039,2014
Kota Singkawang,340199.8863,2014
Kota Solok,36684.62353,2014
Kota Sorong,63843.8,2014
Kota Subulussalam,44193.40784,2014
Kota Sukabumi,347048.0824,2014
Kota Sungai Penuh,40060.00392,2014
Kota Surabaya,2921986.973,2014
Kota Surakarta,540729.949,2014
Kota Tangerang,1874184.114,2014
Kota Tangerang Selatan,1066232.859,2014
Kota Tanjung Balai,126225.6,2014
Kota Tanjung Pinang,241949.7608,2014
Kota Tarakan,175644.1216,2014
Kota Tasikmalaya,637069.9373,2014
Kota Tebing Tinggi,224719.7843,2014
Kota Tegal,256856.6784,2014
Kota Ternate,139057.5647,2014
Kota Tidore Kepulauan,21775.58039,2014
Kota Tomohon,115148.8039,2014
Kota Tual,32692.99216,2014
Kota Yogyakarta,472371.2471,2014
Kotawaringin Barat,253460.8667,2014
Kotawaringin Timur,242973.0471,2014
Kuantan Singingi,213670.0588,2014
Kubu Raya,217838.4784,2014
Kudus,771078.9373,2014
Kulon Progo,439656.7804,2014
Kuningan,1241261.388,2014
Kupang,370534.6902,2014
Kutai Barat,98651.01961,2014
Kutai Kartanegara,830767.3255,2014
Kutai Timur,232549.1765,2014
Labuhan Batu,504231.7882,2014
Labuhan Batu Selatan,199676.9294,2014
Labuhan Batu Utara,348195.5098,2014
Lahat,352737.1176,2014
Lamandau,12403.72941,2014
Lamongan,1341457.937,2014
Lampung Barat,31207.16078,2014
Lampung Selatan,1224877.722,2014
Lampung Tengah,1719979.612,2014
Lampung Timur,1121914.784,2014
Lampung Utara,504501.7137,2014
Landak,363052.3765,2014
Langkat,844042.0314,2014
Lebak,1240435.682,2014
Lebong,237246.9686,2014
Lembata,108214.2157,2014
Lima Puluh Kota,681985.1686,2014
Lingga,61670.35294,2014
Lombok Barat,332595.2157,2014
Lombok Tengah,857521.9294,2014
Lombok Timur,1234385.659,2014
Lombok Utara,144813.2941,2014
Lumajang,1059279.071,2014
Luwu,294870.2392,2014
Luwu Timur,342245.5255,2014
Luwu Utara,165633.9059,2014
Madiun,765352.6314,2014
Magelang,1254517.965,2014
Magetan,704630.6627,2014
Mahakam Hulu,55969.27451,2014
Majalengka,1479929.137,2014
Majene,132055.9922,2014
Malaka,161212.5176,2014
Malang,2389619.533,2014
Malinau,77376.15294,2014
Maluku Barat Daya,119916.9765,2014
Maluku Tengah,252289.2392,2014
Maluku Tenggara,34888.06275,2014
Maluku Tenggara Barat,54582.43137,2014
Mamasa,128622.3922,2014
Mamuju,185402.0706,2014
Mamuju Tengah,118805.6078,2014
Mamuju Utara,147784.4353,2014
Mandailing Natal,145830.1686,2014
Manggarai,204093.1098,2014
Manggarai Barat,342676.4824,2014
Manggarai Timur,201209.0392,2014
Manokwari,114524.1098,2014
Manokwari Selatan,13985.49804,2014
Maros,302310.8039,2014
Maybrat,11244.22745,2014
Melawi,225539.898,2014
Mempawah,145721.3961,2014
Merangin,342757.2784,2014
Mesuji,314400.4824,2014
Mimika,151842.7725,2014
Minahasa,404033.5451,2014
Minahasa Selatan,283311.6353,2014
Minahasa Tenggara,191852.5882,2014
Minahasa Utara,58490.0549,2014
Mojokerto,1048804.769,2014
Morowali,47468.80784,2014
Morowali Utara,101374.9725,2014
Muara Enim,381894.4706,2014
Muaro Jambi,290485.2471,2014
Mukomuko,225498.6078,2014
Muna,344981.5765,2014
Muna Barat,247472.6588,2014
Murung Raya,108188.698,2014
Musi Banyuasin,566604.3608,2014
Musi Rawas,550693.0706,2014
Musi Rawas Utara,159082.8745,2014
Nabire,144511.7373,2014
Nagan Raya,192462.6824,2014
Nagekeo,165851.1569,2014
Natuna,84229.81176,2014
Ngada,170924.4118,2014
Nganjuk,1126148.118,2014
Ngawi,907426.3608,2014
Nias,196537.702,2014
Nias Barat,69890.57255,2014
Nias Selatan,358681.3882,2014
Nias Utara,119991.9765,2014
Nunukan,104397.7647,2014
Ogan Ilir,254156.5333,2014
Ogan Komering Ilir,1081892.969,2014
Ogan Komering Ulu,389847.5529,2014
Ogan Komering Ulu Selatan,85573.47843,2014
Ogan Komering Ulu Timur,591165.1137,2014
Pacitan,614610.6039,2014
Padang Lawas,312399.9294,2014
Padang Lawas Utara,476159.3882,2014
Padang Pariaman,170464.2784,2014
Pakpak Bharat,22814.60392,2014
Pamekasan,778169.7569,2014
Pandeglang,1372807.345,2014
Pangandaran,996081.3373,2014
Pangkajene Dan Kepulauan,276997.5412,2014
Parigi Moutong,426956.2275,2014
Pasaman,146054.6902,2014
Pasaman Barat,557318.4235,2014
Paser,122097.1961,2014
Pasuruan,1554079.243,2014
Pati,1277305.757,2014
Pegunungan Arfak,9305.984314,2014
Pekalongan,893754.3569,2014
Pelalawan,327968.3529,2014
Pemalang,1407514.463,2014
Penajam Paser Utara,73177.83529,2014
Penukal Abab Lematang Ilir,241989.1216,2014
Pesawaran,414501.3686,2014
Pesisir Barat,24763.29412,2014
Pesisir Selatan,294610.851,2014
Pidie,536264.9216,2014
Pidie Jaya,118091.4235,2014
Pinrang,375719.4745,2014
Pohuwato,26274.45882,2014
Polewali Mandar,436637.4078,2014
Ponorogo,966583.1098,2014
Poso,254444.5255,2014
Pringsewu,201100.0353,2014
Probolinggo,1146697.188,2014
Pulang Pisau,182124.5843,2014
Pulau Morotai,62346.53725,2014
Pulau Taliabu,8811.32549,2014
Purbalingga,892534.8431,2014
Purwakarta,884209.5804,2014
Purworejo,792279.0588,2014
Raja Ampat,54196.0549,2014
Rejang Lebong,280536.6549,2014
Rembang,621561.4745,2014
Rokan Hilir,276367.8392,2014
Rokan Hulu,283130.3098,2014
Rote Ndao,135707.7922,2014
Sabu Raijua,39824.74118,2014
Sambas,400012.549,2014
Samosir,120226.8039,2014
Sampang,861510.8667,2014
Sanggau,421878.3294,2014
Sarolangun,274558.6353,2014
Sekadau,171636.349,2014
Seluma,123502.0353,2014
Semarang,1068860.063,2014
Seram Bagian Barat,201735.7569,2014
Seram Bagian Timur,102217.2314,2014
Serang,1765071.224,2014
Serdang Bedagai,402527.2588,2014
Seruyan,180609,2014
Siak,661811.9608,2014
Siau Tagulandang Biaro,12404.50588,2014
Sidenreng Rappang,447272.7843,2014
Sidoarjo,1877592.522,2014
Sigi,507235.1608,2014
Sijunjung,115322.6863,2014
Sikka,352341.1333,2014
Simalungun,434338.5373,2014
Simeulue,79890.40392,2014
Sinjai,198388.3961,2014
Sintang,351158.7569,2014
Situbondo,730937.651,2014
Sleman,1072152.604,2014
Solok,232628.3765,2014
Solok Selatan,218112.1412,2014
Soppeng,248263.6784,2014
Sorong,154597.4588,2014
Sorong Selatan,34549.53725,2014
Sragen,945554.1804,2014
Subang,1721278.247,2014
Sukabumi,2645104.843,2014
Sukamara,29697.52549,2014
Sukoharjo,871807.0745,2014
Sumba Barat,122042.4157,2014
Sumba Barat Daya,172071.549,2014
Sumba Tengah,153666.6667,2014
Sumba Timur,250539.2784,2014
Sumbawa,471589.3137,2014
Sumbawa Barat,65468.27451,2014
Sumedang,1297731.153,2014
Sumenep,948077.4863,2014
Tabalong,212503.1608,2014
Tabanan,498452.1255,2014
Takalar,237443.1961,2014
Tambrauw,27258.12157,2014
Tana Tidung,14265.0549,2014
Tana Toraja,219235.3176,2014
Tanah Bumbu,173444.1765,2014
Tanah Datar,204857.3059,2014
Tanah Laut,300087.3882,2014
Tangerang,3189778.816,2014
Tanggamus,135629.898,2014
Tanjung Jabung Barat,363030.4902,2014
Tanjung Jabung Timur,149561.8667,2014
Tapanuli Selatan,444727.7176,2014
Tapanuli Tengah,500876.2941,2014
Tapanuli Utara,136013.4431,2014
Tapin,188023.3216,2014
Tasikmalaya,1984643.643,2014
Tebo,261752.8627,2014
Tegal,1539836.075,2014
Teluk Bintuni,105118.0706,2014
Teluk Wondama,12855.10588,2014
Temanggung,749089.1765,2014
Timor Tengah Selatan,485445.502,2014
Timor Tengah Utara,277188.9255,2014
Toba Samosir,491031.9725,2014
Tojo Una-Una,45214.09804,2014
Toli-Toli,196600.0431,2014
Toraja Utara,364572.6431,2014
Trenggalek,744963.6157,2014
Tuban,1193399.965,2014
Tulang Bawang Barat,354791.8549,2014
Tulangbawang,568343.0039,2014
Tulungagung,1076039.824,2014
Waduk Cirata,12637.35686,2014
Wadung Kedungombo,2602.658824,2014
Wajo,444536.898,2014
Wakatobi,18863.39216,2014
Way Kanan,601164.7255,2014
Wonogiri,1069731.851,2014
Wonosobo,808947.2824,2014
Aceh Barat,262897.898,2014
Aceh Barat Daya,174819.2941,2014
Aceh Besar,408661.3294,2014
Aceh Jaya,115797.5529,2014
Aceh Selatan,198122.102,2014
Aceh Singkil,141896.7804,2014
Aceh Tamiang,233205.5765,2014
Aceh Tengah,122539.1412,2014
Aceh Tenggara,208188.7294,2014
Aceh Timur,258631.651,2014
Aceh Utara,442008.6863,2014
Agam,494792.8353,2014
Alor,198408.9255,2014
Asahan,537155.3333,2014
Badung,436759.8431,2014
Balangan,104209.949,2014
Bandung,3119749.514,2014
Bandung Barat,1973476.792,2014
Banggai,333881.6667,2014
Banggai Kepulauan,123265.0157,2014
Banggai Laut,29630.36471,2014
Bangka,277810.7059,2014
Bangka Barat,204415.0314,2014
Bangka Selatan,263140.9843,2014
Bangka Tengah,150314.8,2014
Bangkalan,926715.9333,2014
Bangli,253684.6745,2014
Banjar,534208.8706,2014
Banjarnegara,930141.2,2014
Bantaeng,191971.0745,2014
Bantul,902987.3176,2014
Banyu Asin,567923.0706,2014
Banyumas,1611289.91,2014
Banyuwangi,1693560.494,2014
Barito Kuala,255772.2627,2014
Barito Selatan,193502.2824,2014
Barito Timur,116537.298,2014
Barito Utara,150303.7451,2014
Barru,147408.4118,2014
Batang,730288.5686,2014
Batang Hari,314272.7961,2014
Batu Bara,473591.6275,2014
Bekasi,2410405.592,2014
Belitung,139556.2549,2014
Belitung Timur,128042.8549,2014
Belu,179243.9216,2014
Bener Meriah,65118.01176,2014
Bengkalis,628534.7922,2014
Bengkayang,318176.0235,2014
Bengkulu Selatan,95093.95294,2014
Bengkulu Tengah,67374.6549,2014
Bengkulu Utara,264070.7765,2014
Berau,179349.9098,2014
Biak Numfor,198997.4314,2014
Bima,555615.0627,2014
Bintan,67005.87451,2014
Bireuen,366664.7294,2014
Blitar,1233723.263,2014
Blora,912530.7882,2014
Boalemo,159334.3176,2014
Bogor,3967576.71,2014
Bojonegoro,1343170.545,2014
Bolaang Mongondow,179224.4941,2014
Bolaang Mongondow Selatan,33732.18824,2014
Bolaang Mongondow Timur,47390.9451,2014
Bolaang Mongondow Utara,61573.78824,2014
Bombana,160935.9725,2014
Bondowoso,763821.0157,2014
Bone,794249.9176,2014
Bone Bolango,57237.70196,2014
Boyolali,997289.1137,2014
Brebes,1900130.612,2014
Buleleng,648009.8588,2014
Bulukumba,462596.2431,2014
Bulungan,110422.9725,2014
Bungo,282792.6078,2014
Buol,123326.4275,2014
Buru,113240.9686,2014
Buru Selatan,26664.72941,2014
Buton,13449.18431,2014
Buton Selatan,10419.81569,2014
Buton Tengah,51691.58039,2014
Buton Utara,103659.4471,2014
Ciamis,914340.2627,2014
Cianjur,2466713.592,2014
Cilacap,1788501.227,2014
Cirebon,2384008.882,2014
Dairi,268802.2196,2014
Danau,20651.74902,2014
Danau Toba,28820.42745,2014
Deli Serdang,1759982.741,2014
Demak,1095980.522,2014
Dharmasraya,331001.8039,2014
Dompu,195757.7686,2014
Donggala,166814.1922,2014
Empat Lawang,158709.1608,2014
Ende,252189.9882,2014
Enrekang,48508.10588,2014
Fakfak,90101.28235,2014
Flores Timur,233345.4,2014
Garut,2627596.106,2014
Gayo Lues,107552.4627,2014
Gianyar,506660.2941,2014
Gorontalo,623714.4784,2014
Gorontalo Utara,87380.16863,2014
Gowa,613403.8353,2014
Gresik,1106426.996,2014
Grobogan,1445132.808,2014
Gunung Kidul,791527.498,2014
Gunung Mas,117130.7412,2014
Halmahera Barat,152380.2235,2014
Halmahera Selatan,54328.32941,2014
Halmahera Tengah,18524.45098,2014
Halmahera Timur,25873.79608,2014
Halmahera Utara,254153.1451,2014
Hulu Sungai Selatan,248451.7647,2014
Hulu Sungai Tengah,312444.8196,2014
Hulu Sungai Utara,245648.4353,2014
Humbang Hasundutan,96382.29412,2014
Hutan,378.9137255,2014
Indragiri Hilir,1170352.176,2014
Indragiri Hulu,201641.3373,2014
Indramayu,2035947.439,2014
Jember,2558196.294,2014
Jembrana,300834.698,2014
Jeneponto,584687.2667,2014
Jepara,1066220.427,2014
Jombang,1304123.106,2014
Kaimana,15762.98824,2014
Kampar,631960.2941,2014
Kapuas,369081.1333,2014
Kapuas Hulu,244267.3137,2014
Karang Asem,463021.1804,2014
Karanganyar,848895.6902,2014
Karawang,2488037.573,2014
Karimun,190360.8667,2014
Karo,224243.2275,2014
Katingan,174955.2824,2014
Kaur,45625.15686,2014
Kayong Utara,22028.63529,2014
Kebumen,1299415.784,2014
Kediri,1615592.714,2014
Kendal,953030.2392,2014
Kepahiang,62712.15686,2014
Kepulauan Anambas,7678.466667,2014
Kepulauan Aru,122627.4667,2014
Kepulauan Yapen,44497.24706,2014
Kota Jayapura,233486.1882,2014
Lanny Jaya,147458.1451,2014
Mamberamo Raya,123219.8275,2014
Mamberamo Tengah,20935.70196,2014
Mappi,40743.0549,2014
Merauke,394245.7216,2014
Nduga,48541.47451,2014
Paniai,107603.1137,2014
Pegunungan Bintang,163401.9843,2014
Puncak,135629.3216,2014
Puncak Jaya,44667.06275,2014
Sarmi,101622.1059,2014
Supiori,10375.87843,2014
Tolikara,57894.73725,2014
Waropen,28234.16078,2014
Yahukimo,157538.0706,2014
Yalimo,34893.31373,2014
Asmat,15541.16471,2014
Boven Digoel,28826.01961,2014
Deiyai,28386.27451,2014
Dogiyai,67456.26667,2014
Intan Jaya,23598.1098,2014
Jayapura,73807.63529,2014
Jayawijaya,107490.9608,2014
Keerom,50159.07059,2014
Kepulauan Mentawai,69979.24314,2015
Kepulauan Meranti,97166.07451,2015
Kepulauan Sangihe,61806.8549,2015
Kepulauan Selayar,86392.17647,2015
Kepulauan Sula,13600.81961,2015
Kepulauan Talaud,147398.8784,2015
Kerinci,306698.251,2015
Ketapang,484371.9176,2015
Klaten,1245808.671,2015
Klungkung,276242.5882,2015
Kolaka,230186.7804,2015
Kolaka Timur,143164.4118,2015
Kolaka Utara,46071.7098,2015
Konawe,240911.2941,2015
Konawe Kepulauan,17128.30196,2015
Konawe Selatan,246671.7137,2015
Konawe Utara,64893.2,2015
Kota Ambon,174792.5255,2015
Kota Balikpapan,526652.0471,2015
Kota Banda Aceh,295605.3569,2015
Kota Bandar Lampung,861208.1647,2015
Kota Bandung,2556209.325,2015
Kota Banjar,177425.6353,2015
Kota Banjar Baru,187402.2588,2015
Kota Banjarmasin,715067.8353,2015
Kota Baru,287050.4275,2015
Kota Batam,888213.7569,2015
Kota Batu,210503.7922,2015
Kota Baubau,35568.3098,2015
Kota Bekasi,2064068.616,2015
Kota Bengkulu,452168.902,2015
Kota Bima,91027.21569,2015
Kota Binjai,228143.9412,2015
Kota Bitung,49674.65882,2015
Kota Blitar,128732.8627,2015
Kota Bogor,960156.6471,2015
Kota Bontang,126755.6667,2015
Kota Bukittinggi,99227.54902,2015
Kota Cilegon,430897.6,2015
Kota Cimahi,337328.3843,2015
Kota Cirebon,427321.5961,2015
Kota Denpasar,704049.8902,2015
Kota Depok,1561835.635,2015
Kota Dumai,510672.1412,2015
Kota Gorontalo,150652.1686,2015
Kota Gunungsitoli,33548.79608,2015
Kota Jakarta Barat,2383621.012,2015
Kota Jakarta Pusat,1024620.914,2015
Kota Jakarta Selatan,2163601.067,2015
Kota Jakarta Timur,3023544.706,2015
Kota Jakarta Utara,1671392.51,2015
Kota Jambi,608903.7608,2015
Kota Kediri,289300.051,2015
Kota Kendari,252514.8,2015
Kota Kotamobagu,122742.5686,2015
Kota Kupang,264383.7137,2015
Kota Langsa,141329.4078,2015
Kota Lhokseumawe,103214.4471,2015
Kota Lubuklinggau,138812.2863,2015
Kota Madiun,198205.5529,2015
Kota Magelang,125698.5412,2015
Kota Makassar,1375517.008,2015
Kota Malang,1020207.09,2015
Kota Manado,399827.6784,2015
Kota Mataram,668790.7137,2015
Kota Medan,3136427.996,2015
Kota Metro,140908.349,2015
Kota Mojokerto,123113.0784,2015
Kota Padang,1203462.255,2015
Kota Padang Panjang,46985.89804,2015
Kota Padangsidimpuan,288429.9608,2015
Kota Pagar Alam,41611.86667,2015
Kota Palangka Raya,256835.6706,2015
Kota Palembang,1829982.698,2015
Kota Palopo,83578.61961,2015
Kota Palu,238301.3608,2015
Kota Pangkal Pinang,115060.1255,2015
Kota Parepare,120089.2863,2015
Kota Pariaman,107910.0941,2015
Kota Pasuruan,193140.5569,2015
Kota Payakumbuh,168447.102,2015
Kota Pekalongan,290098.3255,2015
Kota Pekanbaru,993817.3686,2015
Kota Pematang Siantar,304195.1686,2015
Kota Pontianak,865734.2039,2015
Kota Prabumulih,83666.38431,2015
Kota Probolinggo,203039.7098,2015
Kota Sabang,18132.50196,2015
Kota Salatiga,220865.9882,2015
Kota Samarinda,831272.1647,2015
Kota Sawah Lunto,90755.98824,2015
Kota Semarang,1502035.216,2015
Kota Serang,566177.5176,2015
Kota Sibolga,39545.65098,2015
Kota Singkawang,343388.7529,2015
Kota Solok,37026.9451,2015
Kota Sorong,62989.17255,2015
Kota Subulussalam,44922.39216,2015
Kota Sukabumi,350229.6745,2015
Kota Sungai Penuh,40395.39216,2015
Kota Surabaya,2949132.247,2015
Kota Surakarta,545810.898,2015
Kota Tangerang,1891791.573,2015
Kota Tangerang Selatan,1072762.82,2015
Kota Tanjung Balai,127408.8471,2015
Kota Tanjung Pinang,242948.8745,2015
Kota Tarakan,177294.9608,2015
Kota Tasikmalaya,643047.4,2015
Kota Tebing Tinggi,226840.4902,2015
Kota Tegal,259262.5333,2015
Kota Ternate,140807.8706,2015
Kota Tidore Kepulauan,28195.87059,2015
Kota Tomohon,119200.8824,2015
Kota Tual,32212.59608,2015
Kota Yogyakarta,475149.9686,2015
Kotawaringin Barat,255818.8157,2015
Kotawaringin Timur,245117.8784,2015
Kuantan Singingi,215336.9137,2015
Kubu Raya,219864.4863,2015
Kudus,778337.4392,2015
Kulon Progo,443222.1961,2015
Kuningan,1252918.376,2015
Kupang,376580.0549,2015
Kutai Barat,99613.94118,2015
Kutai Kartanegara,836820.7725,2015
Kutai Timur,234683.1922,2015
Labuhan Batu,508680.5373,2015
Labuhan Batu Selatan,201717.3725,2015
Labuhan Batu Utara,351411.7647,2015
Lahat,357171.7412,2015
Lamandau,12540.62353,2015
Lamongan,1354843.796,2015
Lampung Barat,31786.60392,2015
Lampung Selatan,1236425.859,2015
Lampung Tengah,1736569.435,2015
Lampung Timur,1131975.682,2015
Lampung Utara,509097.6667,2015
Landak,366060.4157,2015
Langkat,851823.1961,2015
Lebak,1253709.302,2015
Lebong,239447.7294,2015
Lembata,99339.16078,2015
Lima Puluh Kota,688142.251,2015
Lingga,64132.02353,2015
Lombok Barat,337917.6863,2015
Lombok Tengah,866713.5255,2015
Lombok Timur,1238773.169,2015
Lombok Utara,232393.9804,2015
Lumajang,1069415.494,2015
Luwu,316460.9686,2015
Luwu Timur,334147.2157,2015
Luwu Utara,165175.1765,2015
Madiun,772524.4314,2015
Magelang,1267520.686,2015
Magetan,711252.8235,2015
Mahakam Hulu,56480.18824,2015
Majalengka,1493851.745,2015
Majene,133379.6667,2015
Malaka,163025.9098,2015
Malang,2430128.867,2015
Malinau,78175.87451,2015
Maluku Barat Daya,117168.5882,2015
Maluku Tengah,254620.498,2015
Maluku Tenggara,40705.30196,2015
Maluku Tenggara Barat,56323.38039,2015
Mamasa,129813.5059,2015
Mamuju,186970.5765,2015
Mamuju Tengah,119752.3176,2015
Mamuju Utara,149148.2706,2015
Mandailing Natal,151543.6039,2015
Manggarai,205633.3216,2015
Manggarai Barat,346127.8627,2015
Manggarai Timur,201878.6353,2015
Manokwari,118982.5137,2015
Manokwari Selatan,19790.59608,2015
Maros,298448.9373,2015
Maybrat,11072.44314,2015
Melawi,226712.3216,2015
Mempawah,147084.5255,2015
Merangin,345821.4157,2015
Mesuji,316785.7843,2015
Mimika,153299.7059,2015
Minahasa,422705.9216,2015
Minahasa Selatan,284492.2941,2015
Minahasa Tenggara,190601.6275,2015
Minahasa Utara,62807.11373,2015
Mojokerto,1058520.686,2015
Morowali,48550.35294,2015
Morowali Utara,101745.7608,2015
Muara Enim,386977.5059,2015
Muaro Jambi,293277.698,2015
Mukomuko,225469.1608,2015
Muna,342862.2314,2015
Muna Barat,248442.3059,2015
Murung Raya,109199.1412,2015
Musi Banyuasin,571845.7804,2015
Musi Rawas,555694.4078,2015
Musi Rawas Utara,160589.5529,2015
Nabire,145325.0549,2015
Nagan Raya,193118.7176,2015
Nagekeo,200459.7569,2015
Natuna,84659.91765,2015
Ngada,141555.6196,2015
Nganjuk,1135679.369,2015
Ngawi,915943.702,2015
Nias,198030.2745,2015
Nias Barat,70397.1098,2015
Nias Selatan,361559.7922,2015
Nias Utara,121516.1255,2015
Nunukan,105560.4941,2015
Ogan Ilir,256672.149,2015
Ogan Komering Ilir,1091517.357,2015
Ogan Komering Ulu,393506.6353,2015
Ogan Komering Ulu Selatan,86367.2902,2015
Ogan Komering Ulu Timur,596148.5529,2015
Pacitan,620448.7686,2015
Padang Lawas,313994.0941,2015
Padang Lawas Utara,478806.3765,2015
Padang Pariaman,165784.1294,2015
Pakpak Bharat,22807.71765,2015
Pamekasan,785279.9451,2015
Pandeglang,1385581.463,2015
Pangandaran,1005297.345,2015
Pangkajene Dan Kepulauan,275547.6667,2015
Parigi Moutong,431562.1529,2015
Pasaman,147126.2275,2015
Pasaman Barat,562763.1255,2015
Paser,123244.0627,2015
Pasuruan,1568633.745,2015
Pati,1289321.271,2015
Pegunungan Arfak,8704.466667,2015
Pekalongan,902122.5569,2015
Pelalawan,332300.2235,2015
Pemalang,1421111.122,2015
Penajam Paser Utara,73988.2902,2015
Penukal Abab Lematang Ilir,243815.2078,2015
Pesawaran,418384.9843,2015
Pesisir Barat,25356.85098,2015
Pesisir Selatan,285604.0588,2015
Pidie,541241.1216,2015
Pidie Jaya,119192.4196,2015
Pinrang,386004.5451,2015
Pohuwato,26399.09804,2015
Polewali Mandar,440135.8392,2015
Ponorogo,975437.1765,2015
Poso,256616.2745,2015
Pringsewu,202856.898,2015
Probolinggo,1157667.325,2015
Pulang Pisau,183831.3843,2015
Pulau Morotai,66955.82353,2015
Pulau Taliabu,9443.196078,2015
Purbalingga,900755.0196,2015
Purwakarta,892508.3961,2015
Purworejo,799509.6353,2015
Raja Ampat,58738.52941,2015
Rejang Lebong,282864.7333,2015
Rembang,627380.5529,2015
Rokan Hilir,278523.0196,2015
Rokan Hulu,284252.4078,2015
Rote Ndao,131382.8157,2015
Sabu Raijua,41789.34902,2015
Sambas,403736.3608,2015
Samosir,120349.4235,2015
Sampang,869457.898,2015
Sanggau,425880.2275,2015
Sarolangun,277233.9451,2015
Sekadau,173616.3608,2015
Seluma,123114.8784,2015
Semarang,1078629.922,2015
Seram Bagian Barat,201678.2235,2015
Seram Bagian Timur,104963.4471,2015
Serang,1781125.278,2015
Serdang Bedagai,401762.8,2015
Seruyan,182429.3529,2015
Siak,671769.0471,2015
Siau Tagulandang Biaro,23724.23137,2015
Sidenreng Rappang,426990.3255,2015
Sidoarjo,1895428.369,2015
Sigi,509801.4706,2015
Sijunjung,116385.0745,2015
Sikka,354044.5333,2015
Simalungun,432187.3137,2015
Simeulue,80805.75686,2015
Sinjai,210172.7569,2015
Sintang,355308.7647,2015
Situbondo,737246.0471,2015
Sleman,1088281.106,2015
Solok,234575.1843,2015
Solok Selatan,220237.5608,2015
Soppeng,270404.7137,2015
Sorong,154018.8549,2015
Sorong Selatan,34090.23137,2015
Sragen,954428.9961,2015
Subang,1737460.42,2015
Sukabumi,2669832.541,2015
Sukamara,29555.10196,2015
Sukoharjo,879442.1882,2015
Sumba Barat,122878.4745,2015
Sumba Barat Daya,178267.3216,2015
Sumba Tengah,151413.5373,2015
Sumba Timur,251266.102,2015
Sumbawa,474813.4078,2015
Sumbawa Barat,67293.06667,2015
Sumedang,1309881.294,2015
Sumenep,954692.2471,2015
Tabalong,214511.9961,2015
Tabanan,502960.9647,2015
Takalar,226009.8118,2015
Tambrauw,28419.82353,2015
Tana Tidung,14352.26275,2015
Tana Toraja,221812.3804,2015
Tanah Bumbu,171010.2824,2015
Tanah Datar,206755.8314,2015
Tanah Laut,312235.1765,2015
Tangerang,3217156.925,2015
Tanggamus,137076.6902,2015
Tanjung Jabung Barat,366459.9451,2015
Tanjung Jabung Timur,151028.3373,2015
Tapanuli Selatan,447388.6039,2015
Tapanuli Tengah,505773.6667,2015
Tapanuli Utara,140151.9098,2015
Tapin,189822.2863,2015
Tasikmalaya,2003272.608,2015
Tebo,264430.1843,2015
Tegal,1554606.286,2015
Teluk Bintuni,98910.96863,2015
Teluk Wondama,12319.93725,2015
Temanggung,755721.8431,2015
Timor Tengah Selatan,489071.898,2015
Timor Tengah Utara,283940.9098,2015
Toba Samosir,491491.3608,2015
Tojo Una-Una,45321.61569,2015
Toli-Toli,198362.7765,2015
Toraja Utara,361720.9059,2015
Trenggalek,751939.7882,2015
Tuban,1201586.953,2015
Tulang Bawang Barat,357742.1373,2015
Tulangbawang,573193.1608,2015
Tulungagung,1081131.451,2015
Waduk Cirata,12752.62353,2015
Wadung Kedungombo,2604.772549,2015
Wajo,441062.3333,2015
Wakatobi,19559.76471,2015
Way Kanan,606391.9843,2015
Wonogiri,1079785.275,2015
Wonosobo,816509.2078,2015
Aceh Barat,265357.7333,2015
Aceh Barat Daya,176661.7569,2015
Aceh Besar,413026.0471,2015
Aceh Jaya,116801.5647,2015
Aceh Selatan,197382.9725,2015
Aceh Singkil,143019.451,2015
Aceh Tamiang,235398.8235,2015
Aceh Tengah,125212.3961,2015
Aceh Tenggara,210081.698,2015
Aceh Timur,261041.3922,2015
Aceh Utara,446781.451,2015
Agam,496766.6667,2015
Alor,194963.8314,2015
Asahan,541827.1176,2015
Badung,441703.4863,2015
Balangan,105134.3412,2015
Bandung,3149798.804,2015
Bandung Barat,1991599.2,2015
Banggai,337328.7137,2015
Banggai Kepulauan,124359.1686,2015
Banggai Laut,29937.62745,2015
Bangka,271710.8392,2015
Bangka Barat,205639.7843,2015
Bangka Selatan,257419.7137,2015
Bangka Tengah,174809.4784,2015
Bangkalan,934199.1373,2015
Bangli,256251.6549,2015
Banjar,538842.4471,2015
Banjarnegara,939020.8824,2015
Bantaeng,199755.8549,2015
Bantul,908313.5569,2015
Banyu Asin,573384.2706,2015
Banyumas,1626236.376,2015
Banyuwangi,1709578.227,2015
Barito Kuala,258176.2627,2015
Barito Selatan,195274.5843,2015
Barito Timur,117621.3725,2015
Barito Utara,151683.9922,2015
Barru,147594.4863,2015
Batang,737143.0431,2015
Batang Hari,317154.0353,2015
Batu Bara,477958.5451,2015
Bekasi,2428981.337,2015
Belitung,142559.4314,2015
Belitung Timur,129367.8745,2015
Belu,178482.702,2015
Bener Meriah,65442.83922,2015
Bengkalis,634980.0706,2015
Bengkayang,321345.5333,2015
Bengkulu Selatan,96834.21176,2015
Bengkulu Tengah,70276.78824,2015
Bengkulu Utara,265364.1922,2015
Berau,181052.8627,2015
Biak Numfor,197320.9333,2015
Bima,551080.0039,2015
Bintan,67689.34118,2015
Bireuen,369927.4824,2015
Blitar,1264965.063,2015
Blora,920984.3216,2015
Boalemo,160838.1137,2015
Bogor,3959117.235,2015
Bojonegoro,1358209.11,2015
Bolaang Mongondow,180897.6353,2015
Bolaang Mongondow Selatan,34035.8902,2015
Bolaang Mongondow Timur,47762.70588,2015
Bolaang Mongondow Utara,62109.83137,2015
Bombana,157651.702,2015
Bondowoso,771836.098,2015
Bone,785369.2314,2015
Bone Bolango,57759.4,2015
Boyolali,1007323.541,2015
Brebes,1917726.118,2015
Buleleng,653906.3373,2015
Bulukumba,452909.8863,2015
Bulungan,111415.9725,2015
Bungo,285478.5765,2015
Buol,124160.851,2015
Buru,115165.6431,2015
Buru Selatan,26535.10196,2015
Buton,17138.35686,2015
Buton Selatan,13665,2015
Buton Tengah,41122.71765,2015
Buton Utara,107539.8039,2015
Ciamis,923044.3569,2015
Cianjur,2489881.396,2015
Cilacap,1805163.133,2015
Cirebon,2406401.318,2015
Dairi,272784.8941,2015
Danau,20441.64706,2015
Danau Toba,29760.51373,2015
Deli Serdang,1749312.89,2015
Demak,1105763.208,2015
Dharmasraya,334037.1765,2015
Dompu,200531.549,2015
Donggala,168105.3529,2015
Empat Lawang,159904.5059,2015
Ende,245979.6941,2015
Enrekang,60338.8902,2015
Fakfak,90674.94902,2015
Flores Timur,234355.5059,2015
Garut,2652314.463,2015
Gayo Lues,108567.5255,2015
Gianyar,511146.7529,2015
Gorontalo,630484.1608,2015
Gorontalo Utara,87757.23529,2015
Gowa,666761.4549,2015
Gresik,1116255.392,2015
Grobogan,1458393.761,2015
Gunung Kidul,798651.3922,2015
Gunung Mas,118329.3373,2015
Halmahera Barat,158641.9098,2015
Halmahera Selatan,53647.88627,2015
Halmahera Tengah,19355.91765,2015
Halmahera Timur,36692.32549,2015
Halmahera Utara,256025.3059,2015
Hulu Sungai Selatan,250766.1137,2015
Hulu Sungai Tengah,315413.7922,2015
Hulu Sungai Utara,247988.2157,2015
Humbang Hasundutan,99059.16471,2015
Hutan,391.1921569,2015
Indragiri Hilir,1179841.282,2015
Indragiri Hulu,202881.7725,2015
Indramayu,2055088.969,2015
Jember,2581321.624,2015
Jembrana,303664.8431,2015
Jeneponto,575115.6118,2015
Jepara,1076248.918,2015
Jombang,1317335.541,2015
Kaimana,15878.46275,2015
Kampar,635870,2015
Kapuas,372473.1843,2015
Kapuas Hulu,246471.0863,2015
Karang Asem,466910.8353,2015
Karanganyar,856779.651,2015
Karawang,2511391.569,2015
Karimun,192148.0118,2015
Karo,281099.4588,2015
Katingan,176679.3686,2015
Kaur,45804.30588,2015
Kayong Utara,24417.50196,2015
Kebumen,1311609.925,2015
Kediri,1628933.549,2015
Kendal,961335.5529,2015
Kepahiang,63163.77647,2015
Kepulauan Anambas,7724.231373,2015
Kepulauan Aru,117562.6118,2015
Kepulauan Yapen,51959.89412,2015
Kota Jayapura,238624.7255,2015
Lanny Jaya,143200.5216,2015
Mamberamo Raya,119903.8118,2015
Mamberamo Tengah,20294.76471,2015
Mappi,41113.62745,2015
Merauke,395086.1647,2015
Nduga,46998.16471,2015
Paniai,108653.7176,2015
Pegunungan Bintang,157913.8196,2015
Puncak,136524.8471,2015
Puncak Jaya,47495.5098,2015
Sarmi,102858.8941,2015
Supiori,12420.81176,2015
Tolikara,55974.18431,2015
Waropen,25926.98431,2015
Yahukimo,152562.7961,2015
Yalimo,51334.29804,2015
Asmat,15564.8902,2015
Boven Digoel,31588.42745,2015
Deiyai,28667.64314,2015
Dogiyai,68111.64314,2015
Intan Jaya,23797.75294,2015
Jayapura,74904.86667,2015
Jayawijaya,115504.9804,2015
Keerom,50594.41961,2015
Kepulauan Mentawai,70586.37647,2016
Kepulauan Meranti,98070.73725,2016
Kepulauan Sangihe,62366.98039,2016
Kepulauan Selayar,87121.07843,2016
Kepulauan Sula,13886.41176,2016
Kepulauan Talaud,148730.4824,2016
Kerinci,309351.8235,2016
Ketapang,488441.8863,2016
Klaten,1256954.337,2016
Klungkung,278454.1098,2016
Kolaka,233554.6353,2016
Kolaka Timur,143356.3804,2016
Kolaka Utara,46524.69804,2016
Konawe,244238.8,2016
Konawe Kepulauan,17404.27843,2016
Konawe Selatan,248981.8353,2016
Konawe Utara,65502.42745,2016
Kota Ambon,176282.7922,2016
Kota Balikpapan,531788.9255,2016
Kota Banda Aceh,298675.3373,2016
Kota Bandar Lampung,868143.298,2016
Kota Bandung,2584938.533,2016
Kota Banjar,179057.0275,2016
Kota Banjar Baru,189053.4824,2016
Kota Banjarmasin,720612.4039,2016
Kota Baru,288570.3882,2016
Kota Batam,896294.2314,2016
Kota Batu,212413.4353,2016
Kota Baubau,35887.92941,2016
Kota Bekasi,2047291.976,2016
Kota Bengkulu,456161.9804,2016
Kota Bima,91799.57255,2016
Kota Binjai,230094.2157,2016
Kota Bitung,49972.15686,2016
Kota Blitar,128221.0039,2016
Kota Bogor,965253.4431,2016
Kota Bontang,127981.2118,2016
Kota Bukittinggi,100141.1098,2016
Kota Cilegon,437010.9255,2016
Kota Cimahi,341602.7961,2016
Kota Cirebon,428246.0588,2016
Kota Denpasar,710486.9882,2016
Kota Depok,1569100.263,2016
Kota Dumai,515308.9843,2016
Kota Gorontalo,158532.2118,2016
Kota Gunungsitoli,33853.14902,2016
Kota Jakarta Barat,2403042.882,2016
Kota Jakarta Pusat,1035018.447,2016
Kota Jakarta Selatan,2180707.255,2016
Kota Jakarta Timur,3063329.6,2016
Kota Jakarta Utara,1685676.271,2016
Kota Jambi,614174.5922,2016
Kota Kediri,291366.2314,2016
Kota Kendari,254836.8471,2016
Kota Kotamobagu,123859.9176,2016
Kota Kupang,265308.3098,2016
Kota Langsa,142594.8784,2016
Kota Lhokseumawe,104096.6863,2016
Kota Lubuklinggau,140087.2392,2016
Kota Madiun,193017.3176,2016
Kota Magelang,127959.5137,2016
Kota Makassar,1389937.922,2016
Kota Malang,1035330.871,2016
Kota Manado,409549.902,2016
Kota Mataram,665155.7059,2016
Kota Medan,3164950.392,2016
Kota Metro,142211.3176,2016
Kota Mojokerto,123054.7882,2016
Kota Padang,1214320.655,2016
Kota Padang Panjang,47475.84314,2016
Kota Padangsidimpuan,291050.8235,2016
Kota Pagar Alam,41980.46275,2016
Kota Palangka Raya,259295.2118,2016
Kota Palembang,1845841.42,2016
Kota Palopo,84339.06275,2016
Kota Palu,245009.9961,2016
Kota Pangkal Pinang,116106.2745,2016
Kota Parepare,122202.6667,2016
Kota Pariaman,108889.5294,2016
Kota Pasuruan,194741.8235,2016
Kota Payakumbuh,169827.9451,2016
Kota Pekalongan,294942.8275,2016
Kota Pekanbaru,1002811.278,2016
Kota Pematang Siantar,305680.098,2016
Kota Pontianak,879321.1059,2016
Kota Prabumulih,84427.4549,2016
Kota Probolinggo,203555.7961,2016
Kota Sabang,18409.81569,2016
Kota Salatiga,228300.5686,2016
Kota Samarinda,838245.4392,2016
Kota Sawah Lunto,91293.51765,2016
Kota Semarang,1518240.259,2016
Kota Serang,571252.9137,2016
Kota Sibolga,40068.05098,2016
Kota Singkawang,348975.6706,2016
Kota Solok,37542.71765,2016
Kota Sorong,63561.50588,2016
Kota Subulussalam,44935.67451,2016
Kota Sukabumi,344508.6824,2016
Kota Sungai Penuh,40838.43922,2016
Kota Surabaya,2975773.49,2016
Kota Surakarta,548389.2353,2016
Kota Tangerang,1917053.341,2016
Kota Tangerang Selatan,1081157.027,2016
Kota Tanjung Balai,128630.3137,2016
Kota Tanjung Pinang,245144.2196,2016
Kota Tarakan,178911.2706,2016
Kota Tasikmalaya,648257.7961,2016
Kota Tebing Tinggi,228889.5843,2016
Kota Tegal,261596.8745,2016
Kota Ternate,135934.9882,2016
Kota Tidore Kepulauan,28781.07059,2016
Kota Tomohon,119780.1608,2016
Kota Tual,32564.82745,2016
Kota Yogyakarta,479416.4039,2016
Kotawaringin Barat,259517.8863,2016
Kotawaringin Timur,247720.8588,2016
Kuantan Singingi,217335.3922,2016
Kubu Raya,221236.1608,2016
Kudus,785608.7882,2016
Kulon Progo,446507.251,2016
Kuningan,1260050.486,2016
Kupang,381457.6941,2016
Kutai Barat,100216.2118,2016
Kutai Kartanegara,841638.2196,2016
Kutai Timur,236966.4196,2016
Labuhan Batu,513326.8902,2016
Labuhan Batu Selatan,203976.6118,2016
Labuhan Batu Utara,354625.3961,2016
Lahat,360426.9922,2016
Lamandau,12627.4549,2016
Lamongan,1369517.345,2016
Lampung Barat,32069.61961,2016
Lampung Selatan,1249974.533,2016
Lampung Tengah,1752357.604,2016
Lampung Timur,1141155.318,2016
Lampung Utara,513401.9412,2016
Landak,368248.2824,2016
Langkat,859414.102,2016
Lebak,1263205.784,2016
Lebong,241525.349,2016
Lembata,100363.7451,2016
Lima Puluh Kota,701592.698,2016
Lingga,64661.07451,2016
Lombok Barat,344950.9373,2016
Lombok Tengah,876940,2016
Lombok Timur,1250675.698,2016
Lombok Utara,234324.0902,2016
Lumajang,1079329.596,2016
Luwu,319428.3255,2016
Luwu Timur,336930.6941,2016
Luwu Utara,166720.7765,2016
Madiun,786931.7569,2016
Magelang,1277471.012,2016
Magetan,715030.1451,2016
Mahakam Hulu,57087.52157,2016
Majalengka,1507088.502,2016
Majene,134625.7843,2016
Malaka,164260.7294,2016
Malang,2444448.941,2016
Malinau,78873.79608,2016
Maluku Barat Daya,118060.3255,2016
Maluku Tengah,261192.9647,2016
Maluku Tenggara,41106.78039,2016
Maluku Tenggara Barat,56548.44314,2016
Mamasa,131356.3451,2016
Mamuju,189310.0627,2016
Mamuju Tengah,120832.2196,2016
Mamuju Utara,150133.1176,2016
Mandailing Natal,153014.1647,2016
Manggarai,207506.6,2016
Manggarai Barat,349259.9647,2016
Manggarai Timur,203234.9412,2016
Manokwari,120326.6784,2016
Manokwari Selatan,21847.86667,2016
Maros,301134.4941,2016
Maybrat,11271.96078,2016
Melawi,228746.1098,2016
Mempawah,148939.251,2016
Merangin,348949.5373,2016
Mesuji,319572.4275,2016
Mimika,155520.1569,2016
Minahasa,430757.0196,2016
Minahasa Selatan,285703.5608,2016
Minahasa Tenggara,191373.0902,2016
Minahasa Utara,63704.05098,2016
Mojokerto,1070613.922,2016
Morowali,48559.55294,2016
Morowali Utara,102873.8275,2016
Muara Enim,391086.9686,2016
Muaro Jambi,293043.2667,2016
Mukomuko,227459.8471,2016
Muna,420480.1725,2016
Muna Barat,164703.1294,2016
Murung Raya,109582.4941,2016
Musi Banyuasin,580817.2078,2016
Musi Rawas,560715.349,2016
Musi Rawas Utara,161850.7137,2016
Nabire,138877.7333,2016
Nagan Raya,194820.651,2016
Nagekeo,203339.2824,2016
Natuna,85424.7098,2016
Ngada,143298.8314,2016
Nganjuk,1146096.263,2016
Ngawi,924266.5922,2016
Nias,199830.3333,2016
Nias Barat,71027.04314,2016
Nias Selatan,364516.651,2016
Nias Utara,122611.4627,2016
Nunukan,106644.3804,2016
Ogan Ilir,259018.4627,2016
Ogan Komering Ilir,1101341.812,2016
Ogan Komering Ulu,396532.6392,2016
Ogan Komering Ulu Selatan,87211.1098,2016
Ogan Komering Ulu Timur,601941.7529,2016
Pacitan,629283.2588,2016
Padang Lawas,317738.8039,2016
Padang Lawas Utara,483207.3608,2016
Padang Pariaman,167326.8706,2016
Pakpak Bharat,22988.57647,2016
Pamekasan,791068.1922,2016
Pandeglang,1398049.792,2016
Pangandaran,1014617.494,2016
Pangkajene Dan Kepulauan,277449.2039,2016
Parigi Moutong,433884.6353,2016
Pasaman,148398.0275,2016
Pasaman Barat,568112.651,2016
Paser,125079.6745,2016
Pasuruan,1579635.816,2016
Pati,1284859.114,2016
Pegunungan Arfak,8786.078431,2016
Pekalongan,908076.0745,2016
Pelalawan,335633.6588,2016
Pemalang,1433708.29,2016
Penajam Paser Utara,74863.6902,2016
Penukal Abab Lematang Ilir,246015.9412,2016
Pesawaran,422895.9686,2016
Pesisir Barat,25572.19216,2016
Pesisir Selatan,288180.0588,2016
Pidie,546121.5216,2016
Pidie Jaya,120172.5059,2016
Pinrang,389869.7647,2016
Pohuwato,30817.61569,2016
Polewali Mandar,442529.6353,2016
Ponorogo,987109.7686,2016
Poso,259395.1569,2016
Pringsewu,204735.5373,2016
Probolinggo,1170359.533,2016
Pulang Pisau,185505.6157,2016
Pulau Morotai,67417.72941,2016
Pulau Taliabu,9433.364706,2016
Purbalingga,908926.2,2016
Purwakarta,875473.3059,2016
Purworejo,806992.6157,2016
Raja Ampat,58820.71373,2016
Rejang Lebong,285406.3216,2016
Rembang,632857.5373,2016
Rokan Hilir,279627.9255,2016
Rokan Hulu,285605.0784,2016
Rote Ndao,132560.7843,2016
Sabu Raijua,42169.91765,2016
Sambas,407154.3137,2016
Samosir,121470.0078,2016
Sampang,877640.1804,2016
Sanggau,430013.9961,2016
Sarolangun,279758.3765,2016
Sekadau,174162.3255,2016
Seluma,124192.4471,2016
Semarang,1065974.816,2016
Seram Bagian Barat,203359.9255,2016
Seram Bagian Timur,105468.9255,2016
Serang,1794333.224,2016
Serdang Bedagai,405458.4863,2016
Seruyan,182979.5529,2016
Siak,677628.6314,2016
Siau Tagulandang Biaro,23942.5451,2016
Sidenreng Rappang,433258.4588,2016
Sidoarjo,1919922.027,2016
Sigi,511083.0824,2016
Sijunjung,117380.7098,2016
Sikka,348627.6314,2016
Simalungun,437008.7373,2016
Simeulue,81232.09804,2016
Sinjai,211839.3176,2016
Sintang,359230.2353,2016
Situbondo,743942.3451,2016
Sleman,1100230.812,2016
Solok,237093.0157,2016
Solok Selatan,221946.2588,2016
Soppeng,271666.4941,2016
Sorong,155402.8314,2016
Sorong Selatan,34407.6549,2016
Sragen,963012.2745,2016
Subang,1753001.671,2016
Sukabumi,2701906.725,2016
Sukamara,30857.67843,2016
Sukoharjo,898058.2039,2016
Sumba Barat,123979.5333,2016
Sumba Barat Daya,179883.651,2016
Sumba Tengah,152437.2,2016
Sumba Timur,253614.0824,2016
Sumbawa,478882.7882,2016
Sumbawa Barat,67908.9451,2016
Sumedang,1328126.325,2016
Sumenep,961371.2118,2016
Tabalong,214412.4627,2016
Tabanan,507379.502,2016
Takalar,228716.0745,2016
Tambrauw,28511.31373,2016
Tana Tidung,14483.58824,2016
Tana Toraja,223857.4078,2016
Tanah Bumbu,172145.1294,2016
Tanah Datar,208861.7882,2016
Tanah Laut,315346.4353,2016
Tangerang,3239437.937,2016
Tanggamus,138286.1373,2016
Tanjung Jabung Barat,369789.749,2016
Tanjung Jabung Timur,152361.1882,2016
Tapanuli Selatan,451322.098,2016
Tapanuli Tengah,509754.0706,2016
Tapanuli Utara,141488.702,2016
Tapin,192073.1882,2016
Tasikmalaya,2021207.357,2016
Tebo,266725.8392,2016
Tegal,1569206.91,2016
Teluk Bintuni,98602.07843,2016
Teluk Wondama,13670.5451,2016
Temanggung,762639.4745,2016
Timor Tengah Selatan,469081.2824,2016
Timor Tengah Utara,310597.7137,2016
Toba Samosir,496052.9843,2016
Tojo Una-Una,45586.55294,2016
Toli-Toli,200121.4824,2016
Toraja Utara,364936.149,2016
Trenggalek,741070.0353,2016
Tuban,1212909.667,2016
Tulang Bawang Barat,360314.8392,2016
Tulangbawang,578330.6157,2016
Tulungagung,1099781.561,2016
Waduk Cirata,12549.02353,2016
Wadung Kedungombo,2653.533333,2016
Wajo,445281.4235,2016
Wakatobi,19545.28627,2016
Way Kanan,612748.9137,2016
Wonogiri,1097247.58,2016
Wonosobo,823733.5647,2016
Aceh Barat,267749.6667,2016
Aceh Barat Daya,178425.1137,2016
Aceh Besar,415370.4745,2016
Aceh Jaya,117877.098,2016
Aceh Selatan,200669.2157,2016
Aceh Singkil,143858.4039,2016
Aceh Tamiang,237535.251,2016
Aceh Tengah,126451.4745,2016
Aceh Tenggara,210655.3686,2016
Aceh Timur,263515.0353,2016
Aceh Utara,450052.2,2016
Agam,500674.698,2016
Alor,196617.4863,2016
Asahan,546514.4039,2016
Badung,445635.7294,2016
Balangan,106147.7216,2016
Bandung,3165830.824,2016
Bandung Barat,2005476.31,2016
Banggai,339984.0471,2016
Banggai Kepulauan,125484.8157,2016
Banggai Laut,29844.79608,2016
Bangka,274127.1373,2016
Bangka Barat,207319.6745,2016
Bangka Selatan,259567.8588,2016
Bangka Tengah,176310.7882,2016
Bangkalan,943634.4235,2016
Bangli,258562.2392,2016
Banjar,543899.6902,2016
Banjarnegara,947623.851,2016
Bantaeng,200886.8588,2016
Bantul,915940.1294,2016
Banyu Asin,578907.9216,2016
Banyumas,1640263.953,2016
Banyuwangi,1725110.757,2016
Barito Kuala,260429.6667,2016
Barito Selatan,197719.5098,2016
Barito Timur,120160.0824,2016
Barito Utara,153360.851,2016
Barru,148292.2824,2016
Batang,743609.9647,2016
Batang Hari,319985.7373,2016
Batu Bara,482165.7608,2016
Bekasi,2483165.082,2016
Belitung,143229.0667,2016
Belitung Timur,129834.8392,2016
Belu,179730.7686,2016
Bener Meriah,66629.5451,2016
Bengkalis,640784.6706,2016
Bengkayang,320682.6275,2016
Bengkulu Selatan,97717.00392,2016
Bengkulu Tengah,70832.17647,2016
Bengkulu Utara,267776.2039,2016
Berau,183159.8314,2016
Biak Numfor,199016.0157,2016
Bima,556094.7137,2016
Bintan,61660.95294,2016
Bireuen,373320.7176,2016
Blitar,1282733.91,2016
Blora,943598.8549,2016
Boalemo,160924.6118,2016
Bogor,4020881.533,2016
Bojonegoro,1369800.894,2016
Bolaang Mongondow,183339.949,2016
Bolaang Mongondow Selatan,34325.15294,2016
Bolaang Mongondow Timur,48712.07059,2016
Bolaang Mongondow Utara,62769.01176,2016
Bombana,159828.9647,2016
Bondowoso,778914.3922,2016
Bone,793072.8235,2016
Bone Bolango,59811.80784,2016
Boyolali,1034091.6,2016
Brebes,1935658.49,2016
Buleleng,659811.3569,2016
Bulukumba,457915.5725,2016
Bulungan,112253.451,2016
Bungo,288042.0235,2016
Buol,124837.8863,2016
Buru,116150.3686,2016
Buru Selatan,26831.87059,2016
Buton,17451.66667,2016
Buton Selatan,13978.44314,2016
Buton Tengah,43130.20784,2016
Buton Utara,106338.502,2016
Ciamis,932430.2157,2016
Cianjur,2515939.141,2016
Cilacap,1822953.996,2016
Cirebon,2442315.624,2016
Dairi,275197.5608,2016
Danau,14788.84706,2016
Danau Toba,30422.5098,2016
Deli Serdang,1765103.761,2016
Demak,1113617.871,2016
Dharmasraya,337522.4235,2016
Dompu,203086.0235,2016
Donggala,169235.1961,2016
Empat Lawang,161322.7216,2016
Ende,248125.4078,2016
Enrekang,61401.80784,2016
Fakfak,92061.43529,2016
Flores Timur,235861.4275,2016
Garut,2675343.024,2016
Gayo Lues,109460.1804,2016
Gianyar,515919.2824,2016
Gorontalo,631155.4431,2016
Gorontalo Utara,88194.08235,2016
Gowa,670656.5725,2016
Gresik,1118862.804,2016
Grobogan,1477661.4,2016
Gunung Kidul,804881.3255,2016
Gunung Mas,118800.5608,2016
Halmahera Barat,159636.3608,2016
Halmahera Selatan,53819.52941,2016
Halmahera Tengah,19905.02745,2016
Halmahera Timur,40270.3098,2016
Halmahera Utara,256908.1098,2016
Hulu Sungai Selatan,252839.451,2016
Hulu Sungai Tengah,316744.3647,2016
Hulu Sungai Utara,250026.0471,2016
Humbang Hasundutan,99945.89412,2016
Hutan,591.3921569,2016
Indragiri Hilir,1190863.349,2016
Indragiri Hulu,204710.9059,2016
Indramayu,2075649.698,2016
Jember,2604366.086,2016
Jembrana,306503.3843,2016
Jeneponto,580311.1647,2016
Jepara,1085787.988,2016
Jombang,1323619.106,2016
Kaimana,15450.4549,2016
Kampar,634300.1529,2016
Kapuas,376656.2471,2016
Kapuas Hulu,248826.5451,2016
Karang Asem,471148.2078,2016
Karanganyar,854084.2824,2016
Karawang,2543458.522,2016
Karimun,193891.7412,2016
Karo,284473.9608,2016
Katingan,179845.6196,2016
Kaur,46200.87059,2016
Kayong Utara,24667.63529,2016
Kebumen,1323494.373,2016
Kediri,1647468.133,2016
Kendal,970342.302,2016
Kepahiang,63838.28235,2016
Kepulauan Anambas,7796.152941,2016
Kepulauan Aru,118480.4902,2016
Kepulauan Yapen,52397.78431,2016
Kota Jayapura,241336.6275,2016
Lanny Jaya,144626.8235,2016
Mamberamo Raya,120975.1059,2016
Mamberamo Tengah,20460.85882,2016
Mappi,43058.63529,2016
Merauke,381715.5725,2016
Nduga,47392.96078,2016
Paniai,113163.3098,2016
Pegunungan Bintang,159251.8078,2016
Puncak,137283.0353,2016
Puncak Jaya,47817.15294,2016
Sarmi,103760.5882,2016
Supiori,12422.36078,2016
Tolikara,56524.29804,2016
Waropen,26384.06667,2016
Yahukimo,153853.8431,2016
Yalimo,51805.39216,2016
Asmat,14771.11765,2016
Boven Digoel,41469.23137,2016
Deiyai,28591.1098,2016
Dogiyai,68064.78039,2016
Intan Jaya,24283.32157,2016
Jayapura,75408.47843,2016
Jayawijaya,116551.9843,2016
Keerom,51173.02745,2016
Kepulauan Mentawai,71227.81961,2017
Kepulauan Meranti,98934.29804,2017
Kepulauan Sangihe,62908.52941,2017
Kepulauan Selayar,94446.81569,2017
Kepulauan Sula,14144.26275,2017
Kepulauan Talaud,150029.1882,2017
Kerinci,312061.8667,2017
Ketapang,492711.4314,2017
Klaten,1267973.792,2017
Klungkung,272250.5647,2017
Kolaka,235591.149,2017
Kolaka Timur,144616.4549,2017
Kolaka Utara,46686.72941,2017
Konawe,246438.149,2017
Konawe Kepulauan,17516.14118,2017
Konawe Selatan,251165.9765,2017
Konawe Utara,66074.00392,2017
Kota Ambon,177807.5843,2017
Kota Balikpapan,536448.4235,2017
Kota Banda Aceh,301237.4157,2017
Kota Bandar Lampung,875753.6431,2017
Kota Bandung,2607598.82,2017
Kota Banjar,180627.9882,2017
Kota Banjar Baru,190723.6,2017
Kota Banjarmasin,726931.8824,2017
Kota Baru,288594.7529,2017
Kota Batam,903980.4471,2017
Kota Batu,214272.5961,2017
Kota Baubau,36202.00784,2017
Kota Bekasi,2065599.855,2017
Kota Bengkulu,460168.0275,2017
Kota Bima,92603.61569,2017
Kota Binjai,232113.0039,2017
Kota Bitung,50234.82353,2017
Kota Blitar,129307.6824,2017
Kota Bogor,973696.3137,2017
Kota Bontang,129074.8235,2017
Kota Bukittinggi,101018.5098,2017
Kota Cilegon,440785.7569,2017
Kota Cimahi,344593.9098,2017
Kota Cirebon,431993.9255,2017
Kota Denpasar,716260.7961,2017
Kota Depok,1582855.004,2017
Kota Dumai,519825.2275,2017
Kota Gorontalo,161477.5569,2017
Kota Gunungsitoli,34149.62745,2017
Kota Jakarta Barat,2424050.89,2017
Kota Jakarta Pusat,1044080.051,2017
Kota Jakarta Selatan,2199804.882,2017
Kota Jakarta Timur,3089756.541,2017
Kota Jakarta Utara,1700590.616,2017
Kota Jambi,619484.8784,2017
Kota Kediri,293919.8784,2017
Kota Kendari,257072.902,2017
Kota Kotamobagu,125229.1529,2017
Kota Kupang,268693.6706,2017
Kota Langsa,143845.5294,2017
Kota Lhokseumawe,105047.7451,2017
Kota Lubuklinggau,141307.3216,2017
Kota Madiun,194709.4118,2017
Kota Magelang,129081.5725,2017
Kota Makassar,1402103.929,2017
Kota Malang,1044389.804,2017
Kota Manado,412859.3804,2017
Kota Mataram,670807.451,2017
Kota Medan,3192695.373,2017
Kota Metro,143424.2392,2017
Kota Mojokerto,124133.4824,2017
Kota Padang,1224962.271,2017
Kota Padang Panjang,47892.03529,2017
Kota Padangsidimpuan,293540.3176,2017
Kota Pagar Alam,42345.97647,2017
Kota Palangka Raya,261566.9412,2017
Kota Palembang,1862019.659,2017
Kota Palopo,85383.93333,2017
Kota Palu,248253.0902,2017
Kota Pangkal Pinang,117121.2235,2017
Kota Parepare,123399.8784,2017
Kota Pariaman,109844.8314,2017
Kota Pasuruan,196448.5294,2017
Kota Payakumbuh,171290.6275,2017
Kota Pekalongan,297530.2745,2017
Kota Pekanbaru,1011425.216,2017
Kota Pematang Siantar,308322.298,2017
Kota Pontianak,887017.3451,2017
Kota Prabumulih,85163.86275,2017
Kota Probolinggo,205342.1451,2017
Kota Sabang,18681.8,2017
Kota Salatiga,230300.7569,2017
Kota Samarinda,845586.7255,2017
Kota Sawah Lunto,92097.07843,2017
Kota Semarang,1531549.396,2017
Kota Serang,576276.9176,2017
Kota Sibolga,40419.96078,2017
Kota Singkawang,352035.8314,2017
Kota Solok,37871.02745,2017
Kota Sorong,64116.82353,2017
Kota Subulussalam,45268.87059,2017
Kota Sukabumi,347529.5412,2017
Kota Sungai Penuh,41192.18431,2017
Kota Surabaya,3001871.329,2017
Kota Surakarta,553198.8392,2017
Kota Tangerang,1933897.145,2017
Kota Tangerang Selatan,1090604.718,2017
Kota Tanjung Balai,129755.0431,2017
Kota Tanjung Pinang,247292.2863,2017
Kota Tarakan,180489.4471,2017
Kota Tasikmalaya,653942.698,2017
Kota Tebing Tinggi,230895.9765,2017
Kota Tegal,263890.6353,2017
Kota Ternate,137135.3373,2017
Kota Tidore Kepulauan,29033.46275,2017
Kota Tomohon,120864.3216,2017
Kota Tual,32886.74118,2017
Kota Yogyakarta,483606.1412,2017
Kotawaringin Barat,261581.651,2017
Kotawaringin Timur,249893.5647,2017
Kuantan Singingi,219425.9137,2017
Kubu Raya,223198.5765,2017
Kudus,792492.6275,2017
Kulon Progo,450424.2588,2017
Kuningan,1271038.745,2017
Kupang,383862.0314,2017
Kutai Barat,101240.1725,2017
Kutai Kartanegara,849004.0549,2017
Kutai Timur,239366.651,2017
Labuhan Batu,517850.5294,2017
Labuhan Batu Selatan,205772.5647,2017
Labuhan Batu Utara,357728.8314,2017
Lahat,363598.1412,2017
Lamandau,12922.58039,2017
Lamongan,1381520.008,2017
Lampung Barat,32614.03922,2017
Lampung Selatan,1260924.792,2017
Lampung Tengah,1767900.533,2017
Lampung Timur,1151112.039,2017
Lampung Utara,517850.7765,2017
Landak,371474.9137,2017
Langkat,866935.9216,2017
Lebak,1274265.765,2017
Lebong,243643.5137,2017
Lembata,100645.3961,2017
Lima Puluh Kota,706313.6706,2017
Lingga,65255.72941,2017
Lombok Barat,348080.2275,2017
Lombok Tengah,884511.1451,2017
Lombok Timur,1261573.831,2017
Lombok Utara,236033.3725,2017
Lumajang,1088786.506,2017
Luwu,321061.8745,2017
Luwu Timur,339948.1725,2017
Luwu Utara,168026.2039,2017
Madiun,793823.9294,2017
Magelang,1288669.251,2017
Magetan,721296.7333,2017
Mahakam Hulu,57569.55294,2017
Majalengka,1520366.482,2017
Majene,128400.6784,2017
Malaka,165502.6,2017
Malang,2465895.235,2017
Malinau,79553.32549,2017
Maluku Barat Daya,118918.7961,2017
Maluku Tengah,267301.302,2017
Maluku Tenggara,41384.52941,2017
Maluku Tenggara Barat,56858,2017
Mamasa,134335.0784,2017
Mamuju,189249.9804,2017
Mamuju Tengah,120366.7412,2017
Mamuju Utara,144721.7255,2017
Mandailing Natal,154440.3804,2017
Manggarai,209387.8902,2017
Manggarai Barat,352241.3608,2017
Manggarai Timur,204998.2784,2017
Manokwari,121555.8902,2017
Manokwari Selatan,20336.72549,2017
Maros,303773.7451,2017
Maybrat,11384.28627,2017
Melawi,230752.9961,2017
Mempawah,150242.0353,2017
Merangin,352066.9294,2017
Mesuji,322367.8314,2017
Mimika,157626.1961,2017
Minahasa,434327.8863,2017
Minahasa Selatan,288271.2431,2017
Minahasa Tenggara,193050.7569,2017
Minahasa Utara,64168.27843,2017
Mojokerto,1079990.741,2017
Morowali,48958.36863,2017
Morowali Utara,103739.3686,2017
Muara Enim,395041.6196,2017
Muaro Jambi,296409.8118,2017
Mukomuko,229454.9843,2017
Muna,424104.498,2017
Muna Barat,165908.0235,2017
Murung Raya,110584.1608,2017
Musi Banyuasin,587449.0588,2017
Musi Rawas,565638.2745,2017
Musi Rawas Utara,163256.8,2017
Nabire,140551.9804,2017
Nagan Raya,196549.7137,2017
Nagekeo,205021.7725,2017
Natuna,86176.76078,2017
Ngada,144964.3804,2017
Nganjuk,1156136.545,2017
Ngawi,932373.4784,2017
Nias,201585.302,2017
Nias Barat,71642.77647,2017
Nias Selatan,367454.9412,2017
Nias Utara,123697.7412,2017
Nunukan,107606.2275,2017
Ogan Ilir,261278.2745,2017
Ogan Komering Ilir,1111127.729,2017
Ogan Komering Ulu,399532.7608,2017
Ogan Komering Ulu Selatan,87940.47451,2017
Ogan Komering Ulu Timur,607048.0157,2017
Pacitan,634800.6314,2017
Padang Lawas,320434.5725,2017
Padang Lawas Utara,487402.4824,2017
Padang Pariaman,168790.898,2017
Pakpak Bharat,23189.07059,2017
Pamekasan,798236.2196,2017
Pandeglang,1410305.376,2017
Pangandaran,1023515.482,2017
Pangkajene Dan Kepulauan,279764.2196,2017
Parigi Moutong,438590.5922,2017
Pasaman,149761.7373,2017
Pasaman Barat,572966.7647,2017
Paser,124958.4549,2017
Pasuruan,1593487.486,2017
Pati,1296133.663,2017
Pegunungan Arfak,9326.043137,2017
Pekalongan,916040.2745,2017
Pelalawan,338505.8392,2017
Pemalang,1446277.196,2017
Penajam Paser Utara,77075.81569,2017
Penukal Abab Lematang Ilir,248180.5686,2017
Pesawaran,426562.5451,2017
Pesisir Barat,25775.5451,2017
Pesisir Selatan,290754.1569,2017
Pidie,551070.6431,2017
Pidie Jaya,121301.8275,2017
Pinrang,391997.4471,2017
Pohuwato,30639.61176,2017
Polewali Mandar,439385.8627,2017
Ponorogo,995766.1176,2017
Poso,261639.3412,2017
Pringsewu,206531.1412,2017
Probolinggo,1180588.071,2017
Pulang Pisau,187161.6235,2017
Pulau Morotai,67998.76078,2017
Pulau Taliabu,9448.929412,2017
Purbalingga,916892.4902,2017
Purwakarta,883149.8,2017
Purworejo,814068.6039,2017
Raja Ampat,59019.16078,2017
Rejang Lebong,287907.1569,2017
Rembang,638407.3686,2017
Rokan Hilir,282085.0235,2017
Rokan Hulu,287836.0941,2017
Rote Ndao,129510.1647,2017
Sabu Raijua,42721.30196,2017
Sambas,410721.702,2017
Samosir,122535.251,2017
Sampang,885698.5961,2017
Sanggau,433821.7529,2017
Sarolangun,282160.2902,2017
Sekadau,175707.9804,2017
Seluma,125284.051,2017
Semarang,1075325.282,2017
Seram Bagian Barat,204929.8784,2017
Seram Bagian Timur,106040.2078,2017
Serang,1809786.231,2017
Serdang Bedagai,409010.3137,2017
Seruyan,184574.9412,2017
Siak,683887.651,2017
Siau Tagulandang Biaro,24149.78431,2017
Sidenreng Rappang,437673.2196,2017
Sidoarjo,1936743.616,2017
Sigi,514515.2784,2017
Sijunjung,118400.2588,2017
Sikka,351635.3098,2017
Simalungun,440955.898,2017
Simeulue,81716.49804,2017
Sinjai,213697.2118,2017
Sintang,362364.2039,2017
Situbondo,749922.3059,2017
Sleman,1109868.761,2017
Solok,239188.0784,2017
Solok Selatan,223077.4471,2017
Soppeng,274231.1255,2017
Sorong,157203.2549,2017
Sorong Selatan,34716.5451,2017
Sragen,971462.2078,2017
Subang,1768367.02,2017
Sukabumi,2725584.424,2017
Sukamara,31120.71765,2017
Sukoharjo,905924.3961,2017
Sumba Barat,125072.0549,2017
Sumba Barat Daya,181461.4824,2017
Sumba Tengah,153771.8275,2017
Sumba Timur,255824.4588,2017
Sumbawa,483002.1059,2017
Sumbawa Barat,68511.45882,2017
Sumedang,1339767.796,2017
Sumenep,949419.451,2017
Tabalong,216249.4235,2017
Tabanan,509584.9333,2017
Takalar,230722.0235,2017
Tambrauw,28590.08627,2017
Tana Tidung,14233.2549,2017
Tana Toraja,225738.2941,2017
Tanah Bumbu,173654.5961,2017
Tanah Datar,210691.3255,2017
Tanah Laut,318056.4314,2017
Tangerang,3267696.749,2017
Tanggamus,139496.149,2017
Tanjung Jabung Barat,373133.0549,2017
Tanjung Jabung Timur,153635.4706,2017
Tapanuli Selatan,455263.7333,2017
Tapanuli Tengah,514185.7608,2017
Tapanuli Utara,142737.2196,2017
Tapin,193752.5451,2017
Tasikmalaya,2038938.824,2017
Tebo,269301.1725,2017
Tegal,1582966.118,2017
Teluk Bintuni,98742.61176,2017
Teluk Wondama,15523.90588,2017
Temanggung,769325.302,2017
Timor Tengah Selatan,472926.7725,2017
Timor Tengah Utara,313000.8706,2017
Toba Samosir,500369.5412,2017
Tojo Una-Una,45983.36471,2017
Toli-Toli,198505.3412,2017
Toraja Utara,368737.3294,2017
Trenggalek,747561.6588,2017
Tuban,1223535.349,2017
Tulang Bawang Barat,363395.5176,2017
Tulangbawang,583422.698,2017
Tulungagung,1109378.184,2017
Waduk Cirata,12657.8549,2017
Wadung Kedungombo,2671.803922,2017
Wajo,447793.3608,2017
Wakatobi,19568.1451,2017
Way Kanan,618172.9882,2017
Wonogiri,1106861.243,2017
Wonosobo,830956.4706,2017
Aceh Barat,270166.7294,2017
Aceh Barat Daya,179980.2275,2017
Aceh Besar,419176.5059,2017
Aceh Jaya,118829.4118,2017
Aceh Selatan,202769.8745,2017
Aceh Singkil,145249.3137,2017
Aceh Tamiang,239623.1176,2017
Aceh Tengah,127555.2118,2017
Aceh Tenggara,212484.8314,2017
Aceh Timur,265821.3176,2017
Aceh Utara,453961.902,2017
Agam,505034.7686,2017
Alor,192980.1686,2017
Asahan,551310.5176,2017
Badung,450533.5569,2017
Balangan,107076.4118,2017
Bandung,3193598.486,2017
Bandung Barat,2023064.863,2017
Banggai,342814,2017
Banggai Kepulauan,126571.6863,2017
Banggai Laut,30098.87451,2017
Bangka,276460.4706,2017
Bangka Barat,209001.4784,2017
Bangka Selatan,261722.5333,2017
Bangka Tengah,177770.0784,2017
Bangkalan,951680.5373,2017
Bangli,261969.1765,2017
Banjar,548653.8549,2017
Banjarnegara,955930.4392,2017
Bantaeng,202652.2863,2017
Bantul,923989.6392,2017
Banyu Asin,581612.9804,2017
Banyumas,1654648.145,2017
Banyuwangi,1742953.529,2017
Barito Kuala,262724.3255,2017
Barito Selatan,199410.7608,2017
Barito Timur,121273.7216,2017
Barito Utara,154680.5176,2017
Barru,149600.3451,2017
Batang,750127.949,2017
Batang Hari,322978.6353,2017
Batu Bara,486372.0118,2017
Bekasi,2505400.682,2017
Belitung,144390.7686,2017
Belitung Timur,128292.2353,2017
Belu,181766.098,2017
Bener Meriah,67191.9451,2017
Bengkalis,646638.6667,2017
Bengkayang,323512.4078,2017
Bengkulu Selatan,98564.27843,2017
Bengkulu Tengah,71447.07451,2017
Bengkulu Utara,270115.9725,2017
Berau,184740.3608,2017
Biak Numfor,200755.4235,2017
Bima,560974.451,2017
Bintan,62174.93725,2017
Bireuen,376665.9098,2017
Blitar,1294147.749,2017
Blora,951862.0784,2017
Boalemo,164986.8039,2017
Bogor,4056056.235,2017
Bojonegoro,1381814.094,2017
Bolaang Mongondow,184491.5451,2017
Bolaang Mongondow Selatan,35285.18431,2017
Bolaang Mongondow Timur,49142.67059,2017
Bolaang Mongondow Utara,61042.49412,2017
Bombana,161226.1804,2017
Bondowoso,785454.2353,2017
Bone,800351.3843,2017
Bone Bolango,61024.32941,2017
Boyolali,1043146.059,2017
Brebes,1952609.282,2017
Buleleng,663681.7373,2017
Bulukumba,461930.0941,2017
Bulungan,113301.1843,2017
Bungo,290431.7569,2017
Buol,119904.1333,2017
Buru,117045.2471,2017
Buru Selatan,27074.01176,2017
Buton,17521.78824,2017
Buton Selatan,14436.05882,2017
Buton Tengah,43274.1451,2017
Buton Utara,107272.6314,2017
Ciamis,940597.051,2017
Cianjur,2537987.333,2017
Cilacap,1838938.098,2017
Cirebon,2463740.408,2017
Dairi,277688.7176,2017
Danau,14768.33725,2017
Danau Toba,30624.02745,2017
Deli Serdang,1780582.702,2017
Demak,1123386.22,2017
Dharmasraya,341074.498,2017
Dompu,204864.1765,2017
Donggala,169521.1882,2017
Empat Lawang,162712.8706,2017
Ende,250291.1216,2017
Enrekang,62108.24706,2017
Fakfak,92999.58431,2017
Flores Timur,236968.1804,2017
Garut,2698811.118,2017
Gayo Lues,110432.0039,2017
Gianyar,520885.1412,2017
Gorontalo,629544.5569,2017
Gorontalo Utara,90460.38824,2017
Gowa,676534.8392,2017
Gresik,1128466.835,2017
Grobogan,1490614.996,2017
Gunung Kidul,811949.3333,2017
Gunung Mas,119864.2902,2017
Halmahera Barat,160982.4118,2017
Halmahera Selatan,54691.46667,2017
Halmahera Tengah,20056.46667,2017
Halmahera Timur,40954.24706,2017
Halmahera Utara,259078.1451,2017
Hulu Sungai Selatan,255073.6431,2017
Hulu Sungai Tengah,319508.702,2017
Hulu Sungai Utara,252212.2078,2017
Humbang Hasundutan,100823.3451,2017
Hutan,596.2078431,2017
Indragiri Hilir,1201276.486,2017
Indragiri Hulu,206527.0745,2017
Indramayu,2093833.161,2017
Jember,2627152.702,2017
Jembrana,307682.7216,2017
Jeneponto,585402.8902,2017
Jepara,1095304.796,2017
Jombang,1335131.91,2017
Kaimana,15974.42353,2017
Kampar,641816.6706,2017
Kapuas,379947.0392,2017
Kapuas Hulu,250901.5804,2017
Karang Asem,476245.8196,2017
Karanganyar,861575.0863,2017
Karawang,2565410.227,2017
Karimun,195591.1255,2017
Karo,286904.3294,2017
Katingan,181420.4745,2017
Kaur,46591.78431,2017
Kayong Utara,24871.90588,2017
Kebumen,1335094.498,2017
Kediri,1661956.212,2017
Kendal,978853.8392,2017
Kepahiang,64410.32941,2017
Kepulauan Anambas,7868.043137,2017
Kepulauan Aru,119350.9608,2017
Kepulauan Yapen,53196.07059,2017
Kota Jayapura,243450.3451,2017
Lanny Jaya,145895.6196,2017
Mamberamo Raya,122040.1961,2017
Mamberamo Tengah,20641.10196,2017
Mappi,42929.17255,2017
Merauke,386065.6588,2017
Nduga,47830.76863,2017
Paniai,114096.6941,2017
Pegunungan Bintang,160641.2667,2017
Puncak,138479.2471,2017
Puncak Jaya,48294.83529,2017
Sarmi,104630.4706,2017
Supiori,12447.14118,2017
Tolikara,56956.70588,2017
Waropen,26821.87843,2017
Yahukimo,155179.349,2017
Yalimo,52299.63922,2017
Asmat,15175.59216,2017
Boven Digoel,43102.27843,2017
Deiyai,28355.18039,2017
Dogiyai,68623.76078,2017
Intan Jaya,24808.8902,2017
Jayapura,74573.42745,2017
Jayawijaya,117546.7098,2017
Keerom,53047.41569,2017
Kepulauan Mentawai,70643.65098,2018
Kepulauan Meranti,99774.89804,2018
Kepulauan Sangihe,65871.22745,2018
Kepulauan Selayar,95818.3098,2018
Kepulauan Sula,13116.54902,2018
Kepulauan Talaud,151292.2549,2018
Kerinci,313486.9216,2018
Ketapang,489334.6824,2018
Klaten,1277650.863,2018
Klungkung,261778.5137,2018
Kolaka,243878.5216,2018
Kolaka Timur,145665.8235,2018
Kolaka Utara,46904.32941,2018
Konawe,253826.9804,2018
Konawe Kepulauan,12363.4,2018
Konawe Selatan,251551.2706,2018
Konawe Utara,66010.01961,2018
Kota Ambon,200701.3333,2018
Kota Balikpapan,596543.5255,2018
Kota Banda Aceh,304407.3412,2018
Kota Bandar Lampung,881109.898,2018
Kota Bandung,2625137.02,2018
Kota Banjar,181823.8902,2018
Kota Banjar Baru,192300.7137,2018
Kota Banjarmasin,739885.7765,2018
Kota Baru,302067.6588,2018
Kota Batam,912648,2018
Kota Batu,216013.698,2018
Kota Baubau,36987.68627,2018
Kota Bekasi,2089051.529,2018
Kota Bengkulu,460091.8275,2018
Kota Bima,93383.5098,2018
Kota Binjai,234460.2824,2018
Kota Bitung,49745.77647,2018
Kota Blitar,131553.2314,2018
Kota Bogor,988243.5608,2018
Kota Bontang,134292.1216,2018
Kota Bukittinggi,101825.1725,2018
Kota Cilegon,442026.4824,2018
Kota Cimahi,354103.898,2018
Kota Cirebon,438531.6784,2018
Kota Denpasar,719345.4549,2018
Kota Depok,1625788.961,2018
Kota Dumai,524253.3373,2018
Kota Gorontalo,158532.7843,2018
Kota Gunungsitoli,34440.87451,2018
Kota Jakarta Barat,2454129.824,2018
Kota Jakarta Pusat,1062989.255,2018
Kota Jakarta Selatan,2217359.024,2018
Kota Jakarta Timur,3116754.906,2018
Kota Jakarta Utara,1708343.427,2018
Kota Jambi,625329.7804,2018
Kota Kediri,294017.0392,2018
Kota Kendari,262647.3294,2018
Kota Kotamobagu,125891.2745,2018
Kota Kupang,272672.0902,2018
Kota Langsa,145054.8627,2018
Kota Lhokseumawe,112645.2118,2018
Kota Lubuklinggau,142457.6353,2018
Kota Madiun,196286.0431,2018
Kota Magelang,124588.3569,2018
Kota Makassar,1406926.71,2018
Kota Malang,1055853.055,2018
Kota Manado,415519.0902,2018
Kota Mataram,658603.9765,2018
Kota Medan,3220174.604,2018
Kota Metro,144778.4,2018
Kota Mojokerto,125240.1961,2018
Kota Padang,1243714.6,2018
Kota Padang Panjang,48298.03922,2018
Kota Padangsidimpuan,296025.898,2018
Kota Pagar Alam,42531.27843,2018
Kota Palangka Raya,263784.3333,2018
Kota Palembang,1884840.886,2018
Kota Palopo,84721.96863,2018
Kota Palu,248112.3529,2018
Kota Pangkal Pinang,121616.5294,2018
Kota Parepare,123853.6627,2018
Kota Pariaman,109507.4314,2018
Kota Pasuruan,198092.9686,2018
Kota Payakumbuh,172740.4353,2018
Kota Pekalongan,300014.749,2018
Kota Pekanbaru,1020048.357,2018
Kota Pematang Siantar,311195.5843,2018
Kota Pontianak,897538.0824,2018
Kota Prabumulih,85987.9451,2018
Kota Probolinggo,206909.6863,2018
Kota Sabang,18716.69412,2018
Kota Salatiga,229127.7922,2018
Kota Samarinda,855738.8,2018
Kota Sawah Lunto,92920.65098,2018
Kota Semarang,1556142.627,2018
Kota Serang,580797.7216,2018
Kota Sibolga,40760.73725,2018
Kota Singkawang,353388.9412,2018
Kota Solok,38190.23529,2018
Kota Sorong,67786.58824,2018
Kota Subulussalam,45590.84706,2018
Kota Sukabumi,346306.6039,2018
Kota Sungai Penuh,42763.02745,2018
Kota Surabaya,3024204.537,2018
Kota Surakarta,565474.6667,2018
Kota Tangerang,1929939.533,2018
Kota Tangerang Selatan,1098217.675,2018
Kota Tanjung Balai,130856.2157,2018
Kota Tanjung Pinang,249569.0706,2018
Kota Tarakan,174535,2018
Kota Tasikmalaya,657146.9294,2018
Kota Tebing Tinggi,232752.4196,2018
Kota Tegal,266111.5176,2018
Kota Ternate,148197.5216,2018
Kota Tidore Kepulauan,28869.75686,2018
Kota Tomohon,122107.1294,2018
Kota Tual,31813.32941,2018
Kota Yogyakarta,476208.4078,2018
Kotawaringin Barat,264290.2275,2018
Kotawaringin Timur,251722.3176,2018
Kuantan Singingi,221281.298,2018
Kubu Raya,245960.7843,2018
Kudus,795811.098,2018
Kulon Progo,451149.0745,2018
Kuningan,1261570.212,2018
Kupang,386580.5216,2018
Kutai Barat,102019.9569,2018
Kutai Kartanegara,898862.1176,2018
Kutai Timur,241172.1961,2018
Labuhan Batu,522234.2,2018
Labuhan Batu Selatan,207510.3961,2018
Labuhan Batu Utara,360771.349,2018
Lahat,367114.8549,2018
Lamandau,12882.69412,2018
Lamongan,1404181.078,2018
Lampung Barat,34440.2549,2018
Lampung Selatan,1272906.886,2018
Lampung Tengah,1782729.29,2018
Lampung Timur,1160675.957,2018
Lampung Utara,522177.2706,2018
Landak,375102.5882,2018
Langkat,872676.8471,2018
Lebak,1281720.78,2018
Lebong,245552.6275,2018
Lembata,93895.4549,2018
Lima Puluh Kota,711918.7725,2018
Lingga,65818.31765,2018
Lombok Barat,375738.3922,2018
Lombok Tengah,883446.1451,2018
Lombok Timur,1285789.631,2018
Lombok Utara,235082.0235,2018
Lumajang,1094625.302,2018
Luwu,323905.0706,2018
Luwu Timur,343077.5333,2018
Luwu Utara,169047.7216,2018
Madiun,799873.4392,2018
Magelang,1304537.149,2018
Magetan,727184.8941,2018
Mahakam Hulu,57871.85098,2018
Majalengka,1525477.22,2018
Majene,130526.2706,2018
Malaka,167216.2627,2018
Malang,2482277.357,2018
Malinau,78949.14902,2018
Maluku Barat Daya,118791.1333,2018
Maluku Tengah,263944.7059,2018
Maluku Tenggara,43431.39608,2018
Maluku Tenggara Barat,56784.01176,2018
Mamasa,128793.9059,2018
Mamuju,194236.5333,2018
Mamuju Tengah,124364.4667,2018
Mamuju Utara,147706.4941,2018
Mandailing Natal,155810.1922,2018
Manggarai,241428.7059,2018
Manggarai Barat,327118.9137,2018
Manggarai Timur,206113.9882,2018
Manokwari,125398.0431,2018
Manokwari Selatan,24081.12941,2018
Maros,311896.2627,2018
Maybrat,11473.05882,2018
Melawi,226418.9843,2018
Mempawah,153371.5882,2018
Merangin,355034.6627,2018
Mesuji,324602.2706,2018
Mimika,159177.3137,2018
Minahasa,437415.7961,2018
Minahasa Selatan,293398.7882,2018
Minahasa Tenggara,194375.4863,2018
Minahasa Utara,67117.09412,2018
Mojokerto,1077811.298,2018
Morowali,46652.63529,2018
Morowali Utara,104285.702,2018
Muara Enim,399439.6275,2018
Muaro Jambi,298818.698,2018
Mukomuko,232533.6471,2018
Muna,429121.102,2018
Muna Barat,163231.3176,2018
Murung Raya,111560.8784,2018
Musi Banyuasin,588114.2824,2018
Musi Rawas,570267.9725,2018
Musi Rawas Utara,164640.6784,2018
Nabire,143214.8549,2018
Nagan Raya,198207.2118,2018
Nagekeo,205456.9137,2018
Natuna,86837.58039,2018
Ngada,145035.2157,2018
Nganjuk,1165115.212,2018
Ngawi,940857.4706,2018
Nias,203281.4392,2018
Nias Barat,72245.6549,2018
Nias Selatan,369772.9961,2018
Nias Utara,124733.4431,2018
Nunukan,117900.0784,2018
Ogan Ilir,264701.8902,2018
Ogan Komering Ilir,1125251.11,2018
Ogan Komering Ulu,402141.8196,2018
Ogan Komering Ulu Selatan,88014.94902,2018
Ogan Komering Ulu Timur,602288.9647,2018
Pacitan,639587.6118,2018
Padang Lawas,323146.0863,2018
Padang Lawas Utara,491525.6196,2018
Padang Pariaman,170445.4745,2018
Pakpak Bharat,23327.22745,2018
Pamekasan,802465.2941,2018
Pandeglang,1423344.663,2018
Pangandaran,1024414.678,2018
Pangkajene Dan Kepulauan,280205.6549,2018
Parigi Moutong,437869.8941,2018
Pasaman,151019.3255,2018
Pasaman Barat,577066.3137,2018
Paser,121890.9294,2018
Pasuruan,1603107.78,2018
Pati,1309596.553,2018
Pegunungan Arfak,4914.709804,2018
Pekalongan,923727.7412,2018
Pelalawan,341474.4039,2018
Pemalang,1459001.882,2018
Penajam Paser Utara,78251.56078,2018
Penukal Abab Lematang Ilir,250071.1647,2018
Pesawaran,430497.4667,2018
Pesisir Barat,26206.74902,2018
Pesisir Selatan,292998.5137,2018
Pidie,550197.1137,2018
Pidie Jaya,118659.8824,2018
Pinrang,395823.4471,2018
Pohuwato,30305.69412,2018
Polewali Mandar,457588.7176,2018
Ponorogo,1003415.42,2018
Poso,266858.3373,2018
Pringsewu,206575.3882,2018
Probolinggo,1187620.055,2018
Pulang Pisau,189678.902,2018
Pulau Morotai,72947.89804,2018
Pulau Taliabu,9988.407843,2018
Purbalingga,924222.2431,2018
Purwakarta,885807.6196,2018
Purworejo,820602.2824,2018
Raja Ampat,56577.77255,2018
Rejang Lebong,290199.7882,2018
Rembang,643459.5647,2018
Rokan Hilir,284390.5686,2018
Rokan Hulu,290303.0627,2018
Rote Ndao,130722.0902,2018
Sabu Raijua,41143.29412,2018
Sambas,418526.3686,2018
Samosir,122732.5333,2018
Sampang,891141.1804,2018
Sanggau,436366.7216,2018
Sarolangun,284568.8392,2018
Sekadau,178061.6157,2018
Seluma,126963.1333,2018
Semarang,1086395.247,2018
Seram Bagian Barat,199136.2196,2018
Seram Bagian Timur,95959.16471,2018
Serang,1823296.188,2018
Serdang Bedagai,412541.3098,2018
Seruyan,186037.3843,2018
Siak,689671.2784,2018
Siau Tagulandang Biaro,25284.85098,2018
Sidenreng Rappang,439452.8235,2018
Sidoarjo,1962670.882,2018
Sigi,516323.749,2018
Sijunjung,119088.3255,2018
Sikka,352569.1529,2018
Simalungun,445150.8863,2018
Simeulue,82383.39216,2018
Sinjai,217472.349,2018
Sintang,371816.5647,2018
Situbondo,742432.2549,2018
Sleman,1116824.667,2018
Solok,241137.6314,2018
Solok Selatan,224980.6667,2018
Soppeng,277221.7922,2018
Sorong,159994.0471,2018
Sorong Selatan,35014.91765,2018
Sragen,979174.0157,2018
Subang,1780448.69,2018
Sukabumi,2750261.322,2018
Sukamara,29582.4549,2018
Sukoharjo,913623.6667,2018
Sumba Barat,125945.4039,2018
Sumba Barat Daya,183088.3333,2018
Sumba Tengah,154920.5137,2018
Sumba Timur,255393.4627,2018
Sumbawa,485663.2627,2018
Sumbawa Barat,69424.91765,2018
Sumedang,1351786.812,2018
Sumenep,799962.5686,2018
Tabalong,218073.5804,2018
Tabanan,516004.7961,2018
Takalar,230283.2627,2018
Tambrauw,28731.78039,2018
Tana Tidung,14578.07843,2018
Tana Toraja,226890.7686,2018
Tanah Bumbu,177953.1647,2018
Tanah Datar,212782.2863,2018
Tanah Laut,317862.949,2018
Tangerang,3307835.451,2018
Tanggamus,139513.6941,2018
Tanjung Jabung Barat,376276.0314,2018
Tanjung Jabung Timur,154878.0196,2018
Tapanuli Selatan,459117.5294,2018
Tapanuli Tengah,518528.1922,2018
Tapanuli Utara,148888.7882,2018
Tapin,195077.3098,2018
Tasikmalaya,2058241.055,2018
Tebo,271595.6314,2018
Tegal,1596601.047,2018
Teluk Bintuni,101282.4196,2018
Teluk Wondama,18848.7098,2018
Temanggung,774254.9843,2018
Timor Tengah Selatan,468625.2627,2018
Timor Tengah Utara,324069.2588,2018
Toba Samosir,497280.4706,2018
Tojo Una-Una,47245.34118,2018
Toli-Toli,201338.9137,2018
Toraja Utara,372072.4431,2018
Trenggalek,760753.4275,2018
Tuban,1220323.953,2018
Tulang Bawang Barat,366248.6078,2018
Tulangbawang,588339.6431,2018
Tulungagung,1108450.616,2018
Waduk Cirata,12441.70588,2018
Wadung Kedungombo,2643.643137,2018
Wajo,451861.0902,2018
Wakatobi,17984.20392,2018
Way Kanan,623309.4078,2018
Wonogiri,1116223.447,2018
Wonosobo,837263.498,2018
Aceh Barat,272469.9529,2018
Aceh Barat Daya,177636.2745,2018
Aceh Besar,419048.5059,2018
Aceh Jaya,119648.851,2018
Aceh Selatan,204395.498,2018
Aceh Singkil,146616.0431,2018
Aceh Tamiang,241616.5529,2018
Aceh Tengah,128930.2471,2018
Aceh Tenggara,212927.3922,2018
Aceh Timur,267943.8314,2018
Aceh Utara,452523.7569,2018
Agam,509236.2627,2018
Alor,184809.5059,2018
Asahan,555889.7059,2018
Badung,468438.5569,2018
Balangan,107992.7333,2018
Bandung,3222037.243,2018
Bandung Barat,2038181.592,2018
Banggai,345192.349,2018
Banggai Kepulauan,127641.8235,2018
Banggai Laut,30351.38431,2018
Bangka,278024.8,2018
Bangka Barat,210762.051,2018
Bangka Selatan,263642.302,2018
Bangka Tengah,176970.0745,2018
Bangkalan,949590.302,2018
Bangli,268542.6745,2018
Banjar,552043.3843,2018
Banjarnegara,963952.9373,2018
Bantaeng,204118.8706,2018
Bantul,957326.6118,2018
Banyu Asin,587865.8157,2018
Banyumas,1667880.49,2018
Banyuwangi,1735163.184,2018
Barito Kuala,258836.2275,2018
Barito Selatan,197958.9412,2018
Barito Timur,122245.7294,2018
Barito Utara,155922.5333,2018
Barru,146345.6157,2018
Batang,756338.2627,2018
Batang Hari,325716.2588,2018
Batu Bara,490278.6902,2018
Bekasi,2542036.694,2018
Belitung,145615.0039,2018
Belitung Timur,129380.3412,2018
Belu,183106.4275,2018
Bener Meriah,67528.66667,2018
Bengkalis,652065.4157,2018
Bengkayang,324623.8706,2018
Bengkulu Selatan,99407.18039,2018
Bengkulu Tengah,71978.46275,2018
Bengkulu Utara,272345.7647,2018
Berau,186225.8549,2018
Biak Numfor,202019.3961,2018
Bima,557657.2549,2018
Bintan,62854.23137,2018
Bireuen,383416.0353,2018
Blitar,1303865.765,2018
Blora,956246.3725,2018
Boalemo,167225.2627,2018
Bogor,4053682.71,2018
Bojonegoro,1392931.725,2018
Bolaang Mongondow,185083.5882,2018
Bolaang Mongondow Selatan,35580.76078,2018
Bolaang Mongondow Timur,49338.58039,2018
Bolaang Mongondow Utara,61528.16471,2018
Bombana,158603.0784,2018
Bondowoso,790399.5843,2018
Bone,805801.4235,2018
Bone Bolango,69419.90588,2018
Boyolali,1055821.761,2018
Brebes,1962137.824,2018
Buleleng,667693.102,2018
Bulukumba,464349.9961,2018
Bulungan,114191.302,2018
Bungo,292880.4863,2018
Buol,121165.7216,2018
Buru,110393.902,2018
Buru Selatan,27487.98431,2018
Buton,22974.96471,2018
Buton Selatan,18999.62353,2018
Buton Tengah,25699.86667,2018
Buton Utara,107938.4078,2018
Ciamis,946533.0353,2018
Cianjur,2559328.404,2018
Cilacap,1850762.737,2018
Cirebon,2507528.38,2018
Dairi,279607.0275,2018
Danau,17102.14902,2018
Danau Toba,32939.71765,2018
Deli Serdang,1796590.667,2018
Demak,1126614.863,2018
Dharmasraya,343929.3255,2018
Dompu,206847.2824,2018
Donggala,173776.6392,2018
Empat Lawang,163928.8235,2018
Ende,248469.6118,2018
Enrekang,63239.97255,2018
Fakfak,93527.84706,2018
Flores Timur,238607.898,2018
Garut,2726257.529,2018
Gayo Lues,111217.8314,2018
Gianyar,518099.4078,2018
Gorontalo,629087.0275,2018
Gorontalo Utara,91556.51373,2018
Gowa,685089.1137,2018
Gresik,1167957.627,2018
Grobogan,1500898.49,2018
Gunung Kidul,813990.0353,2018
Gunung Mas,121015.4824,2018
Halmahera Barat,162578.8784,2018
Halmahera Selatan,53851.47059,2018
Halmahera Tengah,13807.36863,2018
Halmahera Timur,48299.31765,2018
Halmahera Utara,270102.2196,2018
Hulu Sungai Selatan,257141.5922,2018
Hulu Sungai Tengah,322367.1843,2018
Hulu Sungai Utara,254424.0078,2018
Humbang Hasundutan,102752.9176,2018
Hutan,1356.643137,2018
Indragiri Hilir,1211532.722,2018
Indragiri Hulu,208274.3333,2018
Indramayu,2116609.71,2018
Jember,2650525.949,2018
Jembrana,308320.3294,2018
Jeneponto,585640.0863,2018
Jepara,1104434.784,2018
Jombang,1339793.325,2018
Kaimana,16987.65882,2018
Kampar,647513.3333,2018
Kapuas,383932.1451,2018
Kapuas Hulu,253170.2353,2018
Karang Asem,482312.5843,2018
Karanganyar,858791.7333,2018
Karawang,2570022.631,2018
Karimun,197247.6667,2018
Karo,290850.3176,2018
Katingan,182833.3647,2018
Kaur,45380.15294,2018
Kayong Utara,25631.59216,2018
Kebumen,1347384.533,2018
Kediri,1686267.282,2018
Kendal,987758.3647,2018
Kepahiang,65573.58039,2018
Kepulauan Anambas,7928.756863,2018
Kepulauan Aru,118946.1451,2018
Kepulauan Yapen,55750.78039,2018
Kota Jayapura,271646.3255,2018
Lanny Jaya,147123.8706,2018
Mamberamo Raya,122979.5412,2018
Mamberamo Tengah,20779.68235,2018
Mappi,43361.93725,2018
Merauke,385863.349,2018
Nduga,48228.50196,2018
Paniai,115046.0627,2018
Pegunungan Bintang,162112.1725,2018
Puncak,139651.302,2018
Puncak Jaya,48702.8549,2018
Sarmi,104887.5059,2018
Supiori,12550.58824,2018
Tolikara,57442.41961,2018
Waropen,26963.75294,2018
Yahukimo,156476.4941,2018
Yalimo,52620.90196,2018
Asmat,15290.9451,2018
Boven Digoel,46680.80784,2018
Deiyai,28377.94902,2018
Dogiyai,69028.14118,2018
Intan Jaya,25024.88627,2018
Jayapura,74475.31373,2018
Jayawijaya,118561.0039,2018
Keerom,53565.53725,2018
Kepulauan Mentawai,68895.82745,2019
Kepulauan Meranti,107755.5529,2019
Kepulauan Sangihe,66134.85882,2019
Kepulauan Selayar,94230.33725,2019
Kepulauan Sula,14185.25882,2019
Kepulauan Talaud,151391.4353,2019
Kerinci,332389.451,2019
Ketapang,505679.4314,2019
Klaten,1224717.118,2019
Klungkung,258714.6706,2019
Kolaka,264978.1843,2019
Kolaka Timur,158196.5765,2019
Kolaka Utara,51326.41961,2019
Konawe,278513.098,2019
Konawe Kepulauan,11635.91373,2019
Konawe Selatan,273113.6902,2019
Konawe Utara,72816.39216,2019
Kota Ambon,213847.298,2019
Kota Balikpapan,654225.1961,2019
Kota Banda Aceh,324266.0235,2019
Kota Bandar Lampung,855708.4196,2019
Kota Bandung,2701007.702,2019
Kota Banjar,187904.6392,2019
Kota Banjar Baru,202530.5176,2019
Kota Banjarmasin,779826.6157,2019
Kota Baru,314569.3843,2019
Kota Batam,1063317.824,2019
Kota Batu,204614.4353,2019
Kota Baubau,40270.02353,2019
Kota Bekasi,2144615.384,2019
Kota Bengkulu,465485.8157,2019
Kota Bima,93939.98431,2019
Kota Binjai,235955.3373,2019
Kota Bitung,49791.99216,2019
Kota Blitar,124557.9176,2019
Kota Bogor,1018301.302,2019
Kota Bontang,145902.1098,2019
Kota Bukittinggi,99397.07451,2019
Kota Cilegon,470695.5529,2019
Kota Cimahi,364436.4196,2019
Kota Cirebon,451246.4157,2019
Kota Denpasar,715812.8039,2019
Kota Depok,1672493.067,2019
Kota Dumai,566486.2784,2019
Kota Gorontalo,159579.8588,2019
Kota Gunungsitoli,34487.96863,2019
Kota Jakarta Barat,2408197.498,2019
Kota Jakarta Pusat,1041631.451,2019
Kota Jakarta Selatan,2176514.537,2019
Kota Jakarta Timur,3061201.765,2019
Kota Jakarta Utara,1675606.271,2019
Kota Jambi,663171.3059,2019
Kota Kediri,277810.5882,2019
Kota Kendari,285249.5373,2019
Kota Kotamobagu,125978.5373,2019
Kota Kupang,284113.0157,2019
Kota Langsa,154773.1137,2019
Kota Lhokseumawe,120583.4549,2019
Kota Lubuklinggau,154591.3176,2019
Kota Madiun,185801.3961,2019
Kota Magelang,118794.3765,2019
Kota Makassar,1381722.122,2019
Kota Malang,998841.7451,2019
Kota Manado,416220.8863,2019
Kota Mataram,662032.8314,2019
Kota Medan,3241095.482,2019
Kota Metro,140789.3216,2019
Kota Mojokerto,118478.4863,2019
Kota Padang,1214438.545,2019
Kota Padang Panjang,47145.40784,2019
Kota Padangsidimpuan,297941.3137,2019
Kota Pagar Alam,46141.91373,2019
Kota Palangka Raya,285283.7725,2019
Kota Palembang,2045995.98,2019
Kota Palopo,82914.47451,2019
Kota Palu,256473.6235,2019
Kota Pangkal Pinang,132277.5961,2019
Kota Parepare,121644.2118,2019
Kota Pariaman,106790.5098,2019
Kota Pasuruan,187382.0431,2019
Kota Payakumbuh,168619.4667,2019
Kota Pekalongan,287632.8471,2019
Kota Pekanbaru,1102237.345,2019
Kota Pematang Siantar,313195.1569,2019
Kota Pontianak,928730.2196,2019
Kota Prabumulih,93335.91373,2019
Kota Probolinggo,195741.3216,2019
Kota Sabang,20001.98824,2019
Kota Salatiga,219207.7961,2019
Kota Samarinda,923896.7608,2019
Kota Sawah Lunto,90703.20784,2019
Kota Semarang,1492745.553,2019
Kota Serang,619103.6353,2019
Kota Sibolga,41023.81176,2019
Kota Singkawang,365524.2078,2019
Kota Solok,37276.56471,2019
Kota Sorong,75439.28235,2019
Kota Subulussalam,48544.47059,2019
Kota Sukabumi,356223.098,2019
Kota Sungai Penuh,45374.95294,2019
Kota Surabaya,2861146.129,2019
Kota Surakarta,516923.7294,2019
Kota Tangerang,2058628.882,2019
Kota Tangerang Selatan,1170360.812,2019
Kota Tanjung Balai,131700.4235,2019
Kota Tanjung Pinang,290890.1569,2019
Kota Tarakan,240605.2157,2019
Kota Tasikmalaya,676094.1843,2019
Kota Tebing Tinggi,234259.4,2019
Kota Tegal,255127.8392,2019
Kota Ternate,160769.9059,2019
Kota Tidore Kepulauan,30354.82745,2019
Kota Tomohon,122218.0863,2019
Kota Tual,33399.98431,2019
Kota Yogyakarta,473549.6588,2019
Kotawaringin Barat,285870.3569,2019
Kotawaringin Timur,272234.0118,2019
Kuantan Singingi,238908.4902,2019
Kubu Raya,256219.4314,2019
Kudus,763049.6314,2019
Kulon Progo,448713.702,2019
Kuningan,1296378.239,2019
Kupang,402428.7843,2019
Kutai Barat,110059.8745,2019
Kutai Kartanegara,974641.0235,2019
Kutai Timur,260584.9255,2019
Labuhan Batu,525514.051,2019
Labuhan Batu Selatan,208853.3098,2019
Labuhan Batu Utara,363103.2353,2019
Lahat,398231.7882,2019
Lamandau,13906.40784,2019
Lamongan,1325634.969,2019
Lampung Barat,32992.73333,2019
Lampung Selatan,1231188.545,2019
Lampung Tengah,1733797.537,2019
Lampung Timur,1125228.208,2019
Lampung Utara,507896.4392,2019
Landak,388090.7961,2019
Langkat,878533.7216,2019
Lebak,1364492.063,2019
Lebong,248617.8078,2019
Lembata,96638.15686,2019
Lima Puluh Kota,700225.6431,2019
Lingga,76711.16078,2019
Lombok Barat,379462.5373,2019
Lombok Tengah,889683.6392,2019
Lombok Timur,1295801.988,2019
Lombok Utara,237129.7882,2019
Lumajang,1035763.196,2019
Luwu,318141.8118,2019
Luwu Timur,336946.3647,2019
Luwu Utara,165995.5882,2019
Madiun,756246.8706,2019
Magelang,1251559.122,2019
Magetan,687782.8078,2019
Mahakam Hulu,62503.64314,2019
Majalengka,1568151.886,2019
Majene,140746.6353,2019
Malaka,174099.502,2019
Malang,2348142.784,2019
Malinau,109173.4824,2019
Maluku Barat Daya,124809.7255,2019
Maluku Tengah,273893.9529,2019
Maluku Tenggara,45520.45882,2019
Maluku Tenggara Barat,59804.19608,2019
Mamasa,138734.5529,2019
Mamuju,209514.8627,2019
Mamuju Tengah,134520.4824,2019
Mamuju Utara,159455.0941,2019
Mandailing Natal,156811.1843,2019
Manggarai,256339.4745,2019
Manggarai Barat,335819.9373,2019
Manggarai Timur,214745.8314,2019
Manokwari,140082.0157,2019
Manokwari Selatan,27471.6549,2019
Maros,306787.3725,2019
Maybrat,12743.47059,2019
Melawi,233826.9333,2019
Mempawah,158772.6941,2019
Merangin,376506.451,2019
Mesuji,315936.8902,2019
Mimika,170313.0157,2019
Minahasa,437677.1843,2019
Minahasa Selatan,293305.5765,2019
Minahasa Tenggara,194458.6196,2019
Minahasa Utara,67356.42353,2019
Mojokerto,1019852.922,2019
Morowali,47896.46667,2019
Morowali Utara,107702.3216,2019
Muara Enim,433460.8549,2019
Muaro Jambi,316921.2627,2019
Mukomuko,235478.4118,2019
Muna,466160.9137,2019
Muna Barat,177272.0235,2019
Murung Raya,120666.8039,2019
Musi Banyuasin,637617.6235,2019
Musi Rawas,618899.3569,2019
Musi Rawas Utara,178658.4078,2019
Nabire,153371.2824,2019
Nagan Raya,211481.9255,2019
Nagekeo,213756.4314,2019
Natuna,99446.71765,2019
Ngada,150900.549,2019
Nganjuk,1102082.4,2019
Ngawi,890969.9922,2019
Nias,204586.0196,2019
Nias Barat,72717.48235,2019
Nias Selatan,372163.0824,2019
Nias Utara,125555.3804,2019
Nunukan,164400.7922,2019
Ogan Ilir,286952.1804,2019
Ogan Komering Ilir,1221184.486,2019
Ogan Komering Ulu,436463.1922,2019
Ogan Komering Ulu Selatan,95541.83922,2019
Ogan Komering Ulu Timur,653111.3922,2019
Pacitan,605117.3843,2019
Padang Lawas,325598.4275,2019
Padang Lawas Utara,494714.5333,2019
Padang Pariaman,166493.4627,2019
Pakpak Bharat,23493.11373,2019
Pamekasan,758046.4706,2019
Pandeglang,1526673.992,2019
Pangandaran,1054209.671,2019
Pangkajene Dan Kepulauan,275077.8353,2019
Parigi Moutong,450364.6235,2019
Pasaman,147434.5608,2019
Pasaman Barat,563305.4,2019
Paser,133189.2784,2019
Pasuruan,1514626.953,2019
Pati,1255520.839,2019
Pegunungan Arfak,5063.321569,2019
Pekalongan,885602.0706,2019
Pelalawan,369013.0157,2019
Pemalang,1398790.957,2019
Penajam Paser Utara,82788.20392,2019
Penukal Abab Lematang Ilir,271380.8078,2019
Pesawaran,416368.0235,2019
Pesisir Barat,25472.76471,2019
Pesisir Selatan,286031.3098,2019
Pidie,586766.3373,2019
Pidie Jaya,126327.949,2019
Pinrang,389109.9725,2019
Pohuwato,30509.73725,2019
Polewali Mandar,495114.6235,2019
Ponorogo,949250.7882,2019
Poso,275382.2078,2019
Pringsewu,200704.8706,2019
Probolinggo,1123450.247,2019
Pulang Pisau,205190.1882,2019
Pulau Morotai,78883.03137,2019
Pulau Taliabu,10848.07059,2019
Purbalingga,885959.7451,2019
Purwakarta,911204.3216,2019
Purworejo,786761.6588,2019
Raja Ampat,60487.04706,2019
Rejang Lebong,293850.8,2019
Rembang,616850.0078,2019
Rokan Hilir,307211.0078,2019
Rokan Hulu,313492.902,2019
Rote Ndao,136091.4039,2019
Sabu Raijua,42292.61176,2019
Sambas,433184.1412,2019
Samosir,123517.6157,2019
Sampang,839983.898,2019
Sanggau,451358.1765,2019
Sarolangun,301786.3647,2019
Sekadau,184291.7529,2019
Seluma,128900.4,2019
Semarang,1039435.51,2019
Seram Bagian Barat,207997.2118,2019
Seram Bagian Timur,99529.67059,2019
Serang,1942310.788,2019
Serdang Bedagai,415204.8314,2019
Seruyan,201205.549,2019
Siak,745172.0275,2019
Siau Tagulandang Biaro,25483.92941,2019
Sidenreng Rappang,431340.6902,2019
Sidoarjo,1856479.063,2019
Sigi,532921.7882,2019
Sijunjung,116269.9098,2019
Sikka,365509.4392,2019
Simalungun,448106.5294,2019
Simeulue,87904.9098,2019
Sinjai,213751.9843,2019
Sintang,385261.5412,2019
Situbondo,705415.4706,2019
Sleman,1112508.533,2019
Solok,235390.502,2019
Solok Selatan,219690.0392,2019
Soppeng,272315.1961,2019
Sorong,177828.4,2019
Sorong Selatan,38883.0902,2019
Sragen,938379.3882,2019
Subang,1831081.545,2019
Sukabumi,2827559.196,2019
Sukamara,31753.70196,2019
Sukoharjo,876236.2745,2019
Sumba Barat,131121.9804,2019
Sumba Barat Daya,190576.1804,2019
Sumba Tengah,161304.8863,2019
Sumba Timur,265558.4863,2019
Sumbawa,485528.0275,2019
Sumbawa Barat,69911.73333,2019
Sumedang,1390158.271,2019
Sumenep,730233.1529,2019
Tabalong,229562.8471,2019
Tabanan,514087.9647,2019
Takalar,225713.2745,2019
Tambrauw,31953.64706,2019
Tana Tidung,20316.7451,2019
Tana Toraja,222926.5569,2019
Tanah Bumbu,187443.7451,2019
Tanah Datar,207699.7294,2019
Tanah Laut,334345.1843,2019
Tangerang,3528705.745,2019
Tanggamus,135557.0667,2019
Tanjung Jabung Barat,399046.949,2019
Tanjung Jabung Timur,164248.2784,2019
Tapanuli Selatan,462077.8078,2019
Tapanuli Tengah,521900.4431,2019
Tapanuli Utara,149872.4353,2019
Tapin,205287.6235,2019
Tasikmalaya,2116940.651,2019
Tebo,287928.3412,2019
Tegal,1530707.451,2019
Teluk Bintuni,112394.1255,2019
Teluk Wondama,20975.29804,2019
Temanggung,741947.2863,2019
Timor Tengah Selatan,486129.5843,2019
Timor Tengah Utara,339342.0118,2019
Toba Samosir,500478.6392,2019
Tojo Una-Una,48939.07059,2019
Toli-Toli,207929.7176,2019
Toraja Utara,365407.5255,2019
Trenggalek,720455.4549,2019
Tuban,1155095.176,2019
Tulang Bawang Barat,356231.2353,2019
Tulangbawang,572255.0118,2019
Tulungagung,1047547.925,2019
Waduk Cirata,12777.46667,2019
Wadung Kedungombo,2454.792157,2019
Wajo,443990.0627,2019
Wakatobi,18836.50588,2019
Way Kanan,606540.5412,2019
Wonogiri,1069977.525,2019
Wonosobo,802431.9294,2019
Aceh Barat,290733.2549,2019
Aceh Barat Daya,188752.5569,2019
Aceh Besar,447213.6353,2019
Aceh Jaya,122420.149,2019
Aceh Selatan,218213.0392,2019
Aceh Singkil,156178.9255,2019
Aceh Tamiang,257744.0627,2019
Aceh Tengah,137620.5843,2019
Aceh Tenggara,227173.9922,2019
Aceh Timur,285897.3804,2019
Aceh Utara,482859.7137,2019
Agam,497006.251,2019
Alor,191265.898,2019
Asahan,559489.1412,2019
Badung,467762.6706,2019
Balangan,113665.0078,2019
Bandung,3314010.753,2019
Bandung Barat,2096922.443,2019
Banggai,356427.5843,2019
Banggai Kepulauan,131809.3882,2019
Banggai Laut,31349.19608,2019
Bangka,302402.5255,2019
Bangka Barat,229248.0824,2019
Bangka Selatan,286790.051,2019
Bangka Tengah,192489.9333,2019
Bangkalan,897419.0353,2019
Bangli,267964.3961,2019
Banjar,580726.9922,2019
Banjarnegara,924121.7725,2019
Bantaeng,199782.8118,2019
Bantul,952086.8471,2019
Banyu Asin,638161.3412,2019
Banyumas,1598842.165,2019
Banyuwangi,1644822.808,2019
Barito Kuala,271644.902,2019
Barito Selatan,214052.9882,2019
Barito Timur,131870.6941,2019
Barito Utara,168612.9216,2019
Barru,143136.6,2019
Batang,725124.6431,2019
Batang Hari,345411.8078,2019
Batu Bara,493431.0706,2019
Bekasi,2611667.663,2019
Belitung,158407.4941,2019
Belitung Timur,140736.6471,2019
Belu,190629.0706,2019
Bener Meriah,72001.05098,2019
Bengkalis,704619.7804,2019
Bengkayang,335628.0275,2019
Bengkulu Selatan,100649.4157,2019
Bengkulu Tengah,72892.1451,2019
Bengkulu Utara,275775.8902,2019
Berau,201189.3137,2019
Biak Numfor,216174.298,2019
Bima,560430.8314,2019
Bintan,74500.20392,2019
Bireuen,409371.4157,2019
Blitar,1233524.784,2019
Blora,916562.8863,2019
Boalemo,168526.7804,2019
Bogor,4168466.004,2019
Bojonegoro,1318009.576,2019
Bolaang Mongondow,185192.0078,2019
Bolaang Mongondow Selatan,35603.24706,2019
Bolaang Mongondow Timur,49362.79608,2019
Bolaang Mongondow Utara,61568.6902,2019
Bombana,171505.6431,2019
Bondowoso,746704.898,2019
Bone,791133.6392,2019
Bone Bolango,70397.62745,2019
Boyolali,1015055.745,2019
Brebes,1881732.271,2019
Buleleng,664813.7451,2019
Bulukumba,455779.4353,2019
Bulungan,158391.4314,2019
Bungo,310567.8588,2019
Buol,125108.1373,2019
Buru,115349.098,2019
Buru Selatan,28804.36078,2019
Buton,23779.72549,2019
Buton Selatan,19774.25098,2019
Buton Tengah,28429.72157,2019
Buton Utara,117282.2039,2019
Ciamis,971093.702,2019
Cianjur,2632675.278,2019
Cilacap,1777582.682,2019
Cirebon,2579009.553,2019
Dairi,281413.8078,2019
Danau,18011.55294,2019
Danau Toba,33067.91373,2019
Deli Serdang,1808100.698,2019
Demak,1080011.055,2019
Dharmasraya,335880.3255,2019
Dompu,208305.8471,2019
Donggala,179554.5176,2019
Empat Lawang,177906.1412,2019
Ende,258080.8627,2019
Enrekang,62089.78431,2019
Fakfak,104471.2235,2019
Flores Timur,248436.1098,2019
Garut,2804835.047,2019
Gayo Lues,118629.5765,2019
Gianyar,515484.3608,2019
Gorontalo,633677.0471,2019
Gorontalo Utara,92196.61961,2019
Gowa,673305.7098,2019
Gresik,1108080.741,2019
Grobogan,1437940.412,2019
Gunung Kidul,809519.0353,2019
Gunung Mas,130881.9255,2019
Halmahera Barat,175752.0549,2019
Halmahera Selatan,63911.12549,2019
Halmahera Tengah,13764.07059,2019
Halmahera Timur,53488.20784,2019
Halmahera Utara,292483.2549,2019
Hulu Sungai Selatan,270650.1059,2019
Hulu Sungai Tengah,339298.6667,2019
Hulu Sungai Utara,267792.5961,2019
Humbang Hasundutan,103448.8784,2019
Hutan,1317.972549,2019
Indragiri Hilir,1309199.922,2019
Indragiri Hulu,225054.8392,2019
Indramayu,2178711.31,2019
Jember,2506969.035,2019
Jembrana,307179.5176,2019
Jeneponto,574831.4039,2019
Jepara,1058821.996,2019
Jombang,1266835.894,2019
Kaimana,18888.05098,2019
Kampar,699679.1569,2019
Kapuas,414919.7882,2019
Kapuas Hulu,261960.4078,2019
Karang Asem,480624.0941,2019
Karanganyar,849646.5804,2019
Karawang,2647458.925,2019
Karimun,229490.7216,2019
Karo,293143.1843,2019
Katingan,197716.9765,2019
Kaur,45842.13333,2019
Kayong Utara,26526.30588,2019
Kebumen,1291337.847,2019
Kediri,1596457.796,2019
Kendal,947003.5059,2019
Kepahiang,66733.68235,2019
Kepulauan Anambas,9774.098039,2019
Kepulauan Aru,115966.5608,2019
Kepulauan Yapen,60065.88627,2019
Kota Jayapura,291563.0588,2019
Lanny Jaya,157462.8745,2019
Mamberamo Raya,131611.7451,2019
Mamberamo Tengah,22256.07059,2019
Mappi,46361.79216,2019
Merauke,412920.3765,2019
Nduga,51617.15294,2019
Paniai,123170.3333,2019
Pegunungan Bintang,173602.2863,2019
Puncak,149464.9882,2019
Puncak Jaya,52128.50196,2019
Sarmi,112213.8157,2019
Supiori,12821.50588,2019
Tolikara,61480.13725,2019
Waropen,28844.04314,2019
Yahukimo,167465.5686,2019
Yalimo,56295.97255,2019
Asmat,16433.8,2019
Boven Digoel,49997.11373,2019
Deiyai,30428.48627,2019
Dogiyai,73954.71765,2019
Intan Jaya,26826.34902,2019
Jayapura,79888.84314,2019
Jayawijaya,126890.7882,2019
Keerom,57322.95686,2019
Kepulauan Mentawai,60999.16078,2020
Kepulauan Meranti,108610.7843,2020
Kepulauan Sangihe,61027.51765,2020
Kepulauan Selayar,92242.18824,2020
Kepulauan Sula,9685.27451,2020
Kepulauan Talaud,152437.451,2020
Kerinci,335014.4824,2020
Ketapang,507907.4353,2020
Klaten,1234364.094,2020
Klungkung,256630.9451,2020
Kolaka,265784.2863,2020
Kolaka Timur,159437.8863,2020
Kolaka Utara,51616.49412,2020
Konawe,277392.6824,2020
Konawe Kepulauan,12790.24706,2020
Konawe Selatan,272291.5333,2020
Konawe Utara,72074.94902,2020
Kota Ambon,200681.2706,2020
Kota Balikpapan,659001.7176,2020
Kota Banda Aceh,327371.6588,2020
Kota Bandar Lampung,861646.4549,2020
Kota Bandung,2722329.439,2020
Kota Banjar,187252.4392,2020
Kota Banjar Baru,204123.6745,2020
Kota Banjarmasin,785681.5922,2020
Kota Baru,310783.6431,2020
Kota Batam,1070420.318,2020
Kota Batu,206292.1882,2020
Kota Baubau,32933.59608,2020
Kota Bekasi,2161045.427,2020
Kota Bengkulu,469130.098,2020
Kota Bima,94347.01176,2020
Kota Binjai,237802.1176,2020
Kota Bitung,49207.32157,2020
Kota Blitar,125542.851,2020
Kota Bogor,1025681.349,2020
Kota Bontang,145659.1922,2020
Kota Bukittinggi,100182.6,2020
Kota Cilegon,474290.4627,2020
Kota Cimahi,365836.7804,2020
Kota Cirebon,454552.0157,2020
Kota Denpasar,721228.3686,2020
Kota Depok,1686437.349,2020
Kota Dumai,570958.1451,2020
Kota Gorontalo,161342.0196,2020
Kota Gunungsitoli,34483.75686,2020
Kota Jakarta Barat,2427064.067,2020
Kota Jakarta Pusat,1049800.725,2020
Kota Jakarta Selatan,2193675.518,2020
Kota Jakarta Timur,3085114.533,2020
Kota Jakarta Utara,1685114.702,2020
Kota Jambi,668404.6902,2020
Kota Kediri,280065.2118,2020
Kota Kendari,287367.9882,2020
Kota Kotamobagu,126524.498,2020
Kota Kupang,286101.9882,2020
Kota Langsa,155337.7098,2020
Kota Lhokseumawe,121555.0471,2020
Kota Lubuklinggau,155810.6902,2020
Kota Madiun,187268.9137,2020
Kota Magelang,119667.9765,2020
Kota Makassar,1390176.435,2020
Kota Malang,1006738.024,2020
Kota Manado,415712.8706,2020
Kota Mataram,666278.2863,2020
Kota Medan,3266486.659,2020
Kota Metro,141899.5922,2020
Kota Mojokerto,119412.9686,2020
Kota Padang,1223841.596,2020
Kota Padang Panjang,47517.71765,2020
Kota Padangsidimpuan,300290.8118,2020
Kota Pagar Alam,46507.90196,2020
Kota Palangka Raya,287532.2706,2020
Kota Palembang,2061558.639,2020
Kota Palopo,83548.99608,2020
Kota Palu,257062.702,2020
Kota Pangkal Pinang,133301.9961,2020
Kota Parepare,123830.9843,2020
Kota Pariaman,107526.4824,2020
Kota Pasuruan,188837.8196,2020
Kota Payakumbuh,169951.7098,2020
Kota Pekalongan,289901.5882,2020
Kota Pekanbaru,1110932.718,2020
Kota Pematang Siantar,315652.8196,2020
Kota Pontianak,934489.6314,2020
Kota Prabumulih,94068.59216,2020
Kota Probolinggo,197209.2078,2020
Kota Sabang,20088.76078,2020
Kota Salatiga,220929.7608,2020
Kota Samarinda,931148.4353,2020
Kota Sawah Lunto,91419.61176,2020
Kota Semarang,1504064.267,2020
Kota Serang,623985.3176,2020
Kota Sibolga,41347.85882,2020
Kota Singkawang,367576.5922,2020
Kota Solok,37570.09412,2020
Kota Sorong,73840.09412,2020
Kota Subulussalam,48940.84314,2020
Kota Sukabumi,359115.4667,2020
Kota Sungai Penuh,45733.26667,2020
Kota Surabaya,2881491.969,2020
Kota Surakarta,520996.5255,2020
Kota Tangerang,2074774.29,2020
Kota Tangerang Selatan,1179459.714,2020
Kota Tanjung Balai,132723.4824,2020
Kota Tanjung Pinang,293180.9608,2020
Kota Tarakan,240220.6588,2020
Kota Tasikmalaya,680375.4235,2020
Kota Tebing Tinggi,236105.6863,2020
Kota Tegal,256164.6196,2020
Kota Ternate,160030.6,2020
Kota Tidore Kepulauan,29461.7451,2020
Kota Tomohon,123181.1686,2020
Kota Tual,33461.21569,2020
Kota Yogyakarta,476070.3059,2020
Kotawaringin Barat,288116.2588,2020
Kotawaringin Timur,272741.2667,2020
Kuantan Singingi,240800.902,2020
Kubu Raya,260559.9843,2020
Kudus,769050.1725,2020
Kulon Progo,450157.7137,2020
Kuningan,1310187,2020
Kupang,405347.5529,2020
Kutai Barat,110925.8,2020
Kutai Kartanegara,981098.2039,2020
Kutai Timur,262565.9529,2020
Labuhan Batu,529655.2471,2020
Labuhan Batu Selatan,210520.2,2020
Labuhan Batu Utara,365954.3451,2020
Lahat,401373.1373,2020
Lamandau,14010.86667,2020
Lamongan,1333662.937,2020
Lampung Barat,33692.06275,2020
Lampung Selatan,1239357.839,2020
Lampung Tengah,1747412.929,2020
Lampung Timur,1133928.576,2020
Lampung Utara,511860.3333,2020
Landak,391021.2392,2020
Langkat,882887.3922,2020
Lebak,1374169.569,2020
Lebong,250578.4549,2020
Lembata,89196.95294,2020
Lima Puluh Kota,705734.2196,2020
Lingga,77160.3098,2020
Lombok Barat,377085.1882,2020
Lombok Tengah,894788.0941,2020
Lombok Timur,1300281.788,2020
Lombok Utara,229830.2431,2020
Lumajang,1043548.039,2020
Luwu,320640.8902,2020
Luwu Timur,339308.502,2020
Luwu Utara,167830.4471,2020
Madiun,762134.7843,2020
Magelang,1261372.216,2020
Magetan,693197.3961,2020
Mahakam Hulu,62993.01569,2020
Majalengka,1582337.345,2020
Majene,140766.3686,2020
Malaka,175535.5294,2020
Malang,2366602.09,2020
Malinau,110048.3608,2020
Maluku Barat Daya,124890.0118,2020
Maluku Tengah,249523.4784,2020
Maluku Tenggara,40105.67451,2020
Maluku Tenggara Barat,60148.07059,2020
Mamasa,139805.2784,2020
Mamuju,205674.6784,2020
Mamuju Tengah,133041.3059,2020
Mamuju Utara,159682.451,2020
Mandailing Natal,158045.6118,2020
Manggarai,251592.0863,2020
Manggarai Barat,337174.3804,2020
Manggarai Timur,216096.1725,2020
Manokwari,138451.4824,2020
Manokwari Selatan,27138.89412,2020
Maros,309121.102,2020
Maybrat,12844.25098,2020
Melawi,235681.0157,2020
Mempawah,159960.651,2020
Merangin,379480.4745,2020
Mesuji,319582.3529,2020
Mimika,171690.5686,2020
Minahasa,439194.7961,2020
Minahasa Selatan,287511.4,2020
Minahasa Tenggara,195973.9686,2020
Minahasa Utara,63034.76471,2020
Mojokerto,1027744.29,2020
Morowali,43315.27451,2020
Morowali Utara,108602.4471,2020
Muara Enim,436849.6824,2020
Muaro Jambi,319419.8588,2020
Mukomuko,237332.5373,2020
Muna,467857.9333,2020
Muna Barat,177888.8941,2020
Murung Raya,121616.5686,2020
Musi Banyuasin,642275.349,2020
Musi Rawas,623788.1294,2020
Musi Rawas Utara,180077.2784,2020
Nabire,153597.9098,2020
Nagan Raya,213150.9686,2020
Nagekeo,208272.7922,2020
Natuna,97346.68235,2020
Ngada,150268.6039,2020
Nganjuk,1110858.431,2020
Ngawi,898106.2157,2020
Nias,206181.4157,2020
Nias Barat,73002.09804,2020
Nias Selatan,374861.9529,2020
Nias Utara,126529.4392,2020
Nunukan,164183.8549,2020
Ogan Ilir,288302.549,2020
Ogan Komering Ilir,1250168.047,2020
Ogan Komering Ulu,439858.898,2020
Ogan Komering Ulu Selatan,96279.08235,2020
Ogan Komering Ulu Timur,632180.4353,2020
Pacitan,609496.2588,2020
Padang Lawas,328161.1373,2020
Padang Lawas Utara,498619.7569,2020
Padang Pariaman,167912.5608,2020
Pakpak Bharat,23671.42745,2020
Pamekasan,763535.6431,2020
Pandeglang,1537712.561,2020
Pangandaran,1059415.318,2020
Pangkajene Dan Kepulauan,272057.7255,2020
Parigi Moutong,418426.6745,2020
Pasaman,148624.1216,2020
Pasaman Barat,567743.0039,2020
Paser,134216.7647,2020
Pasuruan,1526347.227,2020
Pati,1265400.576,2020
Pegunungan Arfak,5806.396078,2020
Pekalongan,892497.8667,2020
Pelalawan,371928.8863,2020
Pemalang,1409944.592,2020
Penajam Paser Utara,83461.01961,2020
Penukal Abab Lematang Ilir,273530.4706,2020
Pesawaran,419642.7412,2020
Pesisir Barat,25664.93333,2020
Pesisir Selatan,288215.7608,2020
Pidie,591359.0549,2020
Pidie Jaya,127270.698,2020
Pinrang,391920.7255,2020
Pohuwato,30745.33725,2020
Polewali Mandar,497675.3176,2020
Ponorogo,956748.9255,2020
Poso,275421.549,2020
Pringsewu,202013.3059,2020
Probolinggo,1124639.804,2020
Pulang Pisau,206378.1922,2020
Pulau Morotai,75055.37255,2020
Pulau Taliabu,10932.43922,2020
Purbalingga,892921.9255,2020
Purwakarta,917290.0627,2020
Purworejo,792740.2392,2020
Raja Ampat,59997.57255,2020
Rejang Lebong,296169.8706,2020
Rembang,621721.5647,2020
Rokan Hilir,308857.7451,2020
Rokan Hulu,315952.6431,2020
Rote Ndao,137128.502,2020
Sabu Raijua,41917.70588,2020
Sambas,435921.5176,2020
Samosir,124504.6549,2020
Sampang,846159.7255,2020
Sanggau,454952.5961,2020
Sarolangun,304164.9529,2020
Sekadau,185638.6745,2020
Seluma,129961.2275,2020
Semarang,1047718.675,2020
Seram Bagian Barat,197192.6157,2020
Seram Bagian Timur,88761.91765,2020
Serang,1957429.475,2020
Serdang Bedagai,418440.1843,2020
Seruyan,202599.2902,2020
Siak,751034.6784,2020
Siau Tagulandang Biaro,23043.05098,2020
Sidenreng Rappang,434735.4627,2020
Sidoarjo,1871846.949,2020
Sigi,537121.098,2020
Sijunjung,117193.5333,2020
Sikka,358603.3294,2020
Simalungun,451730.8,2020
Simeulue,88602.48235,2020
Sinjai,206876.1843,2020
Sintang,388296.2902,2020
Situbondo,701797.9686,2020
Sleman,1121812.247,2020
Solok,237220.2902,2020
Solok Selatan,221355.2196,2020
Soppeng,274447.9294,2020
Sorong,179098.7412,2020
Sorong Selatan,39194.37647,2020
Sragen,945810.1137,2020
Subang,1845096.137,2020
Sukabumi,2849529.035,2020
Sukamara,31867.34118,2020
Sukoharjo,883142.1216,2020
Sumba Barat,132058.6078,2020
Sumba Barat Daya,192003.498,2020
Sumba Tengah,162558.498,2020
Sumba Timur,255538.7529,2020
Sumbawa,489108.2235,2020
Sumbawa Barat,70531.58431,2020
Sumedang,1403462.349,2020
Sumenep,718836.9098,2020
Tabalong,231361.7961,2020
Tabanan,518329.9725,2020
Takalar,226010.7451,2020
Tambrauw,32191.43137,2020
Tana Tidung,20482.51373,2020
Tana Toraja,224544.7569,2020
Tanah Bumbu,188665.4118,2020
Tanah Datar,209340.6039,2020
Tanah Laut,330198.8588,2020
Tangerang,3550932.153,2020
Tanggamus,136040.7451,2020
Tanjung Jabung Barat,402191.0431,2020
Tanjung Jabung Timur,165551.1294,2020
Tapanuli Selatan,465743.1059,2020
Tapanuli Tengah,526010.1961,2020
Tapanuli Utara,151044.4588,2020
Tapin,206900.902,2020
Tasikmalaya,2132705.051,2020
Tebo,290193.5255,2020
Tegal,1539694.337,2020
Teluk Bintuni,112847.6588,2020
Teluk Wondama,19597.03529,2020
Temanggung,748440.3059,2020
Timor Tengah Selatan,489462.5725,2020
Timor Tengah Utara,340175.5176,2020
Toba Samosir,504433.1333,2020
Tojo Una-Una,48209.38431,2020
Toli-Toli,209551.4745,2020
Toraja Utara,368273.0392,2020
Trenggalek,725859.1216,2020
Tuban,1164201.137,2020
Tulang Bawang Barat,358283.5098,2020
Tulangbawang,576667.8549,2020
Tulungagung,1055770.851,2020
Waduk Cirata,14006.66275,2020
Wadung Kedungombo,2457.929412,2020
Wajo,446985.3961,2020
Wakatobi,18413.52549,2020
Way Kanan,611158.6902,2020
Wonogiri,1078398.11,2020
Wonosobo,808596.702,2020
Aceh Barat,293024.6824,2020
Aceh Barat Daya,189627.0078,2020
Aceh Besar,450218.3765,2020
Aceh Jaya,123175.8588,2020
Aceh Selatan,219919.2431,2020
Aceh Singkil,157401.1255,2020
Aceh Tamiang,259711.5098,2020
Aceh Tengah,138716.3529,2020
Aceh Tenggara,228924.6196,2020
Aceh Timur,288062.4549,2020
Aceh Utara,486656.9647,2020
Agam,500865.1765,2020
Alor,187603.8588,2020
Asahan,563752.6549,2020
Badung,472071.4235,2020
Balangan,114562.5882,2020
Bandung,3349490.631,2020
Bandung Barat,2114125.925,2020
Banggai,358285.7255,2020
Banggai Kepulauan,132851.9843,2020
Banggai Laut,31528.41569,2020
Bangka,304676.1451,2020
Bangka Barat,231049.9647,2020
Bangka Selatan,289044.0745,2020
Bangka Tengah,193999.5686,2020
Bangkalan,903854.8431,2020
Bangli,269742.3451,2020
Banjar,585303.5922,2020
Banjarnegara,931405.0314,2020
Bantaeng,201004.1529,2020
Bantul,959440.3725,2020
Banyu Asin,641870.3333,2020
Banyumas,1611890.961,2020
Banyuwangi,1658621.678,2020
Barito Kuala,273298.5137,2020
Barito Selatan,215722.5059,2020
Barito Timur,132920.1373,2020
Barito Utara,169942.6392,2020
Barru,143164.6431,2020
Batang,730841.7137,2020
Batang Hari,348129.8314,2020
Batu Bara,497257.7529,2020
Bekasi,2625875.867,2020
Belitung,159641.0196,2020
Belitung Timur,141820.9412,2020
Belu,191848.0941,2020
Bener Meriah,72553.5098,2020
Bengkalis,710224.2157,2020
Bengkayang,337369.2745,2020
Bengkulu Selatan,101362.6275,2020
Bengkulu Tengah,73434.40392,2020
Bengkulu Utara,277956.3961,2020
Berau,202874.3961,2020
Biak Numfor,216089.0196,2020
Bima,545897.251,2020
Bintan,74529.07451,2020
Bireuen,412652.9569,2020
Blitar,1243263.71,2020
Blora,923929.8588,2020
Boalemo,169863.1333,2020
Bogor,4202708.329,2020
Bojonegoro,1328610.357,2020
Bolaang Mongondow,186618.8118,2020
Bolaang Mongondow Selatan,35883.12941,2020
Bolaang Mongondow Timur,49744.01176,2020
Bolaang Mongondow Utara,63948.78039,2020
Bombana,169156.7843,2020
Bondowoso,752552.3569,2020
Bone,795154.2196,2020
Bone Bolango,70964.16471,2020
Boyolali,1023479.941,2020
Brebes,1895785.631,2020
Buleleng,668447.3333,2020
Bulukumba,458437.6,2020
Bulungan,159424.2314,2020
Bungo,313020.0627,2020
Buol,126251.1569,2020
Buru,113638.2039,2020
Buru Selatan,29000.16863,2020
Buton,16364.70196,2020
Buton Selatan,13748.23922,2020
Buton Tengah,28508.62353,2020
Buton Utara,117974.3843,2020
Ciamis,986051.5529,2020
Cianjur,2643119.384,2020
Cilacap,1790196.533,2020
Cirebon,2591418.443,2020
Dairi,283642.8902,2020
Danau,17666.60784,2020
Danau Toba,33268.92941,2020
Deli Serdang,1822549.859,2020
Demak,1088708.278,2020
Dharmasraya,338613.9137,2020
Dompu,206990.7137,2020
Donggala,167706.8039,2020
Empat Lawang,179312.5137,2020
Ende,254980.7804,2020
Enrekang,62714.37647,2020
Fakfak,104967.102,2020
Flores Timur,250395.298,2020
Garut,2826157.2,2020
Gayo Lues,119562.2941,2020
Gianyar,518887.6627,2020
Gorontalo,638660.5412,2020
Gorontalo Utara,92768.55294,2020
Gowa,678661.6314,2020
Gresik,1114576.157,2020
Grobogan,1449240.514,2020
Gunung Kidul,815680.8235,2020
Gunung Mas,131975.6275,2020
Halmahera Barat,177217.2784,2020
Halmahera Selatan,59599.51373,2020
Halmahera Tengah,12974.86667,2020
Halmahera Timur,46708.4902,2020
Halmahera Utara,291454.9725,2020
Hulu Sungai Selatan,272781.1647,2020
Hulu Sungai Tengah,341963.6039,2020
Hulu Sungai Utara,269906.8196,2020
Humbang Hasundutan,104254.6824,2020
Hutan,1329.74902,2020
Indragiri Hilir,1319385.086,2020
Indragiri Hulu,226831.7647,2020
Indramayu,2194050.494,2020
Jember,2526761.616,2020
Jembrana,309586.302,2020
Jeneponto,578553.302,2020
Jepara,1063965.251,2020
Jombang,1276753.173,2020
Kaimana,19037.19216,2020
Kampar,705210.1216,2020
Kapuas,417858.2078,2020
Kapuas Hulu,264033.051,2020
Karang Asem,483045.5843,2020
Karanganyar,856242.0314,2020
Karawang,2671474.745,2020
Karimun,230923.2196,2020
Karo,295553.5647,2020
Katingan,199276.7098,2020
Kaur,46218.83137,2020
Kayong Utara,26090.9098,2020
Kebumen,1301599.231,2020
Kediri,1608994.757,2020
Kendal,954137.2471,2020
Kepahiang,67276.05882,2020
Kepulauan Anambas,9666.709804,2020
Kepulauan Aru,113904.0157,2020
Kepulauan Yapen,60280.25882,2020
Kota Jayapura,293867.8549,2020
Lanny Jaya,158703.9843,2020
Mamberamo Raya,132648.9647,2020
Mamberamo Tengah,22430.27843,2020
Mappi,46716,2020
Merauke,415488.2784,2020
Nduga,52028.52157,2020
Paniai,124132.6941,2020
Pegunungan Bintang,174971.4667,2020
Puncak,150641.2745,2020
Puncak Jaya,52541.2,2020
Sarmi,112297.9686,2020
Supiori,12658.98039,2020
Tolikara,61965.44314,2020
Waropen,29052.5098,2020
Yahukimo,168786.5059,2020
Yalimo,56737.56471,2020
Asmat,16590.39608,2020
Boven Digoel,50324.6902,2020
Deiyai,30657.93725,2020
Dogiyai,74540.06275,2020
Intan Jaya,27075.21961,2020
Jayapura,80202.0902,2020
Jayawijaya,127890.7373,2020
Keerom,57772.06667,2020
Kepulauan Mentawai,72771.13725,2021
Kepulauan Meranti,191576.4196,2021
Kepulauan Sangihe,101132.8471,2021
Kepulauan Selayar,98427.23529,2021
Kepulauan Sula,65638.04706,2021
Kepulauan Talaud,67515.02745,2021
Kerinci,253572.5529,2021
Ketapang,567303.8196,2021
Klaten,1273733.855,2021
Klungkung,194933.6941,2021
Kolaka,214885.7725,2021
Kolaka Timur,122342.3059,2021
Kolaka Utara,118392.7059,2021
Konawe,276413.7725,2021
Konawe Kepulauan,12670.2902,2021
Konawe Selatan,305160.5098,2021
Konawe Utara,62660.92549,2021
Kota Ambon,254817.1137,2021
Kota Balikpapan,649471.1725,2021
Kota Banda Aceh,254748.0784,2021
Kota Bandar Lampung,1137497.533,2021
Kota Bandung,2513693.584,2021
Kota Banjar,202678.9451,2021
Kota Banjar Baru,247624.2824,2021
Kota Banjarmasin,678894.1176,2021
Kota Baru,269514.7059,2021
Kota Batam,1063192.502,2021
Kota Batu,213031.1451,2021
Kota Baubau,122666.6941,2021
Kota Bekasi,2519266.91,2021
Kota Bengkulu,368119.898,2021
Kota Bima,152168.2784,2021
Kota Binjai,294337.102,2021
Kota Bitung,208613.8392,2021
Kota Blitar,155740.5608,2021
Kota Bogor,1077275.722,2021
Kota Bontang,158553.2275,2021
Kota Bukittinggi,110976.502,2021
Kota Cilegon,429495.9529,2021
Kota Cimahi,555271.3255,2021
Kota Cirebon,321534.2627,2021
Kota Denpasar,728538.8157,2021
Kota Depok,2106469.514,2021
Kota Dumai,316460.2941,2021
Kota Gorontalo,197156.1176,2021
Kota Gunungsitoli,116300.2588,2021
Kota Jakarta Barat,2499688.69,2021
Kota Jakarta Pusat,1033290.918,2021
Kota Jakarta Selatan,2251125.784,2021
Kota Jakarta Timur,3182564.145,2021
Kota Jakarta Utara,1696539.635,2021
Kota Jambi,613347,2021
Kota Kediri,283540.8588,2021
Kota Kendari,329548.8627,2021
Kota Kotamobagu,131282.4118,2021
Kota Kupang,431884.8431,2021
Kota Langsa,187719.4078,2021
Kota Lhokseumawe,174265.8235,2021
Kota Lubuklinggau,236868.2706,2021
Kota Madiun,189468.7451,2021
Kota Magelang,134163.1961,2021
Kota Makassar,1387618.267,2021
Kota Malang,860548.0902,2021
Kota Manado,431002.651,2021
Kota Mataram,433920.1255,2021
Kota Medan,2442974.992,2021
Kota Metro,168640.7255,2021
Kota Mojokerto,132007.8745,2021
Kota Padang,879229.5922,2021
Kota Padang Panjang,55071.53333,2021
Kota Padangsidimpuan,228694.8118,2021
Kota Pagar Alam,144852.5804,2021
Kota Palangka Raya,298944.8235,2021
Kota Palembang,1722875.306,2021
Kota Palopo,175873.3098,2021
Kota Palu,357263.7765,2021
Kota Pangkal Pinang,225467.3176,2021
Kota Parepare,139602.7412,2021
Kota Pariaman,92820.00784,2021
Kota Pasuruan,209792.7569,2021
Kota Payakumbuh,140340.9922,2021
Kota Pekalongan,304147.2353,2021
Kota Pekanbaru,1002713.447,2021
Kota Pematang Siantar,277833.6667,2021
Kota Pontianak,623451.4157,2021
Kota Prabumulih,196429.6314,2021
Kota Probolinggo,230926.5961,2021
Kota Sabang,28684.27059,2021
Kota Salatiga,209419.902,2021
Kota Samarinda,847068.0353,2021
Kota Sawah Lunto,69057.55294,2021
Kota Semarang,1687915.769,2021
Kota Serang,699203.5765,2021
Kota Sibolga,42093.79608,2021
Kota Singkawang,237462.5569,2021
Kota Solok,73322.72941,2021
Kota Sorong,253607.7216,2021
Kota Subulussalam,100625.0784,2021
Kota Sukabumi,312791.5686,2021
Kota Sungai Penuh,99986.77255,2021
Kota Surabaya,2909340.204,2021
Kota Surakarta,477182.502,2021
Kota Tangerang,1943414.369,2021
Kota Tangerang Selatan,1373616.18,2021
Kota Tanjung Balai,180900.3804,2021
Kota Tanjung Pinang,196423.1882,2021
Kota Tarakan,226135.9294,2021
Kota Tasikmalaya,724722.7373,2021
Kota Tebing Tinggi,177128.3843,2021
Kota Tegal,268832.9882,2021
Kota Ternate,117200.2784,2021
Kota Tidore Kepulauan,82828.47059,2021
Kota Tomohon,102133.6824,2021
Kota Tual,56322.41176,2021
Kota Yogyakarta,378819.5843,2021
Kotawaringin Barat,275384.6039,2021
Kotawaringin Timur,434568.6,2021
Kuantan Singingi,341670.3098,2021
Kubu Raya,622456.098,2021
Kudus,851251.9216,2021
Kulon Progo,439214.4196,2021
Kuningan,1121875.51,2021
Kupang,362294.7294,2021
Kutai Barat,168077.9529,2021
Kutai Kartanegara,709357.1098,2021
Kutai Timur,432216.5922,2021
Labuhan Batu,486461.0706,2021
Labuhan Batu Selatan,316796.2039,2021
Labuhan Batu Utara,380703.9647,2021
Lahat,442407.6667,2021
Lamandau,100415.851,2021
Lamongan,1398463.016,2021
Lampung Barat,307819.4235,2021
Lampung Selatan,1177385.737,2021
Lampung Tengah,1515939.173,2021
Lampung Timur,1017928.808,2021
Lampung Utara,624408.7922,2021
Landak,404884.8588,2021
Langkat,1040035.169,2021
Lebak,1405504.969,2021
Lebong,109130.6353,2021
Lembata,96301.64314,2021
Lima Puluh Kota,493482.1176,2021
Lingga,92987.61176,2021
Lombok Barat,695258.4471,2021
Lombok Tengah,1070882.463,2021
Lombok Timur,1321167.961,2021
Lombok Utara,223782.4275,2021
Lumajang,1129849.702,2021
Luwu,370814.0471,2021
Luwu Timur,301030.8157,2021
Luwu Utara,327318.1765,2021
Madiun,768134.3333,2021
Magelang,1311411.349,2021
Magetan,672151.7098,2021
Mahakam Hulu,33359.19216,2021
Majalengka,1335118.659,2021
Majene,148379.7412,2021
Malaka,186086.5333,2021
Malang,2699249.718,2021
Malinau,82043.03529,2021
Maluku Barat Daya,68514.21176,2021
Maluku Tengah,271729.2941,2021
Maluku Tenggara,67700.29412,2021
Maluku Tenggara Barat,90190.28627,2021
Mamasa,151022.2706,2021
Mamuju,260074.3216,2021
Mamuju Tengah,133457.0706,2021
Mamuju Utara,165719.9176,2021
Mandailing Natal,473504.7569,2021
Manggarai,269032.3804,2021
Manggarai Barat,287375.4275,2021
Manggarai Timur,274171.2392,2021
Manokwari,171420.0392,2021
Manokwari Selatan,38643.38824,2021
Maros,408341.5098,2021
Maybrat,43288.01961,2021
Melawi,215834.4902,2021
Mempawah,294462.5961,2021
Merangin,360583.4235,2021
Mesuji,232311.8902,2021
Mimika,381270.2902,2021
Minahasa,338053.4,2021
Minahasa Selatan,224360.7255,2021
Minahasa Tenggara,112213.8784,2021
Minahasa Utara,210286.7569,2021
Mojokerto,1135005.992,2021
Morowali,111867.6471,2021
Morowali Utara,121521.1608,2021
Muara Enim,567614.2078,2021
Muaro Jambi,397201.6353,2021
Mukomuko,188659.5961,2021
Muna,208138.8627,2021
Muna Barat,79481.37647,2021
Murung Raya,113032.4667,2021
Musi Banyuasin,644928.8392,2021
Musi Rawas,405243.3725,2021
Musi Rawas Utara,184477.0471,2021
Nabire,185820.851,2021
Nagan Raya,171010.0863,2021
Nagekeo,153073.4863,2021
Natuna,70283.01961,2021
Ngada,161044.6196,2021
Nganjuk,1111425.224,2021
Ngawi,884768.8863,2021
Nias,148850.4588,2021
Nias Barat,83643.56078,2021
Nias Selatan,341431.5255,2021
Nias Utara,144750.4824,2021
Nunukan,188684.7333,2021
Ogan Ilir,418738.1412,2021
Ogan Komering Ilir,797429.3725,2021
Ogan Komering Ulu,429403.6118,2021
Ogan Komering Ulu Selatan,405313.0706,2021
Ogan Komering Ulu Timur,688292.7922,2021
Pacitan,581011.1804,2021
Padang Lawas,272316.9882,2021
Padang Lawas Utara,268466.1686,2021
Padang Pariaman,403088.1569,2021
Pakpak Bharat,51732.44314,2021
Pamekasan,854105.9922,2021
Pandeglang,1271389.643,2021
Pangandaran,440826.1686,2021
Pangkajene Dan Kepulauan,333863.0078,2021
Parigi Moutong,383541.3294,2021
Pasaman,293613.5686,2021
Pasaman Barat,433555.8667,2021
Paser,293284.2824,2021
Pasuruan,1620257.765,2021
Pati,1307779.502,2021
Pegunungan Arfak,9909.384314,2021
Pekalongan,990893.1098,2021
Pelalawan,382705.9529,2021
Pemalang,1485437.184,2021
Penajam Paser Utara,156074.851,2021
Penukal Abab Lematang Ilir,201345.0039,2021
Pesawaran,481215.2863,2021
Pesisir Barat,134206.7451,2021
Pesisir Selatan,491938.2941,2021
Pidie,431666.2078,2021
Pidie Jaya,148828.5882,2021
Pinrang,393680.8196,2021
Pohuwato,144400.9333,2021
Polewali Mandar,480693.851,2021
Ponorogo,966554.6902,2021
Poso,240164.7333,2021
Pringsewu,403030.3647,2021
Probolinggo,1154523.027,2021
Pulang Pisau,136900.8902,2021
Pulau Morotai,48174.68627,2021
Pulau Taliabu,39415.41176,2021
Purbalingga,1026657.392,2021
Purwakarta,1100345.804,2021
Purworejo,787790.4235,2021
Raja Ampat,47602.66275,2021
Rejang Lebong,281148.0039,2021
Rembang,653023.9569,2021
Rokan Hilir,608783.7529,2021
Rokan Hulu,578759.8235,2021
Rote Ndao,129667.5725,2021
Sabu Raijua,71852.80784,2021
Sambas,635648.7412,2021
Samosir,124502.8471,2021
Sampang,974980.0196,2021
Sanggau,461033.7294,2021
Sarolangun,295490.7059,2021
Sekadau,238367.149,2021
Seluma,219454.5765,2021
Semarang,1282600.231,2021
Seram Bagian Barat,147842.8392,2021
Seram Bagian Timur,88947.74118,2021
Serang,1630497.047,2021
Serdang Bedagai,663905.9059,2021
Seruyan,162880.0863,2021
Siak,469325.2745,2021
Siau Tagulandang Biaro,49149.7451,2021
Sidenreng Rappang,327306.749,2021
Sidoarjo,2090273.322,2021
Sigi,266753.6863,2021
Sijunjung,225200.0235,2021
Sikka,282684.6314,2021
Simalungun,987914.0314,2021
Simeulue,77746.35294,2021
Sinjai,255398.7725,2021
Sintang,455224.3882,2021
Situbondo,673417.5529,2021
Sleman,1160567.063,2021
Solok,414219.3882,2021
Solok Selatan,180996.9961,2021
Soppeng,240151.2588,2021
Sorong,113565.9569,2021
Sorong Selatan,51654.28235,2021
Sragen,995333.3961,2021
Subang,1619726.416,2021
Sukabumi,2799088.639,2021
Sukamara,60874.44314,2021
Sukoharjo,985434.8157,2021
Sumba Barat,146098.9412,2021
Sumba Barat Daya,306634.2157,2021
Sumba Tengah,86818.49804,2021
Sumba Timur,228773.2784,2021
Sumbawa,494210.5176,2021
Sumbawa Barat,142168.4431,2021
Sumedang,1188161.361,2021
Sumenep,737438.3922,2021
Tabalong,250835.7647,2021
Tabanan,471333.0627,2021
Takalar,292524.5529,2021
Tambrauw,65282.82353,2021
Tana Tidung,22749.63137,2021
Tana Toraja,285304.8549,2021
Tanah Bumbu,310228.5725,2021
Tanah Datar,336371.0392,2021
Tanah Laut,344129.4588,2021
Tangerang,3289167.443,2021
Tanggamus,609843.3529,2021
Tanjung Jabung Barat,320425.2353,2021
Tanjung Jabung Timur,218471.3294,2021
Tapanuli Selatan,528997.6196,2021
Tapanuli Tengah,345500.6667,2021
Tapanuli Utara,322720.9765,2021
Tapin,192874.851,2021
Tasikmalaya,1870219.545,2021
Tebo,341609.7176,2021
Tegal,1623106.945,2021
Teluk Bintuni,80241.55294,2021
Teluk Wondama,23861.78431,2021
Temanggung,812495.7608,2021
Timor Tengah Selatan,465525.3765,2021
Timor Tengah Utara,256911.6118,2021
Toba Samosir,204236.9059,2021
Tojo Una-Una,132000.9882,2021
Toli-Toli,190615.3961,2021
Toraja Utara,266821.5882,2021
Trenggalek,735851,2021
Tuban,1195681.051,2021
Tulang Bawang Barat,316107.8392,2021
Tulangbawang,438535.3725,2021
Tulungagung,1118765.251,2021
Waduk Cirata,18349.12549,2021
Wadung Kedungombo,3324.439216,2021
Wajo,384680.0157,2021
Wakatobi,57197.36078,2021
Way Kanan,447117.5961,2021
Wonogiri,1079183.486,2021
Wonosobo,884404.6196,2021
Aceh Barat,180517.298,2021
Aceh Barat Daya,142191.7255,2021
Aceh Besar,400662.8863,2021
Aceh Jaya,90979.36078,2021
Aceh Selatan,188578.7686,2021
Aceh Singkil,118314.1569,2021
Aceh Tamiang,299064.0157,2021
Aceh Tengah,219665.7569,2021
Aceh Tenggara,211011.7098,2021
Aceh Timur,425558.7882,2021
Aceh Utara,594399.9569,2021
Agam,567214.5882,2021
Alor,172874.8314,2021
Asahan,768742.651,2021
Badung,550567.549,2021
Balangan,133146.4706,2021
Bandung,3678805.702,2021
Bandung Barat,1818498.765,2021
Banggai,327737.8627,2021
Banggai Kepulauan,98662.92941,2021
Banggai Laut,49999.84706,2021
Bangka,329818.3922,2021
Bangka Barat,205065.5373,2021
Bangka Selatan,209505.549,2021
Bangka Tengah,186854.7373,2021
Bangkalan,1052938.467,2021
Bangli,266938.6471,2021
Banjar,579245.3569,2021
Banjarnegara,1037910.224,2021
Bantaeng,187306.8706,2021
Bantul,995205.0627,2021
Banyu Asin,805921.7647,2021
Banyumas,1802382.106,2021
Banyuwangi,1705175.09,2021
Barito Kuala,311838.7686,2021
Barito Selatan,125469.9451,2021
Barito Timur,123687.8353,2021
Barito Utara,157790.3333,2021
Barru,169725.3059,2021
Batang,807973.2745,2021
Batang Hari,297772.3686,2021
Batu Bara,418856.8549,2021
Bekasi,3218482.267,2021
Belitung,173673.8039,2021
Belitung Timur,124145.8314,2021
Belu,219572.549,2021
Bener Meriah,171360.3569,2021
Bengkalis,538333.4275,2021
Bengkayang,286180.1882,2021
Bengkulu Selatan,152236.7922,2021
Bengkulu Tengah,120544.0627,2021
Bengkulu Utara,296971.4627,2021
Berau,251212.1961,2021
Biak Numfor,115139.9333,2021
Bima,483371.9725,2021
Bintan,104849.4118,2021
Bireuen,446964.902,2021
Blitar,1246943.439,2021
Blora,933652.149,2021
Boalemo,136648.8863,2021
Bogor,5483022.706,2021
Bojonegoro,1330028.851,2021
Bolaang Mongondow,239439.4157,2021
Bolaang Mongondow Selatan,61141.03922,2021
Bolaang Mongondow Timur,85588.62745,2021
Bolaang Mongondow Utara,68595.21961,2021
Bombana,137691.9255,2021
Bondowoso,786335.7804,2021
Bone,802983.9176,2021
Bone Bolango,164412.9059,2021
Boyolali,1064302.129,2021
Brebes,2015198.173,2021
Buleleng,774950.6,2021
Bulukumba,426319.5059,2021
Bulungan,149383.3647,2021
Bungo,368600.9451,2021
Buol,124493.4667,2021
Buru,118489.8314,2021
Buru Selatan,58055.14118,2021
Buton,51912.52549,2021
Buton Selatan,43073.60392,2021
Buton Tengah,81938.54902,2021
Buton Utara,55956.89804,2021
Ciamis,1240385.706,2021
Cianjur,2488298.78,2021
Cilacap,1957015.902,2021
Cirebon,2366120.169,2021
Dairi,311797.8235,2021
Danau,26518.9451,2021
Danau Toba,32721.38039,2021
Deli Serdang,1989199.863,2021
Demak,1217053.839,2021
Dharmasraya,238751.6078,2021
Dompu,231883.4784,2021
Donggala,253960.7098,2021
Empat Lawang,331505.7686,2021
Ende,252802.9961,2021
Enrekang,229635.5059,2021
Fakfak,75078.43529,2021
Flores Timur,263243.1373,2021
Garut,2640318.514,2021
Gayo Lues,101413.6706,2021
Gianyar,505717.7059,2021
Gorontalo,395268.4314,2021
Gorontalo Utara,116788.2549,2021
Gowa,778677.0667,2021
Gresik,1319964.318,2021
Grobogan,1496488.816,2021
Gunung Kidul,759427.3373,2021
Gunung Mas,137417.7216,2021
Halmahera Barat,117397.2039,2021
Halmahera Selatan,140931.5176,2021
Halmahera Tengah,41171.20392,2021
Halmahera Timur,61018.43922,2021
Halmahera Utara,159796.2667,2021
Hulu Sungai Selatan,231795.1451,2021
Hulu Sungai Tengah,263378.851,2021
Hulu Sungai Utara,228892.6667,2021
Humbang Hasundutan,204366.6745,2021
Hutan,1726.372549,2021
Indragiri Hilir,646692.0745,2021
Indragiri Hulu,451982.298,2021
Indramayu,1853106.153,2021
Jember,2587565.455,2021
Jembrana,311415.4941,2021
Jeneponto,401888.2353,2021
Jepara,1182662.447,2021
Jombang,1355899.737,2021
Kaimana,25864.45098,2021
Kampar,782003.6627,2021
Kapuas,424488.5608,2021
Kapuas Hulu,257420.7333,2021
Karang Asem,488406.3451,2021
Karanganyar,935647.7294,2021
Karawang,2382969.016,2021
Karimun,215829.8275,2021
Karo,420252.1294,2021
Katingan,153835.8902,2021
Kaur,120318.902,2021
Kayong Utara,121314.2941,2021
Kebumen,1372827.082,2021
Kediri,1665541.071,2021
Kendal,1033454.592,2021
Kepahiang,157260.3804,2021
Kepulauan Anambas,26565.75686,2021
Kepulauan Aru,73889.30196,2021
Kepulauan Yapen,78407.35294,2021
Kota Jayapura,289506.7098,2021
Lanny Jaya,201374.9647,2021
Mamberamo Raya,37710.4,2021
Mamberamo Tengah,51207.27843,2021
Mappi,112065.2941,2021
Merauke,213634.4667,2021
Nduga,108288.2745,2021
Paniai,215736.0549,2021
Pegunungan Bintang,79911.09412,2021
Puncak,117247.8627,2021
Puncak Jaya,227432.3137,2021
Sarmi,37950.27451,2021
Supiori,16985.82745,2021
Tolikara,240430.898,2021
Waropen,33231.16471,2021
Yahukimo,356565.502,2021
Yalimo,103669.2902,2021
Asmat,106063.5176,2021
Boven Digoel,79146.4549,2021
Deiyai,35872.43529,2021
Dogiyai,112680.5961,2021
Intan Jaya,125510.9608,2021
Jayapura,170591.898,2021
Jayawijaya,273862.6314,2021
Keerom,57653.36863,2021
Kepulauan Mentawai,75459.97647,2022
Kepulauan Meranti,194040.502,2022
Kepulauan Sangihe,97885.03529,2022
Kepulauan Selayar,89123.95294,2022
Kepulauan Sula,67105.76471,2022
Kepulauan Talaud,59174.15686,2022
Kerinci,254967.6745,2022
Ketapang,571503.0863,2022
Klaten,1281908.412,2022
Klungkung,190442.7725,2022
Kolaka,218547.702,2022
Kolaka Timur,123772.2431,2022
Kolaka Utara,124570.0431,2022
Konawe,266710.0078,2022
Konawe Kepulauan,22115.45882,2022
Konawe Selatan,306406.6275,2022
Konawe Utara,61959.41176,2022
Kota Ambon,257050.9216,2022
Kota Balikpapan,653380.1843,2022
Kota Banda Aceh,251813.7176,2022
Kota Bandar Lampung,1147785.204,2022
Kota Bandung,2534807.678,2022
Kota Banjar,204537.3529,2022
Kota Banjar Baru,250335.5608,2022
Kota Banjarmasin,677275.1529,2022
Kota Baru,276790.6078,2022
Kota Batam,1053192.89,2022
Kota Batu,215032.7255,2022
Kota Baubau,121735.1725,2022
Kota Bekasi,2545537.608,2022
Kota Bengkulu,372954.0196,2022
Kota Bima,152960.3765,2022
Kota Binjai,295757.1098,2022
Kota Bitung,209487.2,2022
Kota Blitar,155676.5294,2022
Kota Bogor,1074334.004,2022
Kota Bontang,159020.8078,2022
Kota Bukittinggi,114610.6118,2022
Kota Cilegon,428996.9882,2022
Kota Cimahi,559280.6431,2022
Kota Cirebon,322649.9216,2022
Kota Denpasar,729920.6471,2022
Kota Depok,2113143.388,2022
Kota Dumai,318830.6314,2022
Kota Gorontalo,195726.6275,2022
Kota Gunungsitoli,107002.251,2022
Kota Jakarta Barat,2518294.298,2022
Kota Jakarta Pusat,1041642.392,2022
Kota Jakarta Selatan,2267564.125,2022
Kota Jakarta Timur,3204234.902,2022
Kota Jakarta Utara,1709342.482,2022
Kota Jambi,613870.8784,2022
Kota Kediri,286895.3412,2022
Kota Kendari,331172.4275,2022
Kota Kotamobagu,131830.2706,2022
Kota Kupang,435480.8235,2022
Kota Langsa,187749.8706,2022
Kota Lhokseumawe,174323.6667,2022
Kota Lubuklinggau,237302.3647,2022
Kota Madiun,189739.6627,2022
Kota Magelang,129149.6353,2022
Kota Makassar,1397348.184,2022
Kota Malang,858168.498,2022
Kota Manado,432694.4196,2022
Kota Mataram,433872.4706,2022
Kota Medan,2452032.816,2022
Kota Metro,169746.0314,2022
Kota Mojokerto,131966.2235,2022
Kota Padang,894371.8902,2022
Kota Padang Panjang,54912.5451,2022
Kota Padangsidimpuan,227618.7176,2022
Kota Pagar Alam,146433.0863,2022
Kota Palangka Raya,301295.1843,2022
Kota Palembang,1723934.341,2022
Kota Palopo,178177.8588,2022
Kota Palu,358638.6667,2022
Kota Pangkal Pinang,222162.1294,2022
Kota Parepare,140724.7686,2022
Kota Pariaman,91862.37255,2022
Kota Pasuruan,210348.2,2022
Kota Payakumbuh,141394.1176,2022
Kota Pekalongan,299591.0039,2022
Kota Pekanbaru,1010882.773,2022
Kota Pematang Siantar,275695.3137,2022
Kota Pontianak,623231.6863,2022
Kota Prabumulih,198716.1137,2022
Kota Probolinggo,238531.6157,2022
Kota Sabang,31710.35294,2022
Kota Salatiga,201598.3529,2022
Kota Samarinda,852193.8667,2022
Kota Sawah Lunto,67029.13725,2022
Kota Semarang,1692571.031,2022
Kota Serang,706854.8902,2022
Kota Sibolga,42918.54902,2022
Kota Singkawang,238972.3647,2022
Kota Solok,74834.17647,2022
Kota Sorong,255219.5137,2022
Kota Subulussalam,99474.95686,2022
Kota Sukabumi,304094.6039,2022
Kota Sungai Penuh,101147.0471,2022
Kota Surabaya,2929031.973,2022
Kota Surakarta,459723.3647,2022
Kota Tangerang,1960475.216,2022
Kota Tangerang Selatan,1384273.282,2022
Kota Tanjung Balai,180998.0275,2022
Kota Tanjung Pinang,201422.349,2022
Kota Tarakan,225800.6471,2022
Kota Tasikmalaya,733419.7529,2022
Kota Tebing Tinggi,174126.4784,2022
Kota Tegal,272504.5137,2022
Kota Ternate,121746.5686,2022
Kota Tidore Kepulauan,81579.36863,2022
Kota Tomohon,103105.3686,2022
Kota Tual,54325.07843,2022
Kota Yogyakarta,373601.5569,2022
Kotawaringin Barat,276234.7686,2022
Kotawaringin Timur,437898.3176,2022
Kuantan Singingi,345775.6784,2022
Kubu Raya,625351.2784,2022
Kudus,854090.9804,2022
Kulon Progo,444999.549,2022
Kuningan,1141753.333,2022
Kupang,362559.9412,2022
Kutai Barat,170163.4863,2022
Kutai Kartanegara,721836.0314,2022
Kutai Timur,438166.6745,2022
Labuhan Batu,493376.2549,2022
Labuhan Batu Selatan,315075.2235,2022
Labuhan Batu Utara,386824.5569,2022
Lahat,443875.9686,2022
Lamandau,102613.902,2022
Lamongan,1395307.596,2022
Lampung Barat,317127.7882,2022
Lampung Selatan,1123180.49,2022
Lampung Tengah,1513356.243,2022
Lampung Timur,1094660.886,2022
Lampung Utara,647452.9255,2022
Landak,406964.2314,2022
Langkat,1054126.847,2022
Lebak,1420305.467,2022
Lebong,109036.1059,2022
Lembata,101415.9412,2022
Lima Puluh Kota,443855.0039,2022
Lingga,67693.90588,2022
Lombok Barat,708085.0667,2022
Lombok Tengah,1078587.224,2022
Lombok Timur,1328469.898,2022
Lombok Utara,221554.8471,2022
Lumajang,1141709.278,2022
Luwu,371566.6667,2022
Luwu Timur,303193.8431,2022
Luwu Utara,329835.2941,2022
Madiun,772049.8706,2022
Magelang,1327793.298,2022
Magetan,681599.5294,2022
Mahakam Hulu,33492.6549,2022
Majalengka,1351078.722,2022
Majene,145819.4627,2022
Malaka,186697.0745,2022
Malang,2731943.89,2022
Malinau,84099.56078,2022
Maluku Barat Daya,56476.2549,2022
Maluku Tengah,267550.8941,2022
Maluku Tenggara,66601.58824,2022
Maluku Tenggara Barat,80699.1451,2022
Mamasa,157875.6863,2022
Mamuju,264745.5412,2022
Mamuju Tengah,134861.3137,2022
Mamuju Utara,173994.1137,2022
Mandailing Natal,478833.7216,2022
Manggarai,275514.4353,2022
Manggarai Barat,279469.4588,2022
Manggarai Timur,273515.3294,2022
Manokwari,174328.749,2022
Manokwari Selatan,26279.22353,2022
Maros,411303.5176,2022
Maybrat,43905.77647,2022
Melawi,218878.0118,2022
Mempawah,298599.1098,2022
Merangin,362797.7216,2022
Mesuji,233451.0353,2022
Mimika,364024.8353,2022
Minahasa,340563.5098,2022
Minahasa Selatan,226192.8431,2022
Minahasa Tenggara,113422.7529,2022
Minahasa Utara,213521.3412,2022
Mojokerto,1148791.035,2022
Morowali,113810.7176,2022
Morowali Utara,117002.4392,2022
Muara Enim,604690.5529,2022
Muaro Jambi,418643.5451,2022
Mukomuko,193527.9765,2022
Muna,197117.149,2022
Muna Barat,80585.27843,2022
Murung Raya,114241.0039,2022
Musi Banyuasin,625869.749,2022
Musi Rawas,409318.4471,2022
Musi Rawas Utara,189236.6784,2022
Nabire,171591.1804,2022
Nagan Raya,171421.102,2022
Nagekeo,152960.5804,2022
Natuna,55856.14902,2022
Ngada,160173.9333,2022
Nganjuk,1129487.451,2022
Ngawi,890173.2549,2022
Nias,146413.0118,2022
Nias Barat,83954.14118,2022
Nias Selatan,328961.5765,2022
Nias Utara,141389.0549,2022
Nunukan,190643.8549,2022
Ogan Ilir,422588.1412,2022
Ogan Komering Ilir,718523.2667,2022
Ogan Komering Ulu,398493.302,2022
Ogan Komering Ulu Selatan,412161.3176,2022
Ogan Komering Ulu Timur,738047.702,2022
Pacitan,577253.0353,2022
Padang Lawas,273385.9686,2022
Padang Lawas Utara,268429.9882,2022
Padang Pariaman,427410.2,2022
Pakpak Bharat,52873.34902,2022
Pamekasan,858529.1059,2022
Pandeglang,1279370.612,2022
Pangandaran,434526.5961,2022
Pangkajene Dan Kepulauan,337926.4549,2022
Parigi Moutong,393522.0039,2022
Pasaman,299631.4745,2022
Pasaman Barat,436344.1529,2022
Paser,292639.5961,2022
Pasuruan,1636373.808,2022
Pati,1336394.604,2022
Pegunungan Arfak,19220.90196,2022
Pekalongan,1005524.91,2022
Pelalawan,388585.451,2022
Pemalang,1492324.325,2022
Penajam Paser Utara,159095.8275,2022
Penukal Abab Lematang Ilir,202430.8314,2022
Pesawaran,486963.0275,2022
Pesisir Barat,144764.3059,2022
Pesisir Selatan,498782.0863,2022
Pidie,438028.749,2022
Pidie Jaya,150464.8627,2022
Pinrang,397264.9059,2022
Pohuwato,144556.8941,2022
Polewali Mandar,480305.051,2022
Ponorogo,974396.2353,2022
Poso,242610.3137,2022
Pringsewu,412410.451,2022
Probolinggo,1162736.769,2022
Pulang Pisau,138186.7961,2022
Pulau Morotai,47066.63137,2022
Pulau Taliabu,41003.50588,2022
Purbalingga,1031207.133,2022
Purwakarta,1124115.184,2022
Purworejo,792544.3843,2022
Raja Ampat,34547.26667,2022
Rejang Lebong,283023.9686,2022
Rembang,638873.6549,2022
Rokan Hilir,617286.9333,2022
Rokan Hulu,595844.7137,2022
Rote Ndao,124979.0078,2022
Sabu Raijua,73047.47059,2022
Sambas,640198.051,2022
Samosir,120592.4784,2022
Sampang,975089.7882,2022
Sanggau,470488.7451,2022
Sarolangun,298551.4157,2022
Sekadau,238756.4627,2022
Seluma,223744.6353,2022
Semarang,1304901.945,2022
Seram Bagian Barat,142229.3137,2022
Seram Bagian Timur,84013.00784,2022
Serang,1636952.506,2022
Serdang Bedagai,674238.1216,2022
Seruyan,158880.3059,2022
Siak,465522.5765,2022
Siau Tagulandang Biaro,47662.41569,2022
Sidenreng Rappang,329151.651,2022
Sidoarjo,2095840.996,2022
Sigi,268947.7765,2022
Sijunjung,225649.1333,2022
Sikka,285083.2824,2022
Simalungun,1004745.725,2022
Simeulue,72846.55686,2022
Sinjai,256445.2667,2022
Sintang,453571.5608,2022
Situbondo,685041.8235,2022
Sleman,1162996.596,2022
Solok,403764.5647,2022
Solok Selatan,179488.698,2022
Soppeng,241957.7098,2022
Sorong,112615.302,2022
Sorong Selatan,52204.17647,2022
Sragen,1006930.714,2022
Subang,1637983.118,2022
Sukabumi,2835226.227,2022
Sukamara,60571.6549,2022
Sukoharjo,989413.8941,2022
Sumba Barat,147282.3098,2022
Sumba Barat Daya,309379.8471,2022
Sumba Tengah,87261.47451,2022
Sumba Timur,228498.2941,2022
Sumbawa,491922.2667,2022
Sumbawa Barat,143318.8078,2022
Sumedang,1197697.192,2022
Sumenep,846521.302,2022
Tabalong,255102.3412,2022
Tabanan,473001.251,2022
Takalar,291686.7294,2022
Tambrauw,65764.72157,2022
Tana Tidung,21908.98039,2022
Tana Toraja,287784.5882,2022
Tanah Bumbu,317209.3451,2022
Tanah Datar,371136.7569,2022
Tanah Laut,347884.3137,2022
Tangerang,3311317.325,2022
Tanggamus,632484.1059,2022
Tanjung Jabung Barat,323224.1176,2022
Tanjung Jabung Timur,224340.7843,2022
Tapanuli Selatan,534795.902,2022
Tapanuli Tengah,341037.0157,2022
Tapanuli Utara,330745.5216,2022
Tapin,194397.8,2022
Tasikmalaya,1881805.639,2022
Tebo,344821.9843,2022
Tegal,1632830.733,2022
Teluk Bintuni,79374.5451,2022
Teluk Wondama,26978.81569,2022
Temanggung,813907.1216,2022
Timor Tengah Selatan,474406.8196,2022
Timor Tengah Utara,250948.4431,2022
Toba Samosir,193537.3255,2022
Tojo Una-Una,139002.7294,2022
Toli-Toli,192465.7373,2022
Toraja Utara,268637.0706,2022
Trenggalek,726976.9608,2022
Tuban,1207585.043,2022
Tulang Bawang Barat,304352.6039,2022
Tulangbawang,440479.4196,2022
Tulungagung,1157716.035,2022
Waduk Cirata,17601.95686,2022
Wadung Kedungombo,2847.333333,2022
Wajo,387094.4667,2022
Wakatobi,53493.7098,2022
Way Kanan,465735.7843,2022
Wonogiri,1082931.486,2022
Wonosobo,895680.8078,2022
Aceh Barat,183314.6235,2022
Aceh Barat Daya,142947.0196,2022
Aceh Besar,408140.1412,2022
Aceh Jaya,94502.74118,2022
Aceh Selatan,197735.698,2022
Aceh Singkil,118728.3451,2022
Aceh Tamiang,302285.3294,2022
Aceh Tengah,221003.4157,2022
Aceh Tenggara,216631.9137,2022
Aceh Timur,429256.8863,2022
Aceh Utara,604597.9098,2022
Agam,554810.5451,2022
Alor,174887.2235,2022
Asahan,780088.251,2022
Badung,547879.6275,2022
Balangan,134673.8902,2022
Bandung,3701835.408,2022
Bandung Barat,1833026.784,2022
Banggai,319485.6941,2022
Banggai Kepulauan,83497.4549,2022
Banggai Laut,46665.77255,2022
Bangka,329521.2157,2022
Bangka Barat,201197.4902,2022
Bangka Selatan,198898.4627,2022
Bangka Tengah,189007.302,2022
Bangkalan,1062077.435,2022
Bangli,266675.5608,2022
Banjar,589172.898,2022
Banjarnegara,1046040.796,2022
Bantaeng,186887.3765,2022
Bantul,1010780.016,2022
Banyu Asin,871113.6549,2022
Banyumas,1820000.012,2022
Banyuwangi,1725836.945,2022
Barito Kuala,315497.7765,2022
Barito Selatan,128120.7882,2022
Barito Timur,125049.1882,2022
Barito Utara,158892.2588,2022
Barru,170945.5451,2022
Batang,819383.3059,2022
Batang Hari,299009.8902,2022
Batu Bara,420546.9098,2022
Bekasi,3226026.369,2022
Belitung,174101.8824,2022
Belitung Timur,123684.3569,2022
Belu,220727.8588,2022
Bener Meriah,171650.6314,2022
Bengkalis,555934.0588,2022
Bengkayang,285134.7647,2022
Bengkulu Selatan,156094.2627,2022
Bengkulu Tengah,122115.9216,2022
Bengkulu Utara,301877.2902,2022
Berau,247416.2471,2022
Biak Numfor,115846.7961,2022
Bima,483317.1216,2022
Bintan,126418.8039,2022
Bireuen,451240.0824,2022
Blitar,1257288.341,2022
Blora,929057.9725,2022
Boalemo,140784.0275,2022
Bogor,5560279.514,2022
Bojonegoro,1342093.643,2022
Bolaang Mongondow,239538.9804,2022
Bolaang Mongondow Selatan,61913.8902,2022
Bolaang Mongondow Timur,85575.98824,2022
Bolaang Mongondow Utara,70463.78431,2022
Bombana,138607.9725,2022
Bondowoso,792516.7255,2022
Bone,807828.4392,2022
Bone Bolango,164344.4667,2022
Boyolali,1068313.886,2022
Brebes,2025361.365,2022
Buleleng,781561.2863,2022
Bulukumba,427752.4745,2022
Bulungan,144688.149,2022
Bungo,370512.7765,2022
Buol,126263.0588,2022
Buru,119306.1922,2022
Buru Selatan,49930.66667,2022
Buton,78018.80784,2022
Buton Selatan,36214.32549,2022
Buton Tengah,70682.72549,2022
Buton Utara,54224.58824,2022
Ciamis,1256080.047,2022
Cianjur,2515784.145,2022
Cilacap,1972834.612,2022
Cirebon,2376441.631,2022
Dairi,314921.9098,2022
Danau,21891.11765,2022
Danau Toba,39057.00784,2022
Deli Serdang,2016475.204,2022
Demak,1224310.341,2022
Dharmasraya,242227.8039,2022
Dompu,233487.9765,2022
Donggala,258625.4039,2022
Empat Lawang,332676.1176,2022
Ende,255279.498,2022
Enrekang,231436.0275,2022
Fakfak,68045.10588,2022
Flores Timur,250525.0588,2022
Garut,2668446.278,2022
Gayo Lues,102306.1725,2022
Gianyar,526348.3569,2022
Gorontalo,398646.498,2022
Gorontalo Utara,116250.8314,2022
Gowa,784900.7176,2022
Gresik,1313077.267,2022
Grobogan,1505725.271,2022
Gunung Kidul,769810.1725,2022
Gunung Mas,138882.1529,2022
Halmahera Barat,125512.9961,2022
Halmahera Selatan,134324.5725,2022
Halmahera Tengah,42036.47059,2022
Halmahera Timur,62170.96863,2022
Halmahera Utara,159789.1216,2022
Hulu Sungai Selatan,233988.0863,2022
Hulu Sungai Tengah,265325.9255,2022
Hulu Sungai Utara,231340.9569,2022
Humbang Hasundutan,207012.2,2022
Hutan,1289.85098,2022
Indragiri Hilir,646693.9216,2022
Indragiri Hulu,456161.2314,2022
Indramayu,1860568.286,2022
Jember,2605849.302,2022
Jembrana,314135.4863,2022
Jeneponto,400174.9843,2022
Jepara,1195632.518,2022
Jombang,1370831.792,2022
Kaimana,27367.76078,2022
Kampar,815001.4235,2022
Kapuas,422384.0078,2022
Kapuas Hulu,259258.2706,2022
Karang Asem,490469.1882,2022
Karanganyar,966238.9529,2022
Karawang,2389827.702,2022
Karimun,208458.5608,2022
Karo,420925.6314,2022
Katingan,160601.5255,2022
Kaur,122453.8353,2022
Kayong Utara,122442.1882,2022
Kebumen,1384593.216,2022
Kediri,1665595.686,2022
Kendal,1042524.396,2022
Kepahiang,161315.4941,2022
Kepulauan Anambas,22766.51765,2022
Kepulauan Aru,38988.75686,2022
Kepulauan Yapen,77139.72549,2022
Kota Jayapura,324131.4627,2022
Lanny Jaya,201963.2471,2022
Mamberamo Raya,36190.91373,2022
Mamberamo Tengah,51474.47059,2022
Mappi,113653.9608,2022
Merauke,215209.6627,2022
Nduga,108956.7137,2022
Paniai,222134.3804,2022
Pegunungan Bintang,79974.50196,2022
Puncak,117718.8549,2022
Puncak Jaya,229925.3608,2022
Sarmi,34809.93725,2022
Supiori,13986.17255,2022
Tolikara,243416.4235,2022
Waropen,29966.76863,2022
Yahukimo,358903.3843,2022
Yalimo,104894.1059,2022
Asmat,111499.2235,2022
Boven Digoel,78136.38824,2022
Deiyai,56334.23922,2022
Dogiyai,121079.9765,2022
Intan Jaya,133476.4118,2022
Jayapura,169448.4627,2022
Jayawijaya,277645.2275,2022
Keerom,61684.50196,2022
Kepulauan Mentawai,75922.01569,2023
Kepulauan Meranti,195167.6,2023
Kepulauan Sangihe,98693.27843,2023
Kepulauan Selayar,90795.17255,2023
Kepulauan Sula,67726.87059,2023
Kepulauan Talaud,59781.16471,2023
Kerinci,256923.8431,2023
Ketapang,575766.6039,2023
Klaten,1291843.608,2023
Klungkung,191882.8667,2023
Kolaka,220150.3333,2023
Kolaka Timur,124796.8275,2023
Kolaka Utara,125764.0235,2023
Konawe,268659.8784,2023
Konawe Kepulauan,22236.23922,2023
Konawe Selatan,309006.5098,2023
Konawe Utara,62466.77647,2023
Kota Ambon,258976.2471,2023
Kota Balikpapan,658420.6824,2023
Kota Banda Aceh,253741.3765,2023
Kota Bandar Lampung,1154293.114,2023
Kota Bandung,2556064.494,2023
Kota Banjar,206221.502,2023
Kota Banjar Baru,252273.851,2023
Kota Banjarmasin,682567.1373,2023
Kota Baru,279006.8627,2023
Kota Batam,1062348.812,2023
Kota Batu,217145.9843,2023
Kota Baubau,122724.0196,2023
Kota Bekasi,2565985.282,2023
Kota Bengkulu,375791.6627,2023
Kota Bima,154114.2314,2023
Kota Binjai,298040,2023
Kota Bitung,211010.5137,2023
Kota Blitar,156962.8196,2023
Kota Bogor,1081917.863,2023
Kota Bontang,160314.4275,2023
Kota Bukittinggi,115537.4471,2023
Kota Cilegon,433031.1294,2023
Kota Cimahi,562964.9961,2023
Kota Cirebon,325065.4824,2023
Kota Denpasar,736029.2275,2023
Kota Depok,2128233.086,2023
Kota Dumai,321204.8235,2023
Kota Gorontalo,197161.7647,2023
Kota Gunungsitoli,108115.8314,2023
Kota Jakarta Barat,2535057.188,2023
Kota Jakarta Pusat,1050848.843,2023
Kota Jakarta Selatan,2290620.463,2023
Kota Jakarta Timur,3220715.553,2023
Kota Jakarta Utara,1730371.525,2023
Kota Jambi,618558.7176,2023
Kota Kediri,289409.0157,2023
Kota Kendari,333756.7804,2023
Kota Kotamobagu,132858.7059,2023
Kota Kupang,438840.0353,2023
Kota Langsa,189253.3137,2023
Kota Lhokseumawe,175727.9922,2023
Kota Lubuklinggau,239174.8157,2023
Kota Madiun,191432.4784,2023
Kota Magelang,129573.0784,2023
Kota Makassar,1408246.569,2023
Kota Malang,864798.6941,2023
Kota Manado,436238.4353,2023
Kota Mataram,437437.8431,2023
Kota Medan,2470660.643,2023
Kota Metro,171202.2392,2023
Kota Mojokerto,133173.8,2023
Kota Padang,901069.1569,2023
Kota Padang Panjang,55323.18431,2023
Kota Padangsidimpuan,229335.4392,2023
Kota Pagar Alam,147510.8824,2023
Kota Palangka Raya,303628.2275,2023
Kota Palembang,1737249.655,2023
Kota Palopo,179638.851,2023
Kota Palu,361325.7569,2023
Kota Pangkal Pinang,223943.3176,2023
Kota Parepare,142023.1216,2023
Kota Pariaman,92336.4549,2023
Kota Pasuruan,211798.5059,2023
Kota Payakumbuh,142616.2078,2023
Kota Pekalongan,301763.4941,2023
Kota Pekanbaru,1018679.961,2023
Kota Pematang Siantar,277859.9412,2023
Kota Pontianak,628052.5373,2023
Kota Prabumulih,200256.1451,2023
Kota Probolinggo,240450.8157,2023
Kota Sabang,31978.28627,2023
Kota Salatiga,202731.3255,2023
Kota Samarinda,858802.2667,2023
Kota Sawah Lunto,67514.96078,2023
Kota Semarang,1705663.655,2023
Kota Serang,712677.0235,2023
Kota Sibolga,43175.4,2023
Kota Singkawang,240822.7725,2023
Kota Solok,75349.72549,2023
Kota Sorong,257247.4275,2023
Kota Subulussalam,101282.2078,2023
Kota Sukabumi,305297.0745,2023
Kota Sungai Penuh,101916.9137,2023
Kota Surabaya,2951911.322,2023
Kota Surakarta,463699.8431,2023
Kota Tangerang,1984101.729,2023
Kota Tangerang Selatan,1394776.847,2023
Kota Tanjung Balai,182374.9137,2023
Kota Tanjung Pinang,202805.2196,2023
Kota Tarakan,227552.5294,2023
Kota Tasikmalaya,739907.0275,2023
Kota Tebing Tinggi,175410.749,2023
Kota Tegal,274317.949,2023
Kota Ternate,123343.0078,2023
Kota Tidore Kepulauan,82045.81569,2023
Kota Tomohon,103921.6745,2023
Kota Tual,54409.42745,2023
Kota Yogyakarta,376761.9216,2023
Kotawaringin Barat,278485.7608,2023
Kotawaringin Timur,441331.298,2023
Kuantan Singingi,348768.8275,2023
Kubu Raya,630360.4353,2023
Kudus,861149.5451,2023
Kulon Progo,448561.498,2023
Kuningan,1150742.761,2023
Kupang,365352.1765,2023
Kutai Barat,171509.3373,2023
Kutai Kartanegara,726735.0314,2023
Kutai Timur,441536.502,2023
Labuhan Batu,497885.8235,2023
Labuhan Batu Selatan,317623.949,2023
Labuhan Batu Utara,389443.8549,2023
Lahat,447191.3569,2023
Lamandau,103311.8627,2023
Lamongan,1406266.486,2023
Lampung Barat,319557.1608,2023
Lampung Selatan,1131479.514,2023
Lampung Tengah,1524660.471,2023
Lampung Timur,1102947.388,2023
Lampung Utara,652948.2549,2023
Landak,410062.0275,2023
Langkat,1062075.22,2023
Lebak,1430731.118,2023
Lebong,109774.8549,2023
Lembata,102290.0588,2023
Lima Puluh Kota,445981.698,2023
Lingga,68237.28235,2023
Lombok Barat,714175.5294,2023
Lombok Tengah,1086144.573,2023
Lombok Timur,1338761.6,2023
Lombok Utara,223905.2667,2023
Lumajang,1150420.537,2023
Luwu,374291.6078,2023
Luwu Timur,305542.7333,2023
Luwu Utara,332407.098,2023
Madiun,777923.9922,2023
Magelang,1338885.749,2023
Magetan,686852.5765,2023
Mahakam Hulu,33743.50196,2023
Majalengka,1361962.941,2023
Majene,146775.9647,2023
Malaka,188121.5882,2023
Malang,2752816.086,2023
Malinau,84741.1098,2023
Maluku Barat Daya,57308.50588,2023
Maluku Tengah,271072.6588,2023
Maluku Tenggara,67124.51373,2023
Maluku Tenggara Barat,83609.45098,2023
Mamasa,159008.8549,2023
Mamuju,266804.4314,2023
Mamuju Tengah,135805.2824,2023
Mamuju Utara,174873.4078,2023
Mandailing Natal,482527.6706,2023
Manggarai,275648.0784,2023
Manggarai Barat,283109.8314,2023
Manggarai Timur,275777.0706,2023
Manokwari,175687.9882,2023
Manokwari Selatan,26285.34118,2023
Maros,414175.7137,2023
Maybrat,43887.5451,2023
Melawi,220682.0667,2023
Mempawah,300906.7765,2023
Merangin,365542.6157,2023
Mesuji,235201.2667,2023
Mimika,365649.9098,2023
Minahasa,342952.149,2023
Minahasa Selatan,227629.2549,2023
Minahasa Tenggara,114293.6039,2023
Minahasa Utara,215102.9451,2023
Mojokerto,1157220.651,2023
Morowali,115141.6667,2023
Morowali Utara,117860.1765,2023
Muara Enim,609017.6784,2023
Muaro Jambi,422010.149,2023
Mukomuko,195028.0863,2023
Muna,198632.5176,2023
Muna Barat,81566.8,2023
Murung Raya,115160.9216,2023
Musi Banyuasin,630386.7451,2023
Musi Rawas,412254.6471,2023
Musi Rawas Utara,191178.5412,2023
Nabire,172434.0863,2023
Nagan Raya,172720.2353,2023
Nagekeo,154207.4275,2023
Natuna,56296.76078,2023
Ngada,161430.8824,2023
Nganjuk,1138257.294,2023
Ngawi,897258.7098,2023
Nias,147222.098,2023
Nias Barat,84175.71373,2023
Nias Selatan,330263.6667,2023
Nias Utara,142422.1686,2023
Nunukan,192012.6863,2023
Ogan Ilir,425977.5686,2023
Ogan Komering Ilir,722052.6549,2023
Ogan Komering Ulu,402073.4,2023
Ogan Komering Ulu Selatan,415198.0157,2023
Ogan Komering Ulu Timur,745271.9059,2023
Pacitan,580732.6863,2023
Padang Lawas,275967.7373,2023
Padang Lawas Utara,270259.8941,2023
Padang Pariaman,430754.6039,2023
Pakpak Bharat,53263.67451,2023
Pamekasan,864778.3137,2023
Pandeglang,1288591.039,2023
Pangandaran,434498.7059,2023
Pangkajene Dan Kepulauan,340550.2863,2023
Parigi Moutong,396458.6706,2023
Pasaman,302045.5725,2023
Pasaman Barat,439187.6902,2023
Paser,294578.2,2023
Pasuruan,1649293.647,2023
Pati,1347038.106,2023
Pegunungan Arfak,19558.34118,2023
Pekalongan,1013022.627,2023
Pelalawan,391441.0353,2023
Pemalang,1504543.584,2023
Penajam Paser Utara,160457.9451,2023
Penukal Abab Lematang Ilir,204014.2745,2023
Pesawaran,490834.6941,2023
Pesisir Barat,145833.4353,2023
Pesisir Selatan,502792.3608,2023
Pidie,441301.4431,2023
Pidie Jaya,151716.3725,2023
Pinrang,400515.4824,2023
Pohuwato,145647.1137,2023
Polewali Mandar,483558.8824,2023
Ponorogo,981864.3529,2023
Poso,244355.1412,2023
Pringsewu,415683.9294,2023
Probolinggo,1171691.984,2023
Pulang Pisau,139133.3412,2023
Pulau Morotai,47662.41569,2023
Pulau Taliabu,41150.61569,2023
Purbalingga,1039912.816,2023
Purwakarta,1134668.275,2023
Purworejo,798345.0314,2023
Raja Ampat,35497.27059,2023
Rejang Lebong,285221.1843,2023
Rembang,643632.6314,2023
Rokan Hilir,621811.7686,2023
Rokan Hulu,600262.5176,2023
Rote Ndao,125961.2471,2023
Sabu Raijua,73737.61176,2023
Sambas,645077.1843,2023
Samosir,121423.8078,2023
Sampang,982834.8039,2023
Sanggau,474523.4824,2023
Sarolangun,300916.8039,2023
Sekadau,240441.298,2023
Seluma,225682.8353,2023
Semarang,1314999.443,2023
Seram Bagian Barat,143210.2078,2023
Seram Bagian Timur,86193.79216,2023
Serang,1648988.267,2023
Serdang Bedagai,679348.3529,2023
Seruyan,160084.3569,2023
Siak,469317.2784,2023
Siau Tagulandang Biaro,48249.5451,2023
Sidenreng Rappang,331565.8235,2023
Sidoarjo,2112528.851,2023
Sigi,270984.1686,2023
Sijunjung,227685.302,2023
Sikka,287442.549,2023
Simalungun,1012726.282,2023
Simeulue,73365.67843,2023
Sinjai,258341.8353,2023
Sintang,456747.6314,2023
Situbondo,690187.902,2023
Sleman,1172258.549,2023
Solok,407052.5647,2023
Solok Selatan,180664.8549,2023
Soppeng,243829.2471,2023
Sorong,113649.298,2023
Sorong Selatan,52521.49804,2023
Sragen,1014424.698,2023
Subang,1650478.42,2023
Sukabumi,2857598.988,2023
Sukamara,60993.84706,2023
Sukoharjo,995939.8196,2023
Sumba Barat,148286.8,2023
Sumba Barat Daya,311820.5843,2023
Sumba Tengah,87980.27059,2023
Sumba Timur,231558.6118,2023
Sumbawa,495974.6431,2023
Sumbawa Barat,144461.6667,2023
Sumedang,1207789.255,2023
Sumenep,854575.6039,2023
Tabalong,257168.549,2023
Tabanan,476722.3569,2023
Takalar,293455.4392,2023
Tambrauw,66995.27059,2023
Tana Tidung,22104.5451,2023
Tana Toraja,290065.5216,2023
Tanah Bumbu,319832.6941,2023
Tanah Datar,374108.3569,2023
Tanah Laut,350567.251,2023
Tangerang,3326781.788,2023
Tanggamus,637387.2471,2023
Tanjung Jabung Barat,325524.8275,2023
Tanjung Jabung Timur,225904.1176,2023
Tapanuli Selatan,538880.5569,2023
Tapanuli Tengah,340872.7255,2023
Tapanuli Utara,334012.0275,2023
Tapin,195901.8863,2023
Tasikmalaya,1896877.118,2023
Tebo,347143.7255,2023
Tegal,1644651.333,2023
Teluk Bintuni,80229.24314,2023
Teluk Wondama,27073.9451,2023
Temanggung,820118.4784,2023
Timor Tengah Selatan,478710.2,2023
Timor Tengah Utara,252283.051,2023
Toba Samosir,194794.8784,2023
Tojo Una-Una,140373.1059,2023
Toli-Toli,193997.902,2023
Toraja Utara,270739.9294,2023
Trenggalek,733152.7882,2023
Tuban,1216657.906,2023
Tulang Bawang Barat,307332.9333,2023
Tulangbawang,443878.6941,2023
Tulungagung,1166281.369,2023
Waduk Cirata,17859.55294,2023
Wadung Kedungombo,2930.898039,2023
Wajo,390093.6078,2023
Wakatobi,54011.21176,2023
Way Kanan,468554.6863,2023
Wonogiri,1091220.8,2023
Wonosobo,902721.6235,2023
Aceh Barat,184519.051,2023
Aceh Barat Daya,144072.1569,2023
Aceh Besar,411307.2784,2023
Aceh Jaya,95487.37647,2023
Aceh Selatan,199221.2667,2023
Aceh Singkil,120384.4392,2023
Aceh Tamiang,304659.7725,2023
Aceh Tengah,222700.3608,2023
Aceh Tenggara,218154.0824,2023
Aceh Timur,432532.8,2023
Aceh Utara,609465.7255,2023
Agam,558902.7412,2023
Alor,176597.3647,2023
Asahan,786547.3412,2023
Badung,551413.6941,2023
Balangan,135710.2588,2023
Bandung,3731776.608,2023
Bandung Barat,1845760.765,2023
Banggai,322357.451,2023
Banggai Kepulauan,84432.34118,2023
Banggai Laut,47096.4549,2023
Bangka,332104.4,2023
Bangka Barat,202769.0039,2023
Bangka Selatan,200388.7882,2023
Bangka Tengah,190565.8824,2023
Bangkalan,1070226.976,2023
Bangli,268683.0667,2023
Banjar,593744.3882,2023
Banjarnegara,1053427.706,2023
Bantaeng,188053.0275,2023
Bantul,1017996.639,2023
Banyu Asin,878088.5725,2023
Banyumas,1834212.133,2023
Banyuwangi,1739049.447,2023
Barito Kuala,317904.3804,2023
Barito Selatan,128950.8039,2023
Barito Timur,126033.702,2023
Barito Utara,160106.5569,2023
Barru,172322.6784,2023
Batang,825595.7294,2023
Batang Hari,301435.3725,2023
Batu Bara,423415.6902,2023
Bekasi,3249345.176,2023
Belitung,175562.8549,2023
Belitung Timur,124687.5059,2023
Belu,222433.5255,2023
Bener Meriah,172906.9098,2023
Bengkalis,559899.8157,2023
Bengkayang,287363.3765,2023
Bengkulu Selatan,157009.8706,2023
Bengkulu Tengah,123158.2314,2023
Bengkulu Utara,304210.9137,2023
Berau,249359.9333,2023
Biak Numfor,117000.6784,2023
Bima,487263.949,2023
Bintan,127374.8706,2023
Bireuen,454658.3843,2023
Blitar,1266463.157,2023
Blora,935501.5725,2023
Boalemo,141939.6627,2023
Bogor,5603838.247,2023
Bojonegoro,1352720.502,2023
Bolaang Mongondow,241387.0353,2023
Bolaang Mongondow Selatan,62455.29412,2023
Bolaang Mongondow Timur,86185.28627,2023
Bolaang Mongondow Utara,71091.32941,2023
Bombana,139825.2235,2023
Bondowoso,798845.1176,2023
Bone,814244.298,2023
Bone Bolango,165675.3569,2023
Boyolali,1076331.153,2023
Brebes,2041637.996,2023
Buleleng,787591.0118,2023
Bulukumba,430773.1333,2023
Bulungan,145643.4392,2023
Bungo,373488.9922,2023
Buol,126862.2627,2023
Buru,120244.6118,2023
Buru Selatan,50555.08627,2023
Buton,78898.60392,2023
Buton Selatan,36503.05098,2023
Buton Tengah,71168.34902,2023
Buton Utara,54713.48235,2023
Ciamis,1265168.82,2023
Cianjur,2534212.271,2023
Cilacap,1986401.949,2023
Cirebon,2394196,2023
Dairi,317081.0588,2023
Danau,22196.91765,2023
Danau Toba,39468.83137,2023
Deli Serdang,2032570.071,2023
Demak,1234309.62,2023
Dharmasraya,244155.7333,2023
Dompu,235409.5137,2023
Donggala,260450.2902,2023
Empat Lawang,335416.5765,2023
Ende,257281.5647,2023
Enrekang,233223.8078,2023
Fakfak,71381.15294,2023
Flores Timur,252257.1569,2023
Garut,2687515.235,2023
Gayo Lues,103039.5686,2023
Gianyar,530389.1725,2023
Gorontalo,401665.4353,2023
Gorontalo Utara,117123.9294,2023
Gowa,791007.851,2023
Gresik,1323125.859,2023
Grobogan,1516563.184,2023
Gunung Kidul,775934.6196,2023
Gunung Mas,140019.8,2023
Halmahera Barat,126279.4667,2023
Halmahera Selatan,134478.6667,2023
Halmahera Tengah,42055.12157,2023
Halmahera Timur,62788.11765,2023
Halmahera Utara,161355.4118,2023
Hulu Sungai Selatan,235788.1882,2023
Hulu Sungai Tengah,267366.2549,2023
Hulu Sungai Utara,233081.702,2023
Humbang Hasundutan,208203.5373,2023
Hutan,1275.6,2023
Indragiri Hilir,651621.3725,2023
Indragiri Hulu,459784.251,2023
Indramayu,1873309.533,2023
Jember,2626024.98,2023
Jembrana,316519.7608,2023
Jeneponto,403346.5451,2023
Jepara,1204776.808,2023
Jombang,1382193.235,2023
Kaimana,27955.93333,2023
Kampar,822108.1765,2023
Kapuas,425753.2706,2023
Kapuas Hulu,261165.2863,2023
Karang Asem,494254.7922,2023
Karanganyar,974910.1373,2023
Karawang,2405697.475,2023
Karimun,209553.2235,2023
Karo,424074.7961,2023
Katingan,161793.7843,2023
Kaur,123273.9059,2023
Kayong Utara,123487.302,2023
Kebumen,1394868.91,2023
Kediri,1678009.961,2023
Kendal,1050295.965,2023
Kepahiang,162641.851,2023
Kepulauan Anambas,22995.56863,2023
Kepulauan Aru,41965.33725,2023
Kepulauan Yapen,78214.25098,2023
Kota Jayapura,326704.0118,2023
Lanny Jaya,203295,2023
Mamberamo Raya,36588.69804,2023
Mamberamo Tengah,52110.01961,2023
Mappi,114187.4392,2023
Merauke,216575.4275,2023
Nduga,110081.5961,2023
Paniai,224414.2157,2023
Pegunungan Bintang,80596.71373,2023
Puncak,118639.1176,2023
Puncak Jaya,231981.102,2023
Sarmi,35750.90588,2023
Supiori,14110.89412,2023
Tolikara,245185.9059,2023
Waropen,30579.92157,2023
Yahukimo,362275.9059,2023
Yalimo,105667.3059,2023
Asmat,112999.8235,2023
Boven Digoel,78907.2902,2023
Deiyai,57936.91373,2023
Dogiyai,121514.6353,2023
Intan Jaya,135792.0941,2023
Jayapura,171086.4471,2023
Jayawijaya,279337.2902,2023
Keerom,61659.14118,2023
