id,district,categorical_count_2022,mosaic_cropland_2022,rainfed_cropland_2022,sparse_vegetation_2022,categorical_urban_2022,irrigated_cropland_2022,count_2022,categorical_count_2021,mosaic_cropland_2021,rainfed_cropland_2021,sparse_vegetation_2021,categorical_urban_2021,water_bodies_2021,forest_2021,irrigated_cropland_2021,count_2021,categorical_count_2020,mosaic_cropland_2020,rainfed_cropland_2020,sparse_vegetation_2020,categorical_urban_2020,irrigated_cropland_2020,count_2020,categorical_count_2019,mosaic_cropland_2019,rainfed_cropland_2019,sparse_vegetation_2019,categorical_urban_2019,irrigated_cropland_2019,count_2019,categorical_count_2018,mosaic_cropland_2018,rainfed_cropland_2018,sparse_vegetation_2018,categorical_urban_2018,irrigated_cropland_2018,count_2018,categorical_count_2017,mosaic_cropland_2017,rainfed_cropland_2017,sparse_vegetation_2017,categorical_urban_2017,irrigated_cropland_2017,count_2017,categorical_count_2016,mosaic_cropland_2016,rainfed_cropland_2016,sparse_vegetation_2016,categorical_urban_2016,irrigated_cropland_2016,count_2016,categorical_count_2015,mosaic_cropland_2015,rainfed_cropland_2015,sparse_vegetation_2015,categorical_urban_2015,irrigated_cropland_2015,count_2015,categorical_count_2014,mosaic_cropland_2014,rainfed_cropland_2014,sparse_vegetation_2014,categorical_urban_2014,irrigated_cropland_2014,count_2014,categorical_count_2013,mosaic_cropland_2013,rainfed_cropland_2013,sparse_vegetation_2013,categorical_urban_2013,irrigated_cropland_2013,count_2013,categorical_count_2012,mosaic_cropland_2012,rainfed_cropland_2012,sparse_vegetation_2012,categorical_urban_2012,irrigated_cropland_2012,count_2012,categorical_count_2011,mosaic_cropland_2011,rainfed_cropland_2011,sparse_vegetation_2011,categorical_urban_2011,irrigated_cropland_2011,count_2011,categorical_count_2010,mosaic_cropland_2010,rainfed_cropland_2010,sparse_vegetation_2010,categorical_urban_2010,irrigated_cropland_2010,count_2010
0,Aceh Barat,29679,10841,1258,150,77,5,29729.24023,29679,10840,1256,149,77,78,17274,5,29729.24023,29679,10840,1255,149,77,5,29729.24223,29679,10836,1257,149,75,5,29729.24223,29679,10804,1255,149,75,5,29729.24223,29679,10801,1249,149,75,5,29729.24223,29679,10715,1243,136,75,5,29729.24223,29679,10724,1235,123,75,5,29729.24223,29679,10724,1240,123,70,5,29729.24223,29679,10448,1193,123,56,9,29729.24223,29679,10231,1161,117,55,10,29729.24223,29679,10017,1118,56,51,12,29729.24223,29679,10042,1098,28,46,15,29729.24223
1,Aceh Barat Daya,19956,1162,3165,2,61,3,20020.25,19956,1160,3156,2,60,87,15487,3,20020.25,19956,1160,3159,2,54,3,20020.25,19956,1134,3162,2,52,4,20020.25,19956,1116,3147,2,52,4,20020.25,19956,1114,3139,2,52,4,20020.25,19956,1113,3105,2,52,4,20020.25,19956,1112,3065,2,52,4,20020.25,19956,1112,3065,2,52,4,20020.25,19956,1129,3043,2,51,4,20020.25,19956,1109,2903,2,42,5,20020.25,19956,1074,2759,2,41,5,20020.25,19956,1099,2719,2,40,5,20020.25
2,Aceh Besar,30610,9396,4819,260,711,39,30741.19922,30610,9546,4820,260,709,343,14893,39,30741.19922,30610,9603,4824,260,705,39,30741.20093,30610,9565,4856,260,664,42,30741.20093,30610,9442,4853,260,664,42,30741.20093,30610,9383,4853,260,664,42,30741.20093,30610,9364,4853,260,663,42,30741.20093,30610,9312,4854,260,660,42,30741.20093,30610,9313,4880,260,632,42,30741.20093,30610,9288,4927,260,574,43,30741.20093,30610,9242,4996,260,494,44,30741.20093,30610,9160,5008,260,463,47,30741.20093,30610,9164,5020,260,447,47,30741.20093
3,Aceh Jaya,40986,6087,316,69,20,9,41051.38281,40986,5949,300,69,20,169,34470,9,41051.38281,40986,5500,295,69,20,9,41051.37793,40986,5448,295,69,20,9,41051.37793,40986,5408,293,68,20,9,41051.37793,40986,5358,288,65,20,9,41051.37793,40986,5292,284,61,20,9,41051.37793,40986,5215,280,51,20,9,41051.37793,40986,5215,281,51,18,10,41051.37793,40986,5021,259,29,15,10,41051.37793,40986,4744,252,2,13,11,41051.37793,40986,4615,251,2,12,11,41051.37793,40986,4912,279,2,9,11,41051.37793
4,Aceh Selatan,44474,5338,537,1,26,5,44560.22266,44474,5304,538,1,25,351,38250,5,44560.22266,44474,5083,525,1,24,5,44560.22191,44474,5032,523,1,24,5,44560.22191,44474,4891,525,1,24,5,44560.22191,44474,4801,512,1,24,4,44560.22191,44474,4583,502,1,24,4,44560.22191,44474,4478,495,0,24,3,44560.22191,44474,4479,495,0,22,3,44560.22191,44474,4409,497,0,18,3,44560.22191,44474,4376,496,0,16,3,44560.22191,44474,4253,497,0,14,3,44560.22191,44474,4151,498,0,12,3,44560.22191
5,Aceh Singkil,19879,8717,533,29,70,69,19998.10938,19879,8730,525,29,70,482,9947,69,19998.10938,19879,8681,509,29,70,69,19998.10986,19879,8676,507,29,70,67,19998.10986,19879,8661,504,27,70,59,19998.10986,19879,8536,499,27,70,39,19998.10986,19879,8476,498,24,70,30,19998.10986,19879,8484,497,20,70,29,19998.10986,19879,8484,497,20,70,29,19998.10986,19879,8710,498,20,67,29,19998.10986,19879,8684,496,20,66,29,19998.10986,19879,8554,490,19,66,29,19998.10986,19879,8337,475,7,65,26,19998.10986
6,Aceh Tamiang,22638,11340,1488,0,35,19,22681.87109,22638,11464,1487,0,35,286,9347,19,22681.87109,22638,11511,1485,0,34,19,22681.87109,22638,11506,1483,0,34,19,22681.87109,22638,11465,1483,0,34,19,22681.87109,22638,11454,1482,0,34,19,22681.87109,22638,11444,1478,0,34,19,22681.87109,22638,11414,1478,0,34,19,22681.87109,22638,11414,1484,0,28,19,22681.87109,22638,11533,1473,0,16,19,22681.87109,22638,11477,1411,0,12,19,22681.87109,22638,11484,1411,0,12,19,22681.87109,22638,11486,1411,0,12,19,22681.87109
7,Aceh Tengah,49712,4322,6646,465,63,6,49783.35156,49712,4318,6647,464,59,631,37587,6,49783.35156,49712,4516,6646,463,55,6,49783.34998,49712,4367,6627,463,53,7,49783.34998,49712,3997,6390,459,53,7,49783.34998,49712,3753,5870,454,53,7,49783.34998,49712,3714,5760,454,53,7,49783.34998,49712,3678,5717,452,53,7,49783.34998,49712,3679,5718,452,51,7,49783.34998,49712,3673,5604,445,47,7,49783.34998,49712,3668,5596,445,44,7,49783.34998,49712,3706,5597,445,43,7,49783.34998,49712,3717,5611,445,41,7,49783.34998
8,Aceh Tenggara,43748,3909,1615,4,17,4,43812.72656,43748,4001,1618,4,13,0,38108,4,43812.72656,43748,4012,1617,4,13,4,43812.73096,43748,4016,1617,4,13,4,43812.73096,43748,3976,1617,4,13,4,43812.73096,43748,3959,1617,4,13,4,43812.73096,43748,3853,1616,4,13,4,43812.73096,43748,3853,1616,4,13,4,43812.73096,43748,3853,1616,4,13,4,43812.73096,43748,3757,1605,4,12,4,43812.73096,43748,3759,1601,4,10,4,43812.73096,43748,3744,1592,2,9,4,43812.73096,43748,3714,1592,2,9,4,43812.73096
9,Aceh Timur,57450,18630,5260,4,62,46,57579.34766,57450,18619,5267,4,60,1052,32402,46,57579.34766,57450,18618,5326,4,60,46,57579.35132,57450,18577,5325,4,59,46,57579.35132,57450,18475,5319,4,59,46,57579.35132,57450,18410,5315,4,59,46,57579.35132,57450,18383,5316,4,58,46,57579.35132,57450,18294,5317,4,56,46,57579.35132,57450,18294,5322,4,51,46,57579.35132,57450,18298,5248,4,43,36,57579.35132,57450,18088,5223,4,36,36,57579.35132,57450,18062,5223,4,34,36,57579.35132,57450,18026,5201,4,34,36,57579.35132
10,Aceh Utara,28652,15636,4674,17,168,56,28728.39258,28652,15645,4678,17,164,859,7233,56,28728.39258,28652,15611,4741,17,163,57,28728.39063,28652,15590,4739,17,162,57,28728.39063,28652,15493,4698,15,162,57,28728.39063,28652,15378,4561,9,162,57,28728.39063,28652,15332,4471,1,162,57,28728.39063,28652,15269,4399,1,162,57,28728.39063,28652,15269,4408,1,153,57,28728.39063,28652,15180,4323,1,127,57,28728.39063,28652,15154,4307,1,92,57,28728.39063,28652,15109,4302,1,86,57,28728.39063,28652,15110,4307,1,80,57,28728.39063
11,Agam,23545,7778,1417,27,619,5,23622.5918,23545,7765,1415,27,618,1049,12666,5,23622.5918,23545,7775,1414,27,614,5,23622.5918,23545,7684,1426,26,588,5,23622.5918,23545,7669,1422,26,588,5,23622.5918,23545,7517,1412,22,588,5,23622.5918,23545,7439,1398,22,587,5,23622.5918,23545,7540,1400,22,587,5,23622.5918,23545,7545,1420,22,561,5,23622.5918,23545,7727,1485,22,496,5,23622.5918,23545,7745,1535,22,436,5,23622.5918,23545,7692,1549,22,423,5,23622.5918,23545,7632,1553,10,417,2,23622.5918
12,Alor,31330,10987,3392,2545,102,40,31440.38086,31330,10961,3379,2545,102,599,13699,40,31440.38086,31330,11021,3373,2544,102,40,31440.37964,31330,11026,3378,2549,70,43,31440.37964,31330,10944,3368,2549,62,44,31440.37964,31330,10916,3366,2549,62,44,31440.37964,31330,10873,3362,2549,62,44,31440.37964,31330,10723,3330,2537,61,43,31440.37964,31330,10723,3330,2537,61,43,31440.37964,31330,10669,3303,2536,61,43,31440.37964,31330,10694,3304,2536,61,43,31440.37964,31330,10658,3299,2536,60,43,31440.37964,31330,10638,3295,2536,60,43,31440.37964
13,Asahan,39866,22422,2831,0,248,0,39938.37891,39866,22554,2865,0,233,208,14006,0,39938.37891,39866,22948,2880,0,228,0,39938.37894,39866,22916,2876,0,228,0,39938.37894,39866,23551,2921,0,228,0,39938.37894,39866,23728,2917,0,228,0,39938.37894,39866,23733,2917,0,228,0,39938.37894,39866,23715,2914,0,228,0,39938.37894,39866,23719,2945,0,191,0,39938.37894,39866,24463,2986,0,156,0,39938.37894,39866,25018,2998,0,145,0,39938.37894,39866,25049,2999,0,139,0,39938.37894,39866,25046,3001,0,136,0,39938.37894
14,Asmat,264612,9027,1142,1,7,65,264785.6797,264612,8865,1137,1,7,8619,245918,65,264785.6797,264612,8543,1125,0,7,59,264785.6653,264612,7272,1040,0,7,46,264785.6653,264612,7068,998,0,7,46,264785.6653,264612,6966,985,0,7,46,264785.6653,264612,6956,987,0,7,46,264785.6653,264612,6955,980,0,7,41,264785.6653,264612,6955,980,0,7,41,264785.6653,264612,7079,972,0,7,42,264785.6653,264612,7208,976,0,7,42,264785.6653,264612,7249,959,0,7,42,264785.6653,264612,7258,956,0,7,42,264785.6653
15,Badung,4204,790,1831,71,575,6,4256.759766,4204,831,1927,71,412,106,851,6,4256.759766,4204,836,1949,72,384,6,4256.759766,4204,845,2000,72,316,13,4256.759766,4204,845,2011,72,315,13,4256.759766,4204,845,2011,72,315,13,4256.759766,4204,845,2011,72,315,13,4256.759766,4204,849,2035,72,314,13,4256.759766,4204,852,2043,73,302,13,4256.759766,4204,858,2099,77,220,13,4256.759766,4204,863,2131,79,172,15,4256.759766,4204,863,2138,83,158,15,4256.759766,4204,861,2133,86,145,19,4256.759766
16,Balangan,20051,8411,445,39,467,2,20093.7207,20051,8368,439,39,465,4,10734,2,20093.7207,20051,8361,430,39,464,2,20093.7207,20051,8390,431,39,442,2,20093.7207,20051,8384,433,39,417,2,20093.7207,20051,8386,435,39,375,2,20093.7207,20051,8364,442,39,327,2,20093.7207,20051,8269,515,26,214,2,20093.7207,20051,8269,515,26,214,2,20093.7207,20051,8273,516,26,198,2,20093.7207,20051,8285,519,26,153,2,20093.7207,20051,8290,523,26,137,2,20093.7207,20051,8290,527,26,133,2,20093.7207
17,Bandung,18598,6261,1528,261,2685,1,18680.62109,18598,6343,1552,271,2548,602,7278,1,18680.62109,18598,6358,1557,275,2518,1,18680.62109,18598,6537,1785,315,2027,8,18680.62109,18598,6516,1788,314,2011,8,18680.62109,18598,6520,1783,314,2011,8,18680.62109,18598,6524,1783,314,2008,8,18680.62109,18598,6594,1795,314,2006,8,18680.62109,18598,6610,1807,317,1974,8,18680.62109,18598,6802,1821,325,1926,8,18680.62109,18598,6822,1830,334,1883,8,18680.62109,18598,6841,1840,338,1843,8,18680.62109,18598,6878,1852,344,1809,6,18680.62109
18,Bandung Barat,13539,4637,1348,175,887,9,13607.71094,13539,4674,1375,186,800,563,5932,9,13607.71094,13539,4628,1393,192,764,9,13607.71094,13539,4691,1450,210,623,9,13607.71094,13539,4663,1450,211,620,9,13607.71094,13539,4654,1449,211,619,9,13607.71094,13539,4661,1448,211,619,9,13607.71094,13539,4689,1451,211,619,9,13607.71094,13539,4694,1455,211,608,9,13607.71094,13539,4807,1461,213,575,9,13607.71094,13539,4838,1476,218,521,9,13607.71094,13539,4847,1484,221,492,9,13607.71094,13539,4907,1487,224,480,9,13607.71094
19,Banggai,87623,19748,3814,48,606,45,87775.22656,87623,19701,3822,48,587,882,62538,45,87775.22656,87623,19503,3819,48,580,45,87775.23096,87623,19292,3800,47,579,45,87775.23096,87623,18869,3765,40,577,45,87775.23096,87623,18825,3739,40,577,45,87775.23096,87623,18626,3698,40,576,43,87775.23096,87623,18250,3079,27,576,33,87775.23096,87623,18252,3079,27,573,33,87775.23096,87623,18094,3048,27,568,32,87775.23096,87623,18051,3038,27,560,30,87775.23096,87623,17882,3035,27,559,30,87775.23096,87623,17655,3035,27,557,30,87775.23096
20,Banggai Kepulauan,24910,12944,105,0,46,0,25038.24219,24910,12919,105,0,45,267,11574,0,25038.24219,24910,12863,105,0,45,0,25038.23926,24910,12731,94,0,45,0,25038.23926,24910,12785,93,0,45,0,25038.23926,24910,12804,93,0,45,0,25038.23926,24910,12876,93,0,45,0,25038.23926,24910,12855,93,0,45,0,25038.23926,24910,12856,93,0,44,0,25038.23926,24910,13600,91,0,39,0,25038.23926,24910,13638,91,0,37,0,25038.23926,24910,13623,91,0,37,0,25038.23926,24910,13610,91,0,37,0,25038.23926
21,Banggai Laut,7188,3316,31,2,44,0,7366.311035,7188,3309,31,2,43,563,3240,0,7366.311035,7188,3291,31,2,42,0,7366.309555,7188,3281,31,2,42,0,7366.309555,7188,3281,31,2,42,0,7366.309555,7188,3278,31,2,42,0,7366.309555,7188,3278,31,2,42,0,7366.309555,7188,3276,31,2,42,0,7366.309555,7188,3276,32,2,40,0,7366.309555,7188,3264,32,2,40,0,7366.309555,7188,3265,32,2,40,0,7366.309555,7188,3263,32,2,39,0,7366.309555,7188,3251,32,2,39,0,7366.309555
22,Bangka,31794,20378,6038,39,64,44,31856.64258,31794,20479,6054,39,58,244,4876,44,31856.64258,31794,20535,6031,39,50,38,31856.64014,31794,20458,6031,39,46,33,31856.64014,31794,20408,6015,39,46,27,31856.64014,31794,20307,6014,39,43,27,31856.64014,31794,20305,6015,39,43,27,31856.64014,31794,20205,6002,38,40,27,31856.64014,31794,20205,6003,38,39,27,31856.64014,31794,19854,5945,36,27,26,31856.64014,31794,19713,5835,36,12,26,31856.64014,31794,19615,5774,36,11,21,31856.64014,31794,19404,5710,36,11,19,31856.64014
23,Bangka Barat,30398,17704,4530,34,14,21,30488.33984,30398,17718,4531,34,14,251,7829,21,30488.33984,30398,17791,4570,34,13,20,30488.33942,30398,17686,4561,32,13,20,30488.33942,30398,17635,4513,31,13,20,30488.33942,30398,17566,4493,31,13,20,30488.33942,30398,17556,4481,31,13,20,30488.33942,30398,17494,4491,28,11,20,30488.33942,30398,17494,4491,28,11,20,30488.33942,30398,16776,4354,19,11,15,30488.33942,30398,16501,4267,19,11,15,30488.33942,30398,16167,4161,19,11,14,30488.33942,30398,15949,4086,19,11,14,30488.33942
24,Bangka Selatan,39052,26714,3562,103,38,8,39186.58203,39052,26701,3562,103,34,177,8466,9,39186.58203,39052,26574,3559,103,34,9,39186.58074,39052,26402,3525,90,34,9,39186.58074,39052,26401,3522,82,34,9,39186.58074,39052,26360,3533,77,34,8,39186.58074,39052,26366,3572,62,34,8,39186.58074,39052,26159,3592,42,34,8,39186.58074,39052,26159,3595,42,31,8,39186.58074,39052,25419,3524,25,26,8,39186.58074,39052,25346,3510,25,18,8,39186.58074,39052,25171,3478,25,18,7,39186.58074,39052,24866,3452,25,18,7,39186.58074
25,Bangka Tengah,22398,14689,4100,64,30,9,22486.77148,22398,14719,4106,64,23,293,3184,9,22486.77148,22398,14813,4199,64,17,9,22486.77051,22398,14754,4185,59,16,9,22486.77051,22398,14762,4189,50,13,9,22486.77051,22398,14726,4194,50,13,9,22486.77051,22398,14727,4202,50,13,9,22486.77051,22398,14705,4212,48,10,7,22486.77051,22398,14705,4214,48,8,7,22486.77051,22398,14423,4149,40,8,6,22486.77051,22398,14401,4146,40,8,6,22486.77051,22398,14266,4095,40,8,6,22486.77051,22398,14146,4075,40,8,6,22486.77051
26,Bangkalan,13829,1566,10431,1039,123,27,13866.52051,13829,1567,10466,1039,85,332,313,27,13866.52051,13829,1570,10472,1039,80,27,13866.52051,13829,1570,10473,1039,78,26,13866.52051,13829,1570,10474,1039,77,26,13866.52051,13829,1570,10474,1039,77,26,13866.52051,13829,1570,10474,1039,77,26,13866.52051,13829,1570,10476,1040,73,25,13866.52051,13829,1570,10477,1040,72,25,13866.52051,13829,1570,10496,1041,52,25,13866.52051,13829,1570,10501,1042,45,25,13866.52051,13829,1570,10502,1042,44,25,13866.52051,13829,1570,10504,1042,41,24,13866.52051
27,Bangli,5564,698,1552,76,42,0,5600.450195,5564,706,1550,76,39,181,3010,0,5600.450195,5564,707,1550,76,38,0,5600.450195,5564,712,1552,80,23,0,5600.450195,5564,713,1551,80,23,0,5600.450195,5564,713,1558,80,23,0,5600.450195,5564,713,1558,80,23,0,5600.450195,5564,727,1583,80,23,0,5600.450195,5564,727,1583,85,18,0,5600.450195,5564,729,1584,85,17,0,5600.450195,5564,729,1585,85,15,0,5600.450195,5564,727,1574,85,14,0,5600.450195,5564,727,1574,86,12,0,5600.450195
28,Banjar,49836,21661,8272,1677,192,29,49935.98828,49836,21519,8272,1679,164,809,17364,29,49935.98828,49836,21568,8278,1679,158,29,49935.98877,49836,21576,8282,1679,145,29,49935.98877,49836,21485,8280,1674,145,29,49935.98877,49836,21495,8280,1674,145,29,49935.98877,49836,21430,8284,1674,144,29,49935.98877,49836,21448,8288,1663,143,29,49935.98877,49836,21449,8298,1663,132,29,49935.98877,49836,21658,8317,1647,113,30,49935.98877,49836,21646,8333,1643,96,30,49935.98877,49836,21662,8200,1618,92,30,49935.98877,49836,21588,8089,1519,90,30,49935.98877
29,Banjarnegara,12208,4082,1455,88,70,2,12250.66992,12208,4075,1454,89,67,167,6354,2,12250.66992,12208,4023,1449,89,67,2,12250.66992,12208,4023,1449,89,67,2,12250.66992,12208,4016,1449,89,67,2,12250.66992,12208,4032,1449,89,67,2,12250.66992,12208,4070,1453,89,67,2,12250.66992,12208,4193,1459,89,67,2,12250.66992,12208,4194,1459,89,66,2,12250.66992,12208,4377,1493,89,63,2,12250.66992,12208,4354,1494,89,60,2,12250.66992,12208,4337,1494,89,59,2,12250.66992,12208,4337,1494,89,59,2,12250.66992
30,Bantaeng,4208,1233,1726,38,582,1,4241.02002,4208,1233,1726,38,582,3,625,1,4241.02002,4208,1233,1727,38,580,2,4241.02002,4208,1233,1730,38,576,3,4241.02002,4208,1221,1728,38,576,3,4241.02002,4208,1218,1725,36,576,3,4241.02002,4208,1218,1725,36,576,3,4241.02002,4208,1217,1725,36,576,3,4241.02002,4208,1218,1730,36,570,3,4241.02002,4208,1226,1751,36,562,3,4241.02002,4208,1226,1761,36,552,3,4241.02002,4208,1226,1768,36,545,3,4241.02002,4208,1226,1776,36,536,3,4241.02002
31,Bantul,5480,1957,2291,50,569,8,5520.22998,5480,1978,2316,61,517,39,560,9,5520.22998,5480,1980,2316,61,515,9,5520.22998,5480,1980,2318,67,506,9,5520.22998,5480,1980,2318,67,506,9,5520.22998,5480,1980,2318,67,506,9,5520.22998,5480,1980,2318,67,506,9,5520.22998,5480,1980,2318,67,506,9,5520.22998,5480,1982,2321,67,500,9,5520.22998,5480,2002,2353,80,435,9,5520.22998,5480,2020,2386,102,360,10,5520.22998,5480,2022,2390,105,351,10,5520.22998,5480,2025,2392,108,341,11,5520.22998
32,Banyu Asin,117018,55575,29389,1272,239,398,117260.6994,117018,55302,29392,1267,190,4766,25704,397,117260.6994,117018,55505,29307,1246,172,399,117260.7046,117018,55437,29236,1246,170,395,117260.7046,117018,55395,29246,1213,170,392,117260.7046,117018,55211,29082,1148,170,372,117260.7046,117018,55080,28903,1091,169,373,117260.7046,117018,54688,28488,974,168,364,117260.7046,117018,54688,28507,974,149,364,117260.7046,117018,54273,28299,973,108,324,117260.7046,117018,54148,28250,970,73,324,117260.7046,117018,53903,28072,957,60,321,117260.7046,117018,53721,27974,946,54,314,117260.7046
33,Banyumas,14757,4733,3661,8,514,12,14802.56934,14757,4824,3663,9,490,172,5587,12,14802.56934,14757,4819,3656,11,484,12,14802.56934,14757,4820,3657,11,480,12,14802.56934,14757,4844,3659,11,480,12,14802.56934,14757,4833,3654,11,480,12,14802.56934,14757,4835,3654,11,480,12,14802.56934,14757,4953,3666,11,480,12,14802.56934,14757,4953,3670,11,476,12,14802.56934,14757,5020,3715,28,398,12,14802.56934,14757,5020,3739,43,355,12,14802.56934,14757,5011,3738,43,355,12,14802.56934,14757,5006,3739,43,354,12,14802.56934
34,Banyuwangi,38339,9056,10397,764,528,12,38427.17969,38339,9073,10443,774,451,396,17190,12,38427.17969,38339,9095,10449,795,439,12,38427.17969,38339,9054,10428,795,430,12,38427.17969,38339,8947,10399,794,430,12,38427.17969,38339,8957,10401,794,430,12,38427.17969,38339,8956,10366,794,430,12,38427.17969,38339,9032,10424,794,430,11,38427.17969,38339,9034,10433,795,418,11,38427.17969,38339,9222,10478,799,401,2,38427.17969,38339,9225,10482,802,390,2,38427.17969,38339,9222,10475,802,389,2,38427.17969,38339,9292,10508,802,385,2,38427.17969
35,Barito Kuala,25073,11344,5257,3115,44,26,25161.66992,25073,11370,5258,3115,33,1229,3991,26,25161.66992,25073,11361,5247,3109,32,26,25161.72949,25073,11266,5228,3084,30,27,25161.72949,25073,11209,5192,2977,30,27,25161.72949,25073,11243,5182,2914,30,27,25161.72949,25073,11242,5181,2885,30,27,25161.72949,25073,11243,5181,2878,30,27,25161.72949,25073,11244,5182,2878,28,27,25161.72949,25073,11029,5043,2570,19,27,25161.72949,25073,10996,5038,2558,17,27,25161.72949,25073,10879,4935,2452,13,27,25161.72949,25073,10682,4834,1786,13,27,25161.72949
36,Barito Selatan,69891,16000,1627,1772,135,5,69981.44531,69891,15935,1613,1756,128,1364,48283,5,69981.44531,69891,15886,1611,1753,125,5,69981.45068,69891,15786,1599,1748,123,4,69981.45068,69891,15547,1584,1743,123,4,69981.45068,69891,15292,1555,1695,123,4,69981.45068,69891,15039,1515,1633,123,4,69981.45068,69891,13918,1329,1219,123,4,69981.45068,69891,13918,1329,1219,122,4,69981.45068,69891,13815,1283,1176,122,4,69981.45068,69891,13879,1292,1177,121,4,69981.45068,69891,13870,1292,1176,121,4,69981.45068,69891,14181,1266,1099,120,4,69981.45068
37,Barito Timur,34688,15092,1188,643,124,1,34746.19141,34688,15367,1185,643,124,56,17205,5,34746.19141,34688,15780,1168,641,124,5,34746.18994,34688,15793,1162,636,121,5,34746.18994,34688,15843,1175,624,115,5,34746.18994,34688,15704,1165,604,114,5,34746.18994,34688,15591,1137,573,103,5,34746.18994,34688,14682,1002,105,94,5,34746.18994,34688,14683,1008,105,85,5,34746.18994,34688,14583,955,89,64,1,34746.18994,34688,14455,944,86,30,1,34746.18994,34688,14331,912,85,28,1,34746.18994,34688,14017,891,81,28,0,34746.18994
38,Barito Utara,104619,26165,1216,8,55,9,104729.4991,104619,26183,1191,8,55,636,76536,9,104729.4991,104619,26359,1153,8,55,9,104729.4789,104619,26294,1148,8,54,9,104729.4789,104619,26249,1142,8,54,9,104729.4789,104619,25222,1061,8,54,9,104729.4789,104619,25157,1058,8,54,9,104729.4789,104619,26552,923,8,54,3,104729.4789,104619,26552,923,8,54,3,104729.4789,104619,26683,921,8,45,4,104729.4789,104619,26758,838,8,17,6,104729.4789,104619,26798,838,8,17,6,104729.4789,104619,26837,838,8,16,6,104729.4789
39,Barru,12552,1180,4888,151,186,26,12606.41992,12552,1229,4986,151,181,264,5715,26,12606.41992,12552,1353,5168,151,179,26,12606.41992,12552,1354,5172,151,171,26,12606.41992,12552,1350,5147,151,171,26,12606.41992,12552,1350,5145,151,171,26,12606.41992,12552,1350,5135,151,171,26,12606.41992,12552,1350,5129,151,171,26,12606.41992,12552,1351,5173,151,124,28,12606.41992,12552,1487,5159,151,99,29,12606.41992,12552,1500,5169,151,94,29,12606.41992,12552,1514,5172,151,91,30,12606.41992,12552,1513,5167,151,90,30,12606.41992
40,Batang,9112,2488,1536,7,335,11,9148.429688,9112,2421,1533,7,324,94,4722,11,9148.429688,9112,2335,1515,7,316,11,9148.429688,9112,2329,1516,7,307,10,9148.429688,9112,2303,1488,7,307,10,9148.429688,9112,2317,1488,7,307,10,9148.429688,9112,2319,1488,7,307,10,9148.429688,9112,2313,1485,7,307,10,9148.429688,9112,2317,1499,7,288,10,9148.429688,9112,2362,1509,7,273,10,9148.429688,9112,2355,1515,7,262,10,9148.429688,9112,2347,1522,7,253,10,9148.429688,9112,2341,1521,7,250,10,9148.429688
41,Batang Hari,57560,44231,1392,4,24,9,57656.69922,57560,44306,1398,4,10,1012,10821,9,57656.69922,57560,44423,1381,4,7,9,57656.70013,57560,44515,1380,4,7,9,57656.70013,57560,44701,1380,4,7,9,57656.70013,57560,44644,1373,4,7,9,57656.70013,57560,44578,1372,4,7,9,57656.70013,57560,43906,1360,4,7,9,57656.70013,57560,43906,1360,4,7,9,57656.70013,57560,44214,1364,4,7,8,57656.70013,57560,44301,1367,4,7,8,57656.70013,57560,44004,1343,2,7,8,57656.70013,57560,43771,1332,2,7,8,57656.70013
42,Batu Bara,9621,6257,1917,0,414,6,9675.640625,9621,6261,1920,0,412,167,855,6,9675.640625,9621,6388,1944,0,412,6,9675.640625,9621,6391,1948,0,391,6,9675.640625,9621,6401,1948,0,389,6,9675.640625,9621,6401,1948,0,389,6,9675.640625,9621,6406,1950,0,382,6,9675.640625,9621,6409,1952,0,377,6,9675.640625,9621,6417,1987,0,331,6,9675.640625,9621,6408,2020,0,283,6,9675.640625,9621,6413,2054,0,238,7,9675.640625,9621,6414,2071,0,217,8,9675.640625,9621,6408,2079,0,207,8,9675.640625
43,Bekasi,13430,335,3100,0,8529,158,13483.51074,13430,345,3154,0,8480,717,575,159,13483.51074,13430,351,3165,0,8463,159,13483.51074,13430,379,3363,0,8199,179,13483.51074,13430,383,3377,0,8179,179,13483.51074,13430,385,3383,0,8171,179,13483.51074,13430,386,3391,0,8160,180,13483.51074,13430,387,3409,0,8145,181,13483.51074,13430,387,3483,0,8069,183,13483.51074,13430,389,3555,0,7990,183,13483.51074,13430,392,3641,0,7896,186,13483.51074,13430,400,3708,1,7815,190,13483.51074,13430,406,3764,1,7753,190,13483.51074
44,Belitung,24377,12596,3396,97,62,7,24525.4707,24377,12615,3399,97,58,308,7893,7,24525.4707,24377,12640,3401,94,53,7,24525.46954,24377,12417,3401,93,48,7,24525.46954,24377,12328,3396,93,48,7,24525.46954,24377,12278,3403,93,48,7,24525.46954,24377,12312,3443,93,48,7,24525.46954,24377,12300,3443,93,48,7,24525.46954,24377,12300,3443,93,48,7,24525.46954,24377,11124,3368,87,41,7,24525.46954,24377,11087,3366,87,35,7,24525.46954,24377,10551,3257,86,35,7,24525.46954,24377,10069,3109,72,34,7,24525.46954
45,Belitung Timur,26954,11659,4716,442,4,36,27034.32227,26954,11715,4703,445,4,442,9605,36,27034.32227,26954,11760,4656,456,4,31,27034.3194,26954,11668,4673,445,4,31,27034.3194,26954,11685,4679,401,4,31,27034.3194,26954,11697,4699,401,4,31,27034.3194,26954,11731,4694,401,4,31,27034.3194,26954,11770,4609,389,4,32,27034.3194,26954,11770,4609,389,3,33,27034.3194,26954,11172,4443,349,1,31,27034.3194,26954,11092,4398,349,1,31,27034.3194,26954,10776,4328,345,0,31,27034.3194,26954,10507,4258,335,0,30,27034.3194
46,Belu,11978,5858,5744,0,92,8,12025.44043,11978,5858,5745,0,91,26,250,8,12025.44043,11978,5858,5747,0,89,8,12025.44043,11978,5858,5749,0,87,8,12025.44043,11978,5860,5753,0,81,8,12025.44043,11978,5860,5753,0,81,8,12025.44043,11978,5862,5755,0,77,8,12025.44043,11978,5865,5756,0,73,8,12025.44043,11978,5865,5756,0,73,8,12025.44043,11978,5869,5757,0,68,8,12025.44043,11978,5870,5758,0,66,8,12025.44043,11978,5870,5758,0,66,8,12025.44043,11978,5870,5758,0,66,8,12025.44043
47,Bener Meriah,20408,2628,4500,57,16,0,20457.84961,20408,2638,4492,57,11,0,13210,0,20457.84961,20408,2636,4461,57,11,0,20457.84961,20408,2630,4452,53,11,0,20457.84961,20408,2569,4335,53,11,0,20457.84961,20408,2508,4200,51,11,0,20457.84961,20408,2469,4183,51,11,0,20457.84961,20408,2428,4181,51,11,0,20457.84961,20408,2428,4182,51,10,0,20457.84961,20408,2300,4043,51,10,0,20457.84961,20408,2246,4005,51,10,0,20457.84961,20408,2207,3965,51,10,0,20457.84961,20408,2194,3948,51,10,0,20457.84961
48,Bengkalis,89622,41570,9133,3038,324,2,89781.07031,89622,41640,9069,3042,298,535,35036,2,89781.07031,89622,41599,8823,3028,277,2,89781.07031,89622,41408,8811,3013,277,2,89781.07031,89622,41247,8785,3005,277,2,89781.07031,89622,41109,8538,2713,277,2,89781.07031,89622,40967,8524,2435,277,2,89781.07031,89622,40614,8420,2186,258,2,89781.07031,89622,40614,8433,2186,245,2,89781.07031,89622,38941,8326,1935,200,2,89781.07031,89622,38392,8271,1827,193,2,89781.07031,89622,37721,8201,1731,187,2,89781.07031,89622,36340,8047,1438,186,2,89781.07031
49,Bengkayang,59307,34022,4549,182,302,5,59438.8125,59307,33997,4551,182,300,143,20129,5,59438.8125,59307,33983,4552,182,298,5,59438.81006,59307,33911,4529,184,298,5,59438.81006,59307,33857,4518,184,292,5,59438.81006,59307,33958,4497,185,290,5,59438.81006,59307,33928,4480,185,288,5,59438.81006,59307,33836,4467,173,285,5,59438.81006,59307,33837,4467,173,284,5,59438.81006,59307,33929,4459,167,284,5,59438.81006,59307,33779,4416,156,284,4,59438.81006,59307,33697,4351,135,284,0,59438.81006,59307,33656,4288,134,284,0,59438.81006
50,Bengkulu Selatan,12961,3475,838,0,27,2,12992.57031,12961,3268,822,0,22,42,8805,2,12992.57031,12961,2990,761,0,22,2,12992.57031,12961,3027,757,0,20,2,12992.57031,12961,3009,753,0,20,2,12992.57031,12961,3006,753,0,20,2,12992.57031,12961,2999,753,0,20,2,12992.57031,12961,2970,752,0,20,2,12992.57031,12961,2970,752,0,20,2,12992.57031,12961,3455,773,0,15,2,12992.57031,12961,3505,787,0,4,2,12992.57031,12961,3519,788,0,4,2,12992.57031,12961,3487,788,0,4,2,12992.57031
51,Bengkulu Tengah,11025,5913,102,0,4,2,11054.75977,11025,5924,97,0,4,29,4969,2,11054.75977,11025,5912,97,0,4,2,11054.75977,11025,5951,98,0,3,2,11054.75977,11025,6035,98,0,3,2,11054.75977,11025,6051,98,0,3,2,11054.75977,11025,6011,98,0,3,2,11054.75977,11025,6010,98,0,3,2,11054.75977,11025,6010,98,0,3,2,11054.75977,11025,6387,101,0,3,2,11054.75977,11025,6406,100,0,3,2,11054.75977,11025,6380,100,0,3,2,11054.75977,11025,6333,100,0,3,2,11054.75977
52,Bengkulu Utara,46769,21499,706,0,46,0,46874.22117,46769,21438,696,0,46,281,24308,0,46874.22117,46769,21212,691,0,46,0,46874.22205,46769,21249,680,0,46,0,46874.22205,46769,21209,647,0,46,0,46874.22205,46769,21154,609,0,46,0,46874.22205,46769,21060,591,0,46,0,46874.22205,46769,21013,571,0,46,0,46874.22205,46769,21013,571,0,46,0,46874.22205,46769,21015,598,0,44,0,46874.22205,46769,21069,611,0,39,0,46874.22205,46769,20954,612,0,38,0,46874.22205,46769,20821,614,0,36,0,46874.22205
53,Berau,237359,33446,6809,1052,266,68,237770.4006,237359,33655,6705,1037,241,1144,194180,61,237770.4006,237359,33830,6657,1031,232,60,237770.4097,237359,33603,6542,1030,190,44,237770.4097,237359,33219,6083,888,156,19,237770.4097,237359,32878,5597,737,83,19,237770.4097,237359,32635,5059,641,83,19,237770.4097,237359,30325,4362,540,81,17,237770.4097,237359,30325,4364,540,79,17,237770.4097,237359,29301,3894,469,70,15,237770.4097,237359,28955,3527,443,55,9,237770.4097,237359,27532,3007,395,54,9,237770.4097,237359,26228,2816,351,53,7,237770.4097
54,Biak Numfor,23730,1870,950,6,213,0,23828.61719,23730,1875,958,6,212,298,20381,0,23828.61719,23730,1952,1000,6,212,0,23828.61996,23730,1940,835,6,210,0,23828.61996,23730,1929,761,6,210,0,23828.61996,23730,1903,723,6,210,0,23828.61996,23730,1902,722,6,210,0,23828.61996,23730,1899,717,6,210,0,23828.61996,23730,1899,717,6,210,0,23828.61996,23730,1571,569,6,207,0,23828.61996,23730,1571,569,6,207,0,23828.61996,23730,1563,569,6,206,0,23828.61996,23730,1541,538,6,203,0,23828.61996
55,Bima,44761,5627,16750,6293,426,120,45000.02734,44761,5817,16980,6288,407,603,13380,120,45000.02734,44761,6013,17119,6329,383,120,45000.02771,44761,6013,17113,6329,378,122,45000.02771,44761,5986,17097,6318,377,122,45000.02771,44761,5978,17099,6318,377,122,45000.02771,44761,5978,17060,6362,376,122,45000.02771,44761,5988,17073,6362,376,122,45000.02771,44761,5988,17079,6362,370,122,45000.02771,44761,6611,17139,6358,369,78,45000.02771,44761,6617,17141,6358,367,78,45000.02771,44761,6615,17140,6358,367,78,45000.02771,44761,6646,17142,6356,366,78,45000.02771
56,Bintan,14069,5968,3646,84,49,27,14259.43042,14069,6010,3675,84,46,949,3278,27,14259.43042,14069,6060,3701,84,44,27,14259.43046,14069,6041,3702,84,40,27,14259.43046,14069,6032,3704,84,40,27,14259.43046,14069,6022,3703,84,40,27,14259.43046,14069,6025,3705,84,40,27,14259.43046,14069,6048,3717,84,39,27,14259.43046,14069,6048,3717,84,39,27,14259.43046,14069,5377,3511,84,27,26,14259.43046,14069,5309,3487,81,25,26,14259.43046,14069,5204,3448,77,24,26,14259.43046,14069,5152,3444,77,23,26,14259.43046
57,Bireuen,18931,8035,2270,10,118,14,18977.09961,18931,8128,2281,10,107,400,7991,14,18977.09961,18931,8129,2286,10,101,14,18977.09961,18931,8124,2282,10,95,14,18977.09961,18931,8119,2286,10,95,14,18977.09961,18931,8108,2286,10,95,14,18977.09961,18931,8094,2283,10,95,14,18977.09961,18931,8090,2283,10,95,14,18977.09961,18931,8091,2286,10,90,14,18977.09961,18931,7896,2040,10,77,14,18977.09961,18931,7843,1979,7,60,14,18977.09961,18931,7841,1972,4,46,15,18977.09961,18931,7841,1973,4,42,17,18977.09961
58,Blitar,18643,6074,6430,513,275,0,18713.56055,18643,6059,6449,514,271,65,5285,0,18713.56055,18643,6066,6461,514,271,0,18713.56055,18643,6079,6457,514,269,0,18713.56055,18643,6095,6454,514,269,0,18713.56055,18643,6103,6455,514,269,0,18713.56055,18643,6117,6456,514,269,0,18713.56055,18643,6162,6463,514,269,0,18713.56055,18643,6172,6468,515,253,0,18713.56055,18643,6171,6469,518,243,0,18713.56055,18643,6172,6470,518,239,0,18713.56055,18643,6173,6472,519,234,0,18713.56055,18643,6166,6469,519,230,0,18713.56055
59,Blora,20667,82,19012,1375,76,1,20729.74023,20667,82,19029,1379,55,0,121,1,20729.74023,20667,82,19029,1382,52,1,20729.74023,20667,82,19031,1382,50,1,20729.74023,20667,82,19031,1382,50,1,20729.74023,20667,82,19031,1382,50,1,20729.74023,20667,82,19031,1382,50,1,20729.74023,20667,82,19031,1382,50,1,20729.74023,20667,82,19034,1382,47,1,20729.74023,20667,82,19036,1383,44,1,20729.74023,20667,82,19037,1383,43,1,20729.74023,20667,82,19037,1383,43,1,20729.74023,20667,82,19037,1383,43,1,20729.74023
60,Boalemo,19362,6465,3160,0,5,17,19453.07031,19362,6483,3161,0,4,102,9595,17,19453.07031,19362,6494,3161,0,4,17,19453.07031,19362,6486,3159,0,4,17,19453.07031,19362,6434,3159,0,4,17,19453.07031,19362,6392,3159,0,4,17,19453.07031,19362,6366,3159,0,4,17,19453.07031,19362,6305,3151,0,4,17,19453.07031,19362,6305,3151,0,4,17,19453.07031,19362,6244,3144,0,4,17,19453.07031,19362,6242,3144,0,4,17,19453.07031,19362,6225,3143,0,4,17,19453.07031,19362,6196,3142,0,4,17,19453.07031
61,Bogor,31730,11022,6457,72,6158,24,31817.50977,31730,11141,6546,72,6012,11,7924,24,31817.50977,31730,11187,6591,72,5934,24,31817.50928,31730,11310,6665,73,5813,26,31817.50928,31730,11360,6667,73,5810,26,31817.50928,31730,11365,6671,73,5805,26,31817.50928,31730,11385,6674,73,5800,26,31817.50928,31730,11592,6680,73,5797,26,31817.50928,31730,11630,6753,73,5681,29,31817.50928,31730,11795,6718,73,5525,31,31817.50928,31730,11801,6787,74,5350,35,31817.50928,31730,11875,6903,74,5134,38,31817.50928,31730,11951,6999,75,4965,40,31817.50928
62,Bojonegoro,24541,211,22274,1561,177,74,24626.84961,24541,213,22286,1562,165,33,208,74,24626.84961,24541,213,22287,1562,164,74,24626.84961,24541,213,22302,1562,146,77,24626.84961,24541,213,22302,1562,146,77,24626.84961,24541,213,22302,1564,144,77,24626.84961,24541,213,22302,1564,144,77,24626.84961,24541,213,22302,1564,144,77,24626.84961,24541,213,22312,1565,133,77,24626.84961,24541,213,22329,1565,115,78,24626.84961,24541,213,22334,1565,109,79,24626.84961,24541,213,22339,1565,102,81,24626.84961,24541,213,22344,1565,95,83,24626.84961
63,Bolaang Mongondow,34081,4644,4060,0,126,0,34167.29297,34081,4735,4156,0,123,51,25016,0,34167.29297,34081,4817,4221,0,122,0,34167.29102,34081,4808,4205,0,115,0,34167.29102,34081,4786,4004,0,115,0,34167.29102,34081,4702,3961,0,115,0,34167.29102,34081,4685,3921,0,115,0,34167.29102,34081,4670,3880,0,115,0,34167.29102,34081,4673,3882,0,109,0,34167.29102,34081,4724,3892,0,80,0,34167.29102,34081,4736,3910,0,59,0,34167.29102,34081,4737,3912,0,54,0,34167.29102,34081,4731,3905,0,52,0,34167.29102
64,Bolaang Mongondow Selatan,18934,1704,674,0,10,0,19034.36914,18934,1669,665,0,10,115,16475,0,19034.36914,18934,1609,633,0,10,0,19034.36914,18934,1609,627,0,10,0,19034.36914,18934,1595,623,0,10,0,19034.36914,18934,1542,610,0,10,0,19034.36914,18934,1512,576,0,10,0,19034.36914,18934,1499,563,0,10,0,19034.36914,18934,1499,563,0,10,0,19034.36914,18934,1455,511,0,9,0,19034.36914,18934,1446,508,0,9,0,19034.36914,18934,1436,526,0,9,0,19034.36914,18934,1403,516,0,9,0,19034.36914
65,Bolaang Mongondow Timur,9250,1359,368,0,34,0,9301.540039,9250,1370,367,0,34,86,7393,0,9301.540039,9250,1365,368,0,34,0,9301.540039,9250,1370,374,0,33,0,9301.540039,9250,1355,371,0,33,0,9301.540039,9250,1234,359,0,33,0,9301.540039,9250,1226,354,0,33,0,9301.540039,9250,1168,293,0,33,0,9301.540039,9250,1168,295,0,31,0,9301.540039,9250,1147,262,0,29,0,9301.540039,9250,1147,262,0,28,0,9301.540039,9250,1144,262,0,28,0,9301.540039,9250,1140,257,0,28,0,9301.540039
66,Bolaang Mongondow Utara,17650,869,3028,0,43,0,17694.30078,17650,869,2994,0,43,76,13668,0,17694.30078,17650,869,2947,0,43,0,17694.30078,17650,846,2932,0,43,0,17694.30078,17650,841,2871,0,43,0,17694.30078,17650,840,2837,0,43,0,17694.30078,17650,839,2784,0,43,0,17694.30078,17650,839,2739,0,43,0,17694.30078,17650,841,2741,0,39,0,17694.30078,17650,865,2737,0,21,0,17694.30078,17650,869,2739,0,9,0,17694.30078,17650,869,2739,0,9,0,17694.30078,17650,868,2737,0,9,0,17694.30078
67,Bombana,35228,11578,7622,485,18,61,35345.25781,35228,11588,7620,485,14,384,15076,61,35345.25781,35228,11729,7628,485,9,61,35345.25882,35228,11694,7605,485,9,61,35345.25882,35228,11549,7592,484,9,61,35345.25882,35228,11433,7572,484,9,61,35345.25882,35228,11368,7570,484,9,61,35345.25882,35228,11010,7544,482,9,60,35345.25882,35228,11010,7544,482,9,60,35345.25882,35228,11035,7524,482,9,60,35345.25882,35228,11018,7523,482,9,60,35345.25882,35228,11009,7523,482,9,60,35345.25882,35228,11001,7521,482,9,60,35345.25882
68,Bondowoso,16539,4556,4560,831,94,7,16581.66016,16539,4566,4548,836,88,3,6496,2,16581.66016,16539,4517,4524,843,86,2,16581.66016,16539,4515,4517,845,83,2,16581.66016,16539,4509,4507,845,83,2,16581.66016,16539,4495,4498,845,83,2,16581.66016,16539,4499,4498,845,83,2,16581.66016,16539,4519,4498,845,83,2,16581.66016,16539,4520,4498,845,82,2,16581.66016,16539,4509,4506,846,81,2,16581.66016,16539,4502,4506,846,81,2,16581.66016,16539,4486,4504,846,81,2,16581.66016,16539,4481,4504,846,81,2,16581.66016
69,Bone,48557,11267,28933,95,817,46,48683.19922,48557,11282,28983,95,788,951,6412,46,48683.19922,48557,11262,29017,95,769,46,48683.19672,48557,11278,29025,95,756,46,48683.19672,48557,11363,29132,95,755,45,48683.19672,48557,11416,29141,95,755,45,48683.19672,48557,11419,29147,95,754,45,48683.19672,48557,11429,29153,95,754,44,48683.19672,48557,11429,29198,95,707,44,48683.19672,48557,11700,29291,95,664,45,48683.19672,48557,11858,29348,95,654,45,48683.19672,48557,11948,29368,95,650,45,48683.19672,48557,11950,29366,95,646,45,48683.19672
70,Bone Bolango,20010,2987,882,0,23,0,20061.14844,20010,3039,884,0,21,31,16035,0,20061.14844,20010,3090,886,0,20,0,20061.14844,20010,3075,892,0,20,0,20061.14844,20010,2986,825,0,20,0,20061.14844,20010,2949,825,0,20,0,20061.14844,20010,2893,788,0,20,0,20061.14844,20010,2881,788,0,20,0,20061.14844,20010,2881,791,0,17,0,20061.14844,20010,2874,812,0,11,0,20061.14844,20010,2858,812,0,11,0,20061.14844,20010,2858,814,0,9,0,20061.14844,20010,2856,813,0,9,0,20061.14844
71,Botang,,,,,,,,,,,,,,,,,,,,,,,,,,,,,,,,,,,,,,,,,,,,,,,,,,,,,,,,,,,,,,,,,,,,,,,,,,,,,,,,,,,,,,,,,,,,,
72,Boven Digoel,250359,13242,2351,276,0,185,250529.1289,250359,13015,2338,276,0,2490,232060,180,250529.1289,250359,12824,2318,276,0,173,250529.1016,250359,11759,2275,265,0,173,250529.1016,250359,11210,2263,265,0,173,250529.1016,250359,11092,2116,213,0,173,250529.1016,250359,11008,2089,203,0,133,250529.1016,250359,11046,1502,202,0,21,250529.1016,250359,11046,1502,202,0,21,250529.1016,250359,11045,1313,195,0,17,250529.1016,250359,11111,985,187,0,7,250529.1016,250359,11061,585,180,0,7,250529.1016,250359,11075,570,180,0,7,250529.1016
73,Boyolali,11528,4167,5158,792,218,0,11600.54004,11528,4211,5167,801,194,126,1029,0,11600.54004,11528,4210,5170,801,188,0,11600.54004,11528,4211,5173,803,181,0,11600.54004,11528,4211,5173,803,181,0,11600.54004,11528,4211,5173,803,181,0,11600.54004,11528,4213,5173,803,181,0,11600.54004,11528,4215,5176,803,181,0,11600.54004,11528,4223,5182,807,163,0,11600.54004,11528,4224,5201,816,133,0,11600.54004,11528,4225,5209,819,121,0,11600.54004,11528,4227,5214,820,113,0,11600.54004,11528,4227,5217,822,107,0,11600.54004
74,Brebes,18620,2645,4947,96,5759,106,18678.48828,18620,2669,4963,96,5733,1136,3917,106,18678.48828,18620,2684,4989,98,5698,106,18678.48828,18620,2722,5226,99,5396,125,18678.48828,18620,2692,5239,101,5381,125,18678.48828,18620,2694,5239,101,5381,125,18678.48828,18620,2699,5242,101,5377,126,18678.48828,18620,2752,5245,101,5375,127,18678.48828,18620,2766,5285,101,5318,129,18678.48828,18620,2807,5289,101,5281,128,18678.48828,18620,2806,5335,103,5225,128,18678.48828,18620,2800,5387,103,5160,130,18678.48828,18620,2799,5423,103,5089,130,18678.48828
75,Buleleng,13935,1396,3460,237,189,10,14008.97949,13935,1413,3506,237,144,132,8493,10,14008.97949,13935,1411,3422,239,129,10,14008.97949,13935,1406,3411,239,124,10,14008.97949,13935,1407,3398,239,124,10,14008.97949,13935,1401,3373,239,124,10,14008.97949,13935,1401,3373,239,124,10,14008.97949,13935,1412,3423,239,123,10,14008.97949,13935,1413,3429,239,116,10,14008.97949,13935,1423,3287,239,112,10,14008.97949,13935,1424,3295,239,107,10,14008.97949,13935,1423,3284,239,105,10,14008.97949,13935,1422,3289,239,100,10,14008.97949
76,Bulukumba,12320,6994,3695,122,647,19,12374.50098,12320,7003,3708,122,642,143,683,19,12374.50098,12320,7003,3709,122,641,19,12374.50098,12320,6992,3709,122,640,17,12374.50098,12320,6976,3708,122,640,17,12374.50098,12320,6975,3708,122,640,17,12374.50098,12320,6975,3708,122,640,17,12374.50098,12320,6975,3708,122,640,17,12374.50098,12320,6975,3751,123,594,17,12374.50098,12320,6987,3793,126,546,17,12374.50098,12320,6990,3829,127,506,17,12374.50098,12320,6990,3868,130,464,17,12374.50098,12320,6990,3906,130,426,17,12374.50098
77,Bulungan,133979,18936,4442,436,53,7,134405.8086,133979,18862,4410,435,49,5132,104947,7,134405.8086,133979,18832,4378,428,45,7,134405.8018,133979,18501,4321,410,45,7,134405.8018,133979,18166,4204,327,45,7,134405.8018,133979,17814,3929,268,44,4,134405.8018,133979,17656,3681,246,44,4,134405.8018,133979,17095,2945,149,44,4,134405.8018,133979,17096,2950,149,37,4,134405.8018,133979,16134,2566,94,32,4,134405.8018,133979,15764,2343,33,28,4,134405.8018,133979,15016,2114,12,27,4,134405.8018,133979,14063,1918,9,26,4,134405.8018
78,Bungo,49422,34979,1282,0,122,0,49516.26953,49422,35150,1275,0,117,4,12876,0,49516.26953,49422,35193,1236,0,114,0,49516.271,49422,35231,1236,0,114,0,49516.271,49422,35265,1229,0,114,0,49516.271,49422,35282,1208,0,114,0,49516.271,49422,35273,1208,0,114,0,49516.271,49422,35121,1208,0,114,0,49516.271,49422,35124,1229,0,90,0,49516.271,49422,35069,1248,0,67,0,49516.271,49422,35227,1266,0,49,0,49516.271,49422,35341,1259,0,48,0,49516.271,49422,35182,1254,0,47,0,49516.271
79,Buol,40711,1167,2804,0,50,0,40804.71875,40711,1174,2816,0,47,362,36312,0,40804.71875,40711,1192,2794,0,47,0,40804.72237,40711,1195,2799,0,47,0,40804.72237,40711,1173,2653,0,47,0,40804.72237,40711,1162,2506,0,47,0,40804.72237,40711,1138,2328,0,47,0,40804.72237,40711,1117,1950,0,47,0,40804.72237,40711,1118,1951,0,45,0,40804.72237,40711,1037,1815,0,43,0,40804.72237,40711,1004,1597,0,39,0,40804.72237,40711,980,1516,0,39,0,40804.72237,40711,1003,1572,0,38,0,40804.72237
80,Buru,47015,15578,3235,692,74,87,47101.20313,47015,15596,3250,692,49,298,27049,81,47101.20313,47015,15576,3256,692,43,81,47101.20117,47015,15541,3257,692,42,81,47101.20117,47015,15282,3247,692,42,28,47101.20117,47015,15146,3243,692,42,23,47101.20117,47015,15000,3241,692,42,23,47101.20117,47015,14598,3235,692,42,23,47101.20117,47015,14598,3235,692,42,23,47101.20117,47015,14597,3217,692,42,23,47101.20117,47015,14607,3218,692,41,23,47101.20117,47015,14618,3213,692,39,21,47101.20117,47015,14560,3213,692,39,21,47101.20117
81,Buru Selatan,43686,8536,1428,265,8,30,43767.69531,43686,8553,1430,265,6,181,33211,30,43767.69531,43686,8484,1433,265,3,30,43767.70027,43686,8463,1433,264,3,30,43767.70027,43686,8335,1432,264,3,16,43767.70027,43686,8145,1380,263,3,16,43767.70027,43686,8076,1377,262,3,16,43767.70027,43686,7673,1346,260,3,16,43767.70027,43686,7673,1346,260,3,16,43767.70027,43686,7442,1331,258,3,16,43767.70027,43686,7430,1331,258,3,16,43767.70027,43686,7394,1330,258,3,16,43767.70027,43686,7317,1319,258,3,15,43767.70027
82,Buton,17488,4609,331,4,3,0,17551.56055,17488,4611,331,4,3,81,12458,0,17551.56055,17488,4470,331,4,1,0,17551.56055,17488,4442,331,4,1,0,17551.56055,17488,4334,329,4,1,0,17551.56055,17488,4306,329,4,1,0,17551.56055,17488,4264,329,4,1,0,17551.56055,17488,4276,329,4,1,0,17551.56055,17488,4276,329,4,1,0,17551.56055,17488,4572,323,4,1,0,17551.56055,17488,4568,323,4,1,0,17551.56055,17488,4574,323,4,1,0,17551.56055,17488,4589,323,4,1,0,17551.56055
83,Buton Selatan,5706,2639,1128,153,64,1,5749.290039,5706,2642,1128,153,64,90,1628,1,5749.290039,5706,2642,1128,153,64,1,5749.290039,5706,2607,1127,153,64,1,5749.290039,5706,2577,1126,153,64,1,5749.290039,5706,2571,1126,153,64,1,5749.290039,5706,2568,1126,153,64,1,5749.290039,5706,2571,1126,153,64,1,5749.290039,5706,2572,1127,153,61,1,5749.290039,5706,2560,1124,153,60,0,5749.290039,5706,2562,1124,153,60,0,5749.290039,5706,2562,1124,153,60,0,5749.290039,5706,2562,1124,153,60,0,5749.290039
84,Buton Tengah,8946,4454,2781,104,69,4,9012.490234,8946,4534,2790,104,69,149,1296,4,9012.490234,8946,4564,2802,104,67,4,9012.490234,8946,4564,2802,104,63,4,9012.490234,8946,4549,2792,104,63,4,9012.490234,8946,4538,2792,104,63,4,9012.490234,8946,4538,2792,104,63,4,9012.490234,8946,4501,2792,104,63,4,9012.490234,8946,4501,2792,104,63,4,9012.490234,8946,4431,2787,105,57,4,9012.490234,8946,4432,2787,105,55,4,9012.490234,8946,4428,2778,105,55,4,9012.490234,8946,4428,2779,105,54,4,9012.490234
85,Buton Utara,17567,3372,127,0,13,0,17682.61914,17567,3272,128,0,10,94,14063,0,17682.61914,17567,3062,128,0,9,0,17682.61914,17567,3007,128,0,9,0,17682.61914,17567,2864,126,0,9,0,17682.61914,17567,2774,124,0,9,0,17682.61914,17567,2700,123,0,9,0,17682.61914,17567,2689,123,0,9,0,17682.61914,17567,2689,124,0,8,0,17682.61914,17567,2760,124,0,6,0,17682.61914,17567,2761,124,0,6,0,17682.61914,17567,2751,124,0,6,0,17682.61914,17567,2732,124,0,6,0,17682.61914
86,Ciamis,16901,6445,2255,0,314,13,16980.09961,16901,6475,2260,0,305,10,7838,13,16980.09961,16901,6464,2261,0,302,13,16980.09961,16901,6465,2269,0,294,13,16980.09961,16901,6556,2281,0,294,13,16980.09961,16901,6607,2285,0,294,13,16980.09961,16901,6686,2296,0,294,13,16980.09961,16901,6841,2300,0,294,13,16980.09961,16901,6845,2305,0,285,13,16980.09961,16901,6925,2313,1,268,13,16980.09961,16901,6923,2323,1,254,13,16980.09961,16901,6868,2329,1,245,13,16980.09961,16901,6827,2329,1,243,12,16980.09961
87,Cianjur,38102,17498,5041,66,616,15,38218.73047,38102,17503,5103,66,536,132,14747,15,38218.73047,38102,16830,5128,66,486,15,38218.73071,38102,16802,5156,67,444,15,38218.73071,38102,16739,5122,67,444,15,38218.73071,38102,16774,5121,67,444,15,38218.73071,38102,16862,5110,67,444,15,38218.73071,38102,16977,5110,67,444,15,38218.73071,38102,16978,5127,67,425,15,38218.73071,38102,17516,5172,68,397,15,38218.73071,38102,17485,5192,68,374,15,38218.73071,38102,17484,5202,70,359,15,38218.73071,38102,17483,5206,71,352,15,38218.73071
88,Cilacap,24904,7894,8848,0,898,112,24978.25,24904,7950,8875,0,862,781,6324,112,24978.25,24904,7901,8813,0,838,112,24978.2388,24904,7885,8830,0,808,117,24978.2388,24904,7901,8833,0,807,117,24978.2388,24904,7887,8832,0,806,117,24978.2388,24904,7931,8844,0,801,117,24978.2388,24904,8130,8849,0,799,117,24978.2388,24904,8139,8885,1,747,117,24978.2388,24904,8246,8973,2,611,114,24978.2388,24904,8247,8999,2,575,115,24978.2388,24904,8213,8979,2,566,116,24978.2388,24904,8197,8976,2,561,117,24978.2388
89,Cirebon,11326,1094,3787,32,5128,174,11385.86035,11326,1110,3823,32,5082,606,499,174,11385.86035,11326,1112,3857,35,5043,174,11385.86035,11326,1112,3891,35,5002,179,11385.86035,11326,1111,3902,35,4989,181,11385.86035,11326,1111,3902,35,4988,181,11385.86035,11326,1111,3904,35,4986,181,11385.86035,11326,1111,3905,35,4984,182,11385.86035,11326,1116,3965,37,4909,187,11385.86035,11326,1125,4239,39,4620,189,11385.86035,11326,1131,4451,39,4398,190,11385.86035,11326,1137,4546,41,4293,192,11385.86035,11326,1141,4604,43,4225,196,11385.86035
90,Dairi,21007,10502,1769,126,21,0,21056.57031,21007,10775,1781,126,18,3,8304,0,21056.57031,21007,10794,1781,126,18,0,21056.57031,21007,10803,1781,126,18,0,21056.57031,21007,10820,1780,126,18,0,21056.57031,21007,10824,1781,126,18,0,21056.57031,21007,10787,1783,101,18,0,21056.57031,21007,10788,1783,73,18,0,21056.57031,21007,10789,1786,73,14,0,21056.57031,21007,10977,1800,69,11,0,21056.57031,21007,10957,1801,69,9,0,21056.57031,21007,10957,1802,69,8,0,21056.57031,21007,10968,1803,69,7,0,21056.57031
91,Deiyai,19400,1179,49,49,1,0,19433.80859,19400,1192,49,49,1,371,17738,0,19433.80859,19400,1191,43,49,1,0,19433.80859,19400,1185,42,49,1,0,19433.80859,19400,1157,41,49,1,0,19433.80859,19400,1153,41,49,1,0,19433.80859,19400,1154,41,49,1,0,19433.80859,19400,1174,41,49,1,0,19433.80859,19400,1174,41,49,1,0,19433.80859,19400,1167,33,50,1,0,19433.80859,19400,1167,33,50,1,0,19433.80859,19400,1171,33,50,1,0,19433.80859,19400,1171,33,56,1,0,19433.80859
92,Deli Serdang,27344,11736,6371,0,2352,58,27459.83008,27344,11823,6421,0,2306,102,6633,59,27459.83008,27344,11855,6457,0,2277,59,27459.83057,27344,11881,6471,0,2256,57,27459.83057,27344,12446,6473,0,2254,57,27459.83057,27344,12437,6467,0,2252,57,27459.83057,27344,12429,6470,0,2248,57,27459.83057,27344,12431,6469,0,2244,57,27459.83057,27344,12439,6498,0,2207,57,27459.83057,27344,12728,6488,0,2130,54,27459.83057,27344,12735,6564,0,2045,55,27459.83057,27344,12742,6670,0,1931,55,27459.83057,27344,12744,6728,0,1871,55,27459.83057
93,Demak,10618,290,7242,40,1322,162,10683.03906,10618,295,7410,50,1139,1279,283,162,10683.03906,10618,297,7453,51,1092,162,10683.03906,10618,315,7530,51,996,162,10683.03906,10618,315,7531,52,994,162,10683.03906,10618,315,7534,52,993,162,10683.03906,10618,315,7538,52,990,163,10683.03906,10618,316,7544,52,983,164,10683.03906,10618,318,7601,53,920,165,10683.03906,10618,325,7741,53,773,165,10683.03906,10618,327,7824,55,685,165,10683.03906,10618,330,7849,55,656,166,10683.03906,10618,333,7861,56,638,167,10683.03906
94,Dharmasraya,31768,21706,1353,0,10,4,31862.9082,31768,22224,1338,0,8,25,8169,4,31862.9082,31768,22307,1289,0,7,4,31862.91064,31768,22283,1289,0,7,4,31862.91064,31768,22248,1285,0,7,4,31862.91064,31768,22111,1264,0,7,4,31862.91064,31768,21738,1194,0,7,4,31862.91064,31768,21167,1061,0,7,4,31862.91064,31768,21167,1061,0,7,4,31862.91064,31768,21032,1060,0,3,4,31862.91064,31768,20969,1053,0,2,4,31862.91064,31768,20562,1040,0,2,4,31862.91064,31768,20289,1008,0,2,4,31862.91064
95,Dogiyai,49028,2188,132,72,8,0,49091.62109,49028,2119,112,72,8,31,46420,0,49091.62109,49028,2088,105,71,8,0,49091.62109,49028,2090,98,71,8,0,49091.62109,49028,1999,86,71,8,0,49091.62109,49028,1990,85,71,8,0,49091.62109,49028,2006,85,71,8,0,49091.62109,49028,1995,84,71,8,0,49091.62109,49028,1995,84,71,8,0,49091.62109,49028,2010,84,71,8,0,49091.62109,49028,2019,84,74,8,0,49091.62109,49028,1998,84,74,8,0,49091.62109,49028,1989,84,74,8,0,49091.62109
96,Dompu,24290,3105,8593,2045,78,23,24381.09961,24290,3151,8589,2045,67,222,10149,23,24381.09961,24290,3187,8566,2045,55,15,24381.09863,24290,3187,8566,2045,55,15,24381.09863,24290,3170,8524,2045,54,16,24381.09863,24290,3164,8521,2045,54,16,24381.09863,24290,3158,8465,2045,52,16,24381.09863,24290,3158,8424,2044,52,16,24381.09863,24290,3158,8424,2044,52,16,24381.09863,24290,3269,8425,2044,52,14,24381.09863,24290,3261,8423,2044,52,14,24381.09863,24290,3258,8398,2043,52,14,24381.09863,24290,3269,8391,2043,52,14,24381.09863
97,Donggala,51656,4962,442,0,55,0,51873.83984,51656,4930,440,0,54,458,45774,0,51873.83984,51656,4927,441,0,52,0,51873.83984,51656,4921,437,0,50,0,51873.83984,51656,5123,432,0,50,0,51873.83984,51656,5256,434,0,50,0,51873.83984,51656,5240,434,0,50,0,51873.83984,51656,5011,436,0,48,0,51873.83984,51656,5012,437,0,44,0,51873.83984,51656,5182,439,0,40,0,51873.83984,51656,5178,441,0,37,0,51873.83984,51656,5162,441,0,37,0,51873.83984,51656,5145,440,0,36,0,51873.83984
98,Empat Lawang,25232,11775,523,0,15,0,25277.01953,25232,11727,524,0,11,0,12970,0,25277.01953,25232,11763,525,0,7,0,25277.01953,25232,11763,525,0,7,0,25277.01953,25232,11650,514,0,7,0,25277.01953,25232,11525,511,0,7,0,25277.01953,25232,11316,507,0,7,0,25277.01953,25232,10809,506,0,7,0,25277.01953,25232,10809,507,0,6,0,25277.01953,25232,10985,508,0,5,0,25277.01953,25232,11065,517,0,4,0,25277.01953,25232,11060,518,0,3,0,25277.01953,25232,11034,516,0,3,0,25277.01953
99,Ende,22017,7290,1116,422,76,42,22083,22017,7246,1118,422,74,174,12941,42,22083,22017,7221,1113,426,72,42,22083,22017,7181,1114,426,69,42,22083,22017,7041,1109,426,69,42,22083,22017,7023,1107,426,69,42,22083,22017,7036,1107,426,69,42,22083,22017,7097,1108,426,69,42,22083,22017,7097,1110,426,65,42,22083,22017,7203,1103,426,63,41,22083,22017,7206,1104,426,62,41,22083,22017,7201,1104,426,60,41,22083,22017,7294,1110,426,54,41,22083
100,Enrekang,19247,8911,2520,18,25,0,19294.04883,19247,9127,2531,18,15,14,7537,0,19294.04883,19247,9269,2538,18,7,0,19294.04883,19247,9361,2538,18,7,0,19294.04883,19247,9474,2541,18,7,0,19294.04883,19247,9496,2541,18,7,0,19294.04883,19247,9494,2540,18,7,0,19294.04883,19247,9418,2478,18,7,0,19294.04883,19247,9418,2482,18,3,0,19294.04883,19247,9352,2478,18,3,0,19294.04883,19247,9339,2479,18,2,0,19294.04883,19247,9309,2479,18,2,0,19294.04883,19247,9311,2480,18,2,0,19294.04883
101,Fakfak,115828,4393,1233,3148,38,0,116061.2998,115828,4332,1244,3148,37,1391,105621,0,116061.2998,115828,4381,1239,3148,37,0,116061.2877,115828,4279,1218,3125,35,0,116061.2877,115828,4069,1125,3121,35,0,116061.2877,115828,3996,1073,3116,35,0,116061.2877,115828,3916,971,3097,35,0,116061.2877,115828,3727,941,3088,35,0,116061.2877,115828,3727,942,3088,34,0,116061.2877,115828,3669,937,3069,34,0,116061.2877,115828,3662,936,3069,34,0,116061.2877,115828,3638,936,3069,34,0,116061.2877,115828,3632,936,3069,34,0,116061.2877
102,Flores Timur,18583,6388,945,1030,134,7,18705.26953,18583,6476,943,1031,133,291,9702,7,18705.26953,18583,6596,945,1034,129,7,18705.27014,18583,6584,945,1027,129,7,18705.27014,18583,6495,943,1027,129,7,18705.27014,18583,6431,943,1028,129,7,18705.27014,18583,6425,943,1029,129,7,18705.27014,18583,6414,943,1029,129,7,18705.27014,18583,6414,943,1029,129,7,18705.27014,18583,6702,943,1029,129,7,18705.27014,18583,6702,943,1029,129,7,18705.27014,18583,6689,940,1028,129,7,18705.27014,18583,6687,940,1028,129,7,18705.27014
103,Garut,32792,13128,1838,278,746,6,32867.94922,32792,13053,1843,299,668,51,16867,6,32867.94922,32792,12936,1843,311,645,6,32867.95288,32792,12936,1848,319,623,6,32867.95288,32792,12859,1849,315,621,6,32867.95288,32792,12880,1849,315,621,6,32867.95288,32792,12984,1852,315,621,6,32867.95288,32792,13295,1875,315,621,6,32867.95288,32792,13308,1882,317,599,6,32867.95288,32792,13844,1892,322,561,6,32867.95288,32792,13859,1898,325,538,7,32867.95288,32792,13858,1903,330,519,7,32867.95288,32792,13863,1907,334,501,8,32867.95288
104,Gayo Lues,57517,4574,2100,72,21,19,57606.86719,57517,4630,2100,72,18,0,50638,19,57606.86719,57517,4584,2095,72,18,19,57606.86719,57517,4526,2066,72,17,19,57606.86719,57517,4328,1968,65,17,19,57606.86719,57517,3972,1933,61,17,19,57606.86719,57517,3925,1931,60,17,19,57606.86719,57517,3917,1930,52,17,19,57606.86719,57517,3917,1931,52,16,19,57606.86719,57517,3767,1895,45,16,19,57606.86719,57517,3753,1895,44,13,19,57606.86719,57517,3753,1896,44,12,19,57606.86719,57517,3769,1903,46,11,19,57606.86719
105,Gianyar,3895,826,1669,5,186,0,3914.669922,3895,869,1709,6,91,26,1194,0,3914.669922,3895,872,1716,6,81,0,3914.669922,3895,872,1725,7,71,0,3914.669922,3895,872,1725,7,71,0,3914.669922,3895,872,1725,7,71,0,3914.669922,3895,872,1722,7,71,0,3914.669922,3895,871,1720,4,71,0,3914.669922,3895,872,1724,5,65,0,3914.669922,3895,874,1725,6,49,0,3914.669922,3895,877,1728,8,41,0,3914.669922,3895,879,1727,9,38,0,3914.669922,3895,879,1728,10,36,0,3914.669922
106,Gorontalo,22790,10109,5168,0,105,21,22853.66016,22790,10140,5202,0,66,261,7100,21,22853.66016,22790,10179,5215,0,49,21,22853.66016,22790,10175,5215,0,49,21,22853.66016,22790,10123,5215,0,49,21,22853.66016,22790,10048,5195,0,49,21,22853.66016,22790,10044,5195,0,49,21,22853.66016,22790,10002,5194,0,49,21,22853.66016,22790,10002,5195,0,48,21,22853.66016,22790,9904,5202,0,46,19,22853.66016,22790,9893,5201,0,44,17,22853.66016,22790,9886,5194,0,43,16,22853.66016,22790,9822,5195,0,42,16,22853.66016
107,Gorontalo Utara,17909,5529,1332,0,21,0,18014.45898,17909,5520,1323,0,21,224,10821,0,18014.45898,17909,5496,1289,0,21,0,18014.46008,17909,5508,1292,0,21,0,18014.46008,17909,5488,1256,0,21,0,18014.46008,17909,5469,1228,0,21,0,18014.46008,17909,5451,1193,0,21,0,18014.46008,17909,5353,1185,0,21,0,18014.46008,17909,5353,1185,0,21,0,18014.46008,17909,5168,1177,0,21,0,18014.46008,17909,5168,1177,0,21,0,18014.46008,17909,5112,1162,0,21,0,18014.46008,17909,5092,1153,0,21,0,18014.46008
108,Gowa,19085,2927,9380,56,926,41,19152.52148,19085,2957,9494,56,880,143,5512,41,19152.52148,19085,2964,9524,56,857,41,19152.52148,19085,2965,9525,57,845,42,19152.52148,19085,2957,9492,55,843,41,19152.52148,19085,2948,9480,54,843,41,19152.52148,19085,2949,9482,54,836,42,19152.52148,19085,2940,9472,53,834,42,19152.52148,19085,2947,9477,53,822,42,19152.52148,19085,3064,9591,53,742,45,19152.52148,19085,3079,9671,53,659,46,19152.52148,19085,3087,9719,53,598,46,19152.52148,19085,3092,9762,53,543,46,19152.52148
109,Gresik,13282,1096,5903,484,1202,229,13367.59961,13282,1123,6010,500,1074,3086,1263,226,13367.59961,13282,1123,6049,502,1034,226,13367.60022,13282,1120,6101,510,969,225,13367.60022,13282,1149,6132,515,925,226,13367.60022,13282,1142,6138,517,915,226,13367.60022,13282,1143,6155,521,893,226,13367.60022,13282,1143,6160,525,882,223,13367.60022,13282,1143,6185,529,848,224,13367.60022,13282,1088,6322,540,681,228,13367.60022,13282,1091,6453,548,533,229,13367.60022,13282,1092,6490,551,488,229,13367.60022,13282,1091,6506,552,468,229,13367.60022
110,Grobogan,21548,1332,19156,326,392,29,21612.43945,21548,1335,19308,331,232,31,282,29,21612.43945,21548,1335,19321,331,215,29,21612.43945,21548,1335,19323,331,213,29,21612.43945,21548,1335,19323,331,213,29,21612.43945,21548,1335,19323,331,213,29,21612.43945,21548,1335,19323,331,213,29,21612.43945,21548,1335,19323,331,213,29,21612.43945,21548,1336,19327,332,207,29,21612.43945,21548,1340,19343,332,187,29,21612.43945,21548,1341,19350,332,179,29,21612.43945,21548,1341,19350,332,179,29,21612.43945,21548,1341,19352,332,177,29,21612.43945
111,Gunung Kidul,15670,5677,4491,3875,37,0,15723.9707,15670,5636,4475,3885,27,71,1576,0,15723.9707,15670,5598,4476,3928,26,0,15723.9707,15670,5596,4471,3932,22,0,15723.9707,15670,5596,4471,3932,22,0,15723.9707,15670,5596,4471,3932,22,0,15723.9707,15670,5596,4471,3932,22,0,15723.9707,15670,5647,4490,3932,22,0,15723.9707,15670,5647,4490,3933,21,0,15723.9707,15670,5647,4491,3937,16,0,15723.9707,15670,5647,4491,3938,15,0,15723.9707,15670,5647,4491,3939,14,0,15723.9707,15670,5647,4491,3939,14,0,15723.9707
112,Gunung Mas,106392,23986,6808,420,3,13,106477.2734,106392,23870,6749,417,3,57,75282,13,106477.2734,106392,23724,6517,402,2,13,106477.2769,106392,22922,6436,390,2,13,106477.2769,106392,22564,6335,347,2,13,106477.2769,106392,22294,6057,265,2,13,106477.2769,106392,22259,5686,223,2,12,106477.2769,106392,22824,5136,110,2,11,106477.2769,106392,22824,5136,110,2,11,106477.2769,106392,22844,4926,101,2,11,106477.2769,106392,23056,4915,101,2,11,106477.2769,106392,22737,4698,89,2,11,106477.2769,106392,22408,4358,80,2,11,106477.2769
113,Halmahera Barat,22944,944,27,0,36,0,23043.29883,22944,937,27,0,34,181,21765,0,23043.29883,22944,934,26,0,33,0,23043.30078,22944,917,26,0,32,0,23043.30078,22944,925,26,0,30,0,23043.30078,22944,942,26,0,30,0,23043.30078,22944,941,27,0,28,0,23043.30078,22944,895,27,0,27,0,23043.30078,22944,896,27,0,25,0,23043.30078,22944,789,27,0,25,0,23043.30078,22944,789,27,0,25,0,23043.30078,22944,789,27,0,25,0,23043.30078,22944,763,27,0,25,0,23043.30078
114,Halmahera Selatan,85908,2787,897,236,43,0,86449.8472,85908,2757,890,236,35,1465,80525,0,86449.8472,85908,2636,891,236,29,0,86449.83923,85908,2578,891,236,29,0,86449.83923,85908,2407,847,235,29,0,86449.83923,85908,2286,816,235,29,0,86449.83923,85908,2245,796,235,29,0,86449.83923,85908,1945,463,173,29,0,86449.83923,85908,1946,463,173,28,0,86449.83923,85908,1681,299,166,25,0,86449.83923,85908,1687,295,166,24,0,86449.83923,85908,1700,297,166,22,0,86449.83923,85908,1725,297,166,22,0,86449.83923
115,Halmahera Tengah,23835,818,657,425,24,2,24006.79102,23835,801,631,423,18,295,21665,2,24006.79102,23835,800,629,423,18,2,24006.79005,23835,754,610,423,17,2,24006.79005,23835,726,593,422,17,2,24006.79005,23835,709,576,421,17,2,24006.79005,23835,709,573,395,17,2,24006.79005,23835,635,254,152,17,0,24006.79005,23835,635,255,152,16,0,24006.79005,23835,605,215,149,16,0,24006.79005,23835,605,215,149,16,0,24006.79005,23835,605,215,149,16,0,24006.79005,23835,605,215,149,16,0,24006.79005
116,Halmahera Timur,68120,2661,1187,114,12,3,68248.07813,68120,2625,1187,114,12,236,63943,3,68248.07813,68120,2537,1184,114,12,3,68248.07861,68120,2487,1147,114,12,3,68248.07861,68120,2208,1099,114,12,3,68248.07861,68120,2037,1069,113,12,3,68248.07861,68120,2000,1060,113,12,3,68248.07861,68120,1724,708,21,12,3,68248.07861,68120,1725,708,21,11,3,68248.07861,68120,1663,706,21,9,3,68248.07861,68120,1664,706,21,7,3,68248.07861,68120,1667,706,21,7,3,68248.07861,68120,1659,706,21,7,3,68248.07861
117,Halmahera Utara,36619,4879,234,0,148,19,36773.22266,36619,4872,234,0,136,318,31040,19,36773.22266,36619,4850,234,0,128,18,36773.21899,36619,4788,241,0,116,19,36773.21899,36619,4422,238,0,114,19,36773.21899,36619,4362,237,0,114,19,36773.21899,36619,4270,237,0,114,19,36773.21899,36619,3822,237,0,114,19,36773.21899,36619,3822,237,0,114,19,36773.21899,36619,3686,237,0,109,19,36773.21899,36619,3701,237,0,107,19,36773.21899,36619,3681,237,0,102,19,36773.21899,36619,3658,237,0,101,19,36773.21899
118,Hulu Sungai Selatan,17885,8957,4331,1236,72,45,17938.45117,17885,8976,4336,1236,72,141,3072,45,17938.45117,17885,8983,4343,1237,72,45,17938.45117,17885,9029,4343,1237,61,45,17938.45117,17885,9039,4346,1236,52,45,17938.45117,17885,9039,4346,1236,52,45,17938.45117,17885,9025,4346,1236,46,45,17938.45117,17885,8877,4346,1236,46,45,17938.45117,17885,8877,4346,1236,46,45,17938.45117,17885,8876,4345,1229,44,45,17938.45117,17885,8876,4345,1229,43,45,17938.45117,17885,8876,4345,1229,43,45,17938.45117,17885,8862,4335,1207,43,45,17938.45117
119,Hulu Sungai Tengah,17531,6603,2722,24,29,10,17573.40039,17531,6594,2725,24,27,387,7764,10,17573.40039,17531,6730,2815,32,27,10,17573.40039,17531,6741,2815,32,27,10,17573.40039,17531,6730,2813,32,27,10,17573.40039,17531,6710,2803,32,27,8,17573.40039,17531,6709,2803,32,27,8,17573.40039,17531,6555,2803,32,27,8,17573.40039,17531,6556,2803,32,26,8,17573.40039,17531,6531,2806,32,23,8,17573.40039,17531,6512,2806,32,23,8,17573.40039,17531,6512,2806,32,23,8,17573.40039,17531,6512,2807,32,22,8,17573.40039
120,Hulu Sungai Utara,9388,3284,2742,94,57,12,9417.510742,9388,3322,2737,94,57,493,2656,12,9417.510742,9388,3428,2756,94,56,12,9417.510742,9388,3425,2752,94,56,7,9417.510742,9388,3402,2667,94,56,6,9417.510742,9388,3346,2592,94,56,6,9417.510742,9388,3345,2588,94,56,6,9417.510742,9388,3312,2605,93,56,6,9417.510742,9388,3312,2606,93,55,6,9417.510742,9388,3288,2584,84,53,6,9417.510742,9388,3288,2584,83,53,6,9417.510742,9388,3289,2584,80,52,6,9417.510742,9388,3287,2582,70,51,6,9417.510742
121,Humbang Hasundutan,26658,7510,811,911,12,0,26726.40039,26658,7516,805,911,12,16,17395,0,26726.40039,26658,7507,802,911,12,0,26726.40039,26658,7498,802,911,12,0,26726.40039,26658,7450,801,911,12,0,26726.40039,26658,7406,799,894,12,0,26726.40039,26658,7355,792,894,12,0,26726.40039,26658,7269,764,812,12,0,26726.40039,26658,7269,764,812,12,0,26726.40039,26658,7247,752,778,11,0,26726.40039,26658,7206,748,769,10,0,26726.40039,26658,7197,750,769,9,0,26726.40039,26658,7090,748,762,8,0,26726.40039
122,Indragiri Hilir,141479,48632,39229,978,284,22,141691.4868,141479,48516,39005,978,278,2490,50190,22,141691.4868,141479,48433,38718,978,277,22,141691.4614,141479,48373,38464,926,276,19,141691.4614,141479,48365,38311,893,276,19,141691.4614,141479,48281,37913,491,276,19,141691.4614,141479,48209,37791,306,276,19,141691.4614,141479,48034,37620,174,276,18,141691.4614,141479,48035,37621,174,273,19,141691.4614,141479,47963,37175,168,258,11,141691.4614,141479,48108,37196,167,246,11,141691.4614,141479,48157,36952,165,244,11,141691.4614,141479,48278,36922,163,236,11,141691.4614
123,Indragiri Hulu,84254,50760,3510,724,21,0,84359.03906,84254,51114,3514,724,19,235,28648,0,84359.03906,84254,52217,3528,724,19,0,84359.04199,84254,52124,3523,668,19,0,84359.04199,84254,52112,3523,626,19,0,84359.04199,84254,52075,3530,626,19,0,84359.04199,84254,51972,3530,608,18,0,84359.04199,84254,51603,3517,585,18,0,84359.04199,84254,51604,3518,585,16,0,84359.04199,84254,51233,3513,581,15,0,84359.04199,84254,51149,3512,579,12,0,84359.04199,84254,50830,3509,573,12,0,84359.04199,84254,49470,3454,567,10,0,84359.04199
124,Indramayu,22080,481,16263,112,1324,1451,22141.40039,22080,481,16323,112,1259,1139,1311,1455,22141.40039,22080,482,16379,114,1199,1453,22141.40039,22080,482,16390,114,1187,1454,22141.40039,22080,482,16391,114,1186,1454,22141.40039,22080,482,16393,114,1185,1456,22141.40039,22080,482,16394,114,1185,1456,22141.40039,22080,482,16396,114,1181,1462,22141.40039,22080,482,16436,116,1136,1465,22141.40039,22080,482,16607,118,948,1475,22141.40039,22080,482,16712,118,840,1478,22141.40039,22080,482,16730,118,822,1478,22141.40039,22080,482,16735,118,816,1479,22141.40039
125,Intan Jaya,48826,687,4,2,2,0,48953.43359,48826,650,4,2,2,0,48162,0,48953.43359,48826,216,4,2,2,0,48953.43042,48826,216,4,2,2,0,48953.43042,48826,172,4,2,2,0,48953.43042,48826,169,4,2,2,0,48953.43042,48826,163,4,2,2,0,48953.43042,48826,163,4,2,2,0,48953.43042,48826,163,4,2,2,0,48953.43042,48826,163,4,2,2,0,48953.43042,48826,163,4,2,2,0,48953.43042,48826,163,4,2,2,0,48953.43042,48826,163,4,2,2,0,48953.43042
126,Jayapura,151290,5151,2052,190,97,0,151440.5,151290,5112,2067,190,71,1344,142506,0,151440.5,151290,4901,2050,192,62,0,151440.4917,151290,4699,1970,192,56,0,151440.4917,151290,4082,1629,192,50,0,151440.4917,151290,3995,1537,192,50,0,151440.4917,151290,3980,1528,192,50,0,151440.4917,151290,4008,1659,191,50,0,151440.4917,151290,4008,1660,191,49,0,151440.4917,151290,3828,1578,189,49,0,151440.4917,151290,3726,1547,189,49,0,151440.4917,151290,3484,1506,189,49,0,151440.4917,151290,3420,1497,189,49,0,151440.4917
127,Jayawijaya,27838,6132,416,623,0,4,27898.94922,27838,6135,416,622,0,25,19816,4,27898.94922,27838,6132,416,618,0,4,27898.94775,27838,6131,416,618,0,4,27898.94775,27838,6110,416,618,0,4,27898.94775,27838,6107,416,618,0,4,27898.94775,27838,6107,416,618,0,4,27898.94775,27838,6108,416,615,0,4,27898.94775,27838,6108,416,615,0,4,27898.94775,27838,6157,418,615,0,4,27898.94775,27838,6256,418,615,0,4,27898.94775,27838,6287,418,616,0,4,27898.94775,27838,6287,418,616,0,4,27898.94775
128,Jember,35155,10346,9488,77,414,8,35263.35547,35155,10347,9482,84,398,140,14696,8,35263.35547,35155,10354,9486,85,395,8,35263.36133,35155,10336,9477,86,390,9,35263.36133,35155,10326,9406,86,390,9,35263.36133,35155,10321,9393,86,390,9,35263.36133,35155,10321,9393,86,390,9,35263.36133,35155,10385,9445,86,389,9,35263.36133,35155,10394,9458,95,358,9,35263.36133,35155,10464,9508,104,323,10,35263.36133,35155,10456,9509,105,321,10,35263.36133,35155,10436,9502,107,315,11,35263.36133,35155,10417,9500,107,314,11,35263.36133
129,Jembrana,9085,942,1038,5,53,4,9116.990234,9085,946,996,5,46,105,6983,4,9116.990234,9085,941,982,5,45,4,9116.990234,9085,895,976,7,40,4,9116.990234,9085,846,958,7,40,4,9116.990234,9085,852,961,7,40,4,9116.990234,9085,852,961,7,40,4,9116.990234,9085,852,961,7,40,4,9116.990234,9085,852,962,7,39,4,9116.990234,9085,855,924,9,33,1,9116.990234,9085,855,922,10,30,1,9116.990234,9085,855,921,11,28,1,9116.990234,9085,853,922,11,27,1,9116.990234
130,Jeneponto,8432,751,2133,114,4971,45,8473.790039,8432,752,2133,114,4971,105,312,45,8473.790039,8432,771,2139,115,4968,45,8473.790039,8432,772,2144,118,4958,46,8473.790039,8432,772,2144,118,4958,46,8473.790039,8432,772,2144,118,4958,46,8473.790039,8432,773,2145,120,4953,46,8473.790039,8432,774,2147,120,4949,46,8473.790039,8432,780,2158,120,4930,46,8473.790039,8432,790,2185,121,4895,46,8473.790039,8432,798,2207,127,4857,46,8473.790039,8432,801,2242,128,4816,46,8473.790039,8432,806,2300,129,4750,46,8473.790039
131,Jepara,10834,3100,3162,90,445,70,10907.16016,10834,3064,3192,107,386,330,3684,71,10907.16016,10834,3029,3198,111,366,73,10907.16058,10834,3027,3198,111,366,73,10907.16058,10834,3027,3198,111,366,73,10907.16058,10834,3027,3198,111,366,73,10907.16058,10834,3045,3199,111,366,73,10907.16058,10834,3045,3198,111,366,73,10907.16058,10834,3046,3199,111,363,73,10907.16058,10834,3077,3231,135,269,74,10907.16058,10834,3005,3233,137,243,74,10907.16058,10834,2979,3210,138,241,75,10907.16058,10834,2946,3208,140,238,75,10907.16058
132,Jombang,11905,1597,7927,186,1265,2,11942.43945,11905,1597,7979,186,1213,26,902,2,11942.43945,11905,1597,7990,186,1202,2,11942.43945,11905,1599,8008,186,1184,2,11942.43945,11905,1599,8009,186,1183,2,11942.43945,11905,1601,8009,186,1183,2,11942.43945,11905,1604,8009,186,1183,2,11942.43945,11905,1614,8009,186,1183,2,11942.43945,11905,1635,8197,188,969,2,11942.43945,11905,1630,8352,189,793,2,11942.43945,11905,1645,8474,189,656,2,11942.43945,11905,1666,8538,189,571,2,11942.43945,11905,1675,8594,189,506,2,11942.43945
133,Kaimana,170464,999,218,0,167,0,170819.7494,170464,961,216,0,167,7660,161460,0,170819.7494,170464,921,118,0,167,0,170819.7473,170464,745,111,0,162,0,170819.7473,170464,545,106,0,162,0,170819.7473,170464,529,102,0,162,0,170819.7473,170464,526,102,0,162,0,170819.7473,170464,525,102,0,162,0,170819.7473,170464,525,102,0,162,0,170819.7473,170464,524,101,0,162,0,170819.7473,170464,524,101,0,162,0,170819.7473,170464,524,101,0,162,0,170819.7473,170464,524,101,0,162,0,170819.7473
134,Kampar,112999,58643,13337,128,260,12,113169.8359,112999,58398,13310,119,175,968,40017,12,113169.8359,112999,58165,13104,103,138,2,113169.838,112999,58053,13014,99,138,2,113169.838,112999,58015,12952,94,137,2,113169.838,112999,57633,12867,93,136,2,113169.838,112999,57348,12716,91,136,2,113169.838,112999,57084,12584,69,131,2,113169.838,112999,57088,12597,69,114,2,113169.838,112999,56916,12584,65,92,2,113169.838,112999,56749,12561,48,83,2,113169.838,112999,56341,12491,38,75,0,113169.838,112999,55796,12427,38,69,0,113169.838
135,Kapuas,182230,42852,15462,5610,122,68,182432.811,182230,42999,15226,5598,118,1432,116232,61,182432.811,182230,43081,14720,5576,115,53,182432.799,182230,42595,14494,5527,112,44,182432.799,182230,42227,14288,5330,112,41,182432.799,182230,40846,14143,5253,112,40,182432.799,182230,40454,14068,5157,112,40,182432.799,182230,39355,13844,2338,112,40,182432.799,182230,39355,13848,2338,108,40,182432.799,182230,38356,13627,2176,85,41,182432.799,182230,38302,13525,2110,82,41,182432.799,182230,37788,13292,2049,80,41,182432.799,182230,37686,13015,2020,80,41,182432.799
136,Kapuas Hulu,327690,43337,4532,829,159,0,327902.4375,327690,43283,4482,811,157,4702,269807,0,327902.4375,327690,43034,4388,785,157,0,327902.4511,327690,42591,4302,764,155,0,327902.4511,327690,42239,4198,635,155,0,327902.4511,327690,41742,4126,602,155,0,327902.4511,327690,41589,4106,597,155,0,327902.4511,327690,41513,4054,590,151,0,327902.4511,327690,41513,4054,590,151,0,327902.4511,327690,40168,3892,510,151,0,327902.4511,327690,39945,3763,492,151,0,327902.4511,327690,39131,3486,356,151,0,327902.4511,327690,38303,3296,252,151,0,327902.4511
137,Karang Asem,8945,1041,2250,227,644,0,8971.480469,8945,1039,2210,227,639,78,4752,0,8971.480469,8945,1038,2188,227,637,0,8971.480469,8945,1041,2150,227,627,0,8971.480469,8945,1046,2150,227,627,0,8971.480469,8945,1047,2171,227,627,0,8971.480469,8945,1051,2217,227,627,0,8971.480469,8945,1051,2234,227,627,0,8971.480469,8945,1060,2241,227,610,0,8971.480469,8945,1087,2201,232,594,0,8971.480469,8945,1093,2204,235,585,0,8971.480469,8945,1093,2207,237,579,0,8971.480469,8945,1094,2209,240,571,0,8971.480469
138,Karanganyar,8536,3752,1890,376,702,1,8579.649414,8536,3762,1902,378,687,24,1782,1,8579.649414,8536,3784,1904,378,685,1,8579.649414,8536,3785,1911,379,675,1,8579.649414,8536,3785,1911,379,675,1,8579.649414,8536,3789,1911,379,675,1,8579.649414,8536,3798,1911,380,675,1,8579.649414,8536,3803,1911,380,675,1,8579.649414,8536,3810,1927,405,626,1,8579.649414,8536,3820,1961,419,546,0,8579.649414,8536,3826,1983,422,515,0,8579.649414,8536,3829,1996,428,493,0,8579.649414,8536,3830,1999,431,482,0,8579.649414
139,Karawang,20273,1866,9864,21,5413,372,20337.38086,20273,1866,9905,21,5385,961,1762,373,20337.38086,20273,1808,9979,21,5370,374,20337.38086,20273,1813,10053,21,5273,381,20337.38086,20273,1819,10078,23,5240,382,20337.38086,20273,1819,10085,23,5233,382,20337.38086,20273,1822,10095,23,5220,382,20337.38086,20273,1847,10114,23,5203,382,20337.38086,20273,1847,10198,23,5107,392,20337.38086,20273,1846,10300,23,4989,399,20337.38086,20273,1851,10406,23,4867,408,20337.38086,20273,1852,10447,23,4820,411,20337.38086,20273,1853,10484,23,4776,414,20337.38086
140,Karimun,9685,1407,3741,8,140,7,9897.839844,9685,1412,3730,8,135,506,3887,7,9897.839844,9685,1403,3698,8,134,7,9897.839859,9685,1397,3669,8,132,7,9897.839859,9685,1396,3669,8,131,7,9897.839859,9685,1397,3669,8,130,7,9897.839859,9685,1397,3668,8,129,7,9897.839859,9685,1403,3689,8,128,7,9897.839859,9685,1403,3689,8,128,7,9897.839859,9685,1372,3632,8,114,2,9897.839859,9685,1372,3668,8,77,2,9897.839859,9685,1358,3643,8,66,2,9897.839859,9685,1358,3636,8,64,2,9897.839859
141,Karo,22934,11589,3140,166,106,6,23008.07031,22934,11617,3144,166,103,20,7874,6,23008.07031,22934,11663,3147,166,100,6,23008.07031,22934,11666,3150,166,100,6,23008.07031,22934,11677,3138,166,100,6,23008.07031,22934,11654,3136,158,100,0,23008.07031,22934,11603,3130,158,100,0,23008.07031,22934,11573,3091,123,100,0,23008.07031,22934,11573,3096,123,95,0,23008.07031,22934,11546,2943,123,81,0,23008.07031,22934,11530,2962,123,60,0,23008.07031,22934,11518,2966,123,56,0,23008.07031,22934,11520,2974,123,48,0,23008.07031
142,Katingan,204394,34958,6604,3307,155,3,204594.6209,204394,34984,6532,3273,155,1658,157711,3,204594.6209,204394,34722,6392,3242,155,3,204594.6462,204394,33683,6205,3191,155,3,204594.6462,204394,32820,6112,2937,155,3,204594.6462,204394,31661,5955,2836,155,3,204594.6462,204394,31402,5956,2800,155,3,204594.6462,204394,30529,5797,1585,155,3,204594.6462,204394,30529,5797,1585,155,3,204594.6462,204394,30607,5788,1325,155,3,204594.6462,204394,30581,5761,1256,154,3,204594.6462,204394,30201,5593,1029,154,3,204594.6462,204394,29956,5506,959,153,3,204594.6462
143,Kaur,26833,6025,424,0,3,0,26901.74805,26833,5970,426,0,1,66,20370,0,26901.74805,26833,5719,426,0,0,0,26901.75104,26833,5858,425,0,0,0,26901.75104,26833,5821,415,0,0,0,26901.75104,26833,5695,413,0,0,0,26901.75104,26833,5633,413,0,0,0,26901.75104,26833,5561,409,0,0,0,26901.75104,26833,5561,409,0,0,0,26901.75104,26833,5676,409,0,0,0,26901.75104,26833,5667,409,0,0,0,26901.75104,26833,5492,407,0,0,0,26901.75104,26833,5398,403,0,0,0,26901.75104
144,Kayong Utara,48657,10711,3431,434,6,0,48793.17188,48657,10620,3421,434,6,548,33628,0,48793.17188,48657,10600,3403,433,6,0,48793.16935,48657,10556,3299,394,6,0,48793.16935,48657,10526,3194,367,6,0,48793.16935,48657,10441,3035,350,6,0,48793.16935,48657,10387,3007,350,6,0,48793.16935,48657,10111,2942,260,6,0,48793.16935,48657,10111,2942,260,6,0,48793.16935,48657,9571,2838,204,6,0,48793.16935,48657,9182,2732,193,5,0,48793.16935,48657,8756,2710,149,5,0,48793.16935,48657,8630,2645,148,5,0,48793.16935
145,Kebumen,14126,3944,5261,19,196,67,14177.34961,14126,4013,5263,19,188,1040,3536,67,14177.34961,14126,4014,5246,19,184,67,14177.34961,14126,4012,5253,19,178,67,14177.34961,14126,3988,5244,19,178,67,14177.34961,14126,4005,5245,19,178,67,14177.34961,14126,4034,5258,19,178,67,14177.34961,14126,4086,5284,19,178,67,14177.34961,14126,4086,5287,19,175,67,14177.34961,14126,4158,5300,19,166,67,14177.34961,14126,4157,5305,19,161,67,14177.34961,14126,4157,5306,19,159,67,14177.34961,14126,4155,5307,19,158,67,14177.34961
146,Kediri,16192,7046,5819,216,1240,0,16242.12891,16192,7044,5838,223,1201,4,1880,0,16242.12891,16192,7044,5840,228,1192,0,16242.12891,16192,7045,5840,228,1191,0,16242.12891,16192,7042,5840,228,1191,0,16242.12891,16192,7046,5841,228,1190,0,16242.12891,16192,7047,5845,228,1188,0,16242.12891,16192,7051,5846,228,1187,0,16242.12891,16192,7058,5915,228,1111,0,16242.12891,16192,7256,5972,228,1034,0,16242.12891,16192,7265,6018,229,978,0,16242.12891,16192,7275,6039,230,946,0,16242.12891,16192,7283,6063,230,914,0,16242.12891
147,Keerom,95777,5204,222,7,3,0,95857.75,95777,5187,222,7,2,4,90355,0,95857.75,95777,5147,219,7,2,0,95857.74121,95777,4949,202,7,2,0,95857.74121,95777,4765,163,7,2,0,95857.74121,95777,4580,152,7,2,0,95857.74121,95777,4580,152,7,2,0,95857.74121,95777,4573,148,7,2,0,95857.74121,95777,4573,148,7,2,0,95857.74121,95777,4439,142,7,2,0,95857.74121,95777,4195,131,7,2,0,95857.74121,95777,3621,95,7,2,0,95857.74121,95777,3141,77,7,2,0,95857.74121
148,Kendal,10623,2418,3203,31,1215,4,10675.24902,10623,2381,3212,31,1189,496,3309,4,10675.24902,10623,2247,3225,31,1168,4,10675.24902,10623,2249,3272,31,1114,4,10675.24902,10623,2245,3273,31,1113,4,10675.24902,10623,2246,3278,31,1110,4,10675.24902,10623,2239,3277,31,1110,4,10675.24902,10623,2243,3278,31,1109,4,10675.24902,10623,2247,3282,32,1100,4,10675.24902,10623,2285,3337,32,1037,4,10675.24902,10623,2292,3381,32,985,4,10675.24902,10623,2293,3385,32,975,4,10675.24902,10623,2292,3391,32,968,4,10675.24902
149,Kepahiang,7453,3374,55,0,36,0,7471.47998,7453,3396,59,0,28,0,3970,0,7471.47998,7453,3441,61,0,24,0,7471.47998,7453,3441,61,0,24,0,7471.47998,7453,3440,61,0,24,0,7471.47998,7453,3413,61,0,24,0,7471.47998,7453,3407,61,0,24,0,7471.47998,7453,3398,61,0,24,0,7471.47998,7453,3400,63,0,20,0,7471.47998,7453,3415,65,0,18,0,7471.47998,7453,3408,67,0,16,0,7471.47998,7453,3408,68,0,15,0,7471.47998,7453,3409,68,0,14,0,7471.47998
150,Kepulauan Anambas,6751,221,17,2,21,0,6965.050293,6751,221,17,2,21,716,5774,0,6965.050293,6751,221,17,2,21,0,6965.050049,6751,219,17,2,21,0,6965.050049,6751,219,17,2,21,0,6965.050049,6751,217,17,2,21,0,6965.050049,6751,214,17,2,21,0,6965.050049,6751,214,17,2,21,0,6965.050049,6751,214,17,2,21,0,6965.050049,6751,187,17,2,21,0,6965.050049,6751,187,17,2,21,0,6965.050049,6751,187,17,2,21,0,6965.050049,6751,187,17,2,21,0,6965.050049
151,Kepulauan Aru,86027,4943,3514,139,143,12,86672.0625,86027,4897,3502,139,139,2098,75240,12,86672.0625,86027,4883,3492,139,137,12,86672.06177,86027,4575,3438,139,136,12,86672.06177,86027,4533,3430,139,136,12,86672.06177,86027,4480,3427,139,136,12,86672.06177,86027,4485,3427,139,136,12,86672.06177,86027,4510,3428,139,135,12,86672.06177,86027,4510,3428,139,135,12,86672.06177,86027,4523,3421,139,135,12,86672.06177,86027,4524,3421,139,135,12,86672.06177,86027,4524,3420,139,135,12,86672.06177,86027,4535,3419,139,135,12,86672.06177
152,Kepulauan Mentawai,63186,597,196,0,3,0,63529.27781,63186,597,196,0,3,884,61506,0,63529.27781,63186,593,195,0,3,0,63529.28975,63186,545,131,0,3,0,63529.28975,63186,487,91,0,3,0,63529.28975,63186,471,71,0,3,0,63529.28975,63186,463,71,0,3,0,63529.28975,63186,466,71,0,3,0,63529.28975,63186,466,71,0,3,0,63529.28975,63186,500,76,0,3,0,63529.28975,63186,500,76,0,3,0,63529.28975,63186,500,76,0,3,0,63529.28975,63186,499,76,0,3,0,63529.28975
153,Kepulauan Meranti,38342,12106,2501,132,36,4,38470.85156,38342,11741,2486,132,36,689,23254,4,38470.85156,38342,11331,2441,130,36,4,38470.85071,38342,11236,2375,126,34,4,38470.85071,38342,11206,2354,126,34,4,38470.85071,38342,11091,2324,126,34,4,38470.85071,38342,11084,2320,126,33,5,38470.85071,38342,11003,2161,111,32,5,38470.85071,38342,11004,2164,111,23,5,38470.85071,38342,9716,1841,41,19,5,38470.85071,38342,9582,1809,5,19,5,38470.85071,38342,9495,1724,2,19,5,38470.85071,38342,9338,1700,2,19,5,38470.85071
154,Kepulauan Sangihe,6314,1079,41,8,24,0,6413.300293,6314,1081,41,8,20,218,4946,0,6413.300293,6314,1084,44,8,12,0,6413.300117,6314,1034,44,8,12,0,6413.300117,6314,1019,44,8,12,0,6413.300117,6314,1002,44,8,12,0,6413.300117,6314,999,44,8,12,0,6413.300117,6314,999,44,8,12,0,6413.300117,6314,999,44,8,12,0,6413.300117,6314,999,44,8,12,0,6413.300117,6314,999,44,8,12,0,6413.300117,6314,999,44,8,12,0,6413.300117,6314,999,44,8,12,0,6413.300117
155,Kepulauan Selayar,12453,4588,1533,89,111,9,12601.17151,12453,4573,1534,89,108,585,5554,10,12601.17151,12453,4628,1541,89,104,10,12601.17001,12453,4569,1541,89,103,11,12601.17001,12453,4540,1541,89,103,11,12601.17001,12453,4512,1538,89,103,11,12601.17001,12453,4506,1538,89,103,11,12601.17001,12453,4508,1538,89,103,11,12601.17001,12453,4508,1543,89,98,11,12601.17001,12453,4527,1546,89,88,6,12601.17001,12453,4536,1555,89,78,7,12601.17001,12453,4547,1555,89,76,7,12601.17001,12453,4547,1558,89,73,7,12601.17001
156,Kepulauan Seribu,125,0,0,7,1,0,144.030014,125,0,0,7,1,110,7,0,144.030014,125,0,0,7,1,0,144.0300026,125,0,0,7,1,0,144.0300026,125,0,0,7,1,0,144.0300026,125,0,0,7,1,0,144.0300026,125,0,0,7,1,0,144.0300026,125,0,0,7,1,0,144.0300026,125,0,0,7,1,0,144.0300026,125,0,0,7,1,0,144.0300026,125,0,0,7,1,0,144.0300026,125,0,0,7,1,0,144.0300026,125,0,0,7,1,0,144.0300026
157,Kepulauan Sula,18839,435,35,0,33,0,18951.74219,18839,437,40,0,18,358,17986,0,18951.74219,18839,441,42,0,11,0,18951.74048,18839,444,42,0,11,0,18951.74048,18839,411,41,0,11,0,18951.74048,18839,404,41,0,11,0,18951.74048,18839,402,41,0,11,0,18951.74048,18839,403,41,0,11,0,18951.74048,18839,403,41,0,11,0,18951.74048,18839,358,40,0,11,0,18951.74048,18839,358,40,0,11,0,18951.74048,18839,358,40,0,11,0,18951.74048,18839,359,40,0,11,0,18951.74048
158,Kepulauan Talaud,10711,200,101,0,41,0,10779.38086,10711,204,103,0,28,271,10105,0,10779.38086,10711,204,104,0,23,0,10779.38,10711,203,104,0,23,0,10779.38,10711,190,93,0,23,0,10779.38,10711,179,87,0,23,0,10779.38,10711,179,87,0,23,0,10779.38,10711,169,81,0,23,0,10779.38,10711,169,81,0,23,0,10779.38,10711,165,81,0,21,0,10779.38,10711,168,82,0,17,0,10779.38,10711,168,82,0,16,0,10779.38,10711,168,83,0,15,0,10779.38
159,Kepulauan Yapen,25633,158,24,0,46,0,25815.84766,25633,159,24,0,42,418,24990,0,25815.84766,25633,123,24,0,42,0,25815.8501,25633,117,24,0,42,0,25815.8501,25633,84,24,0,42,0,25815.8501,25633,84,24,0,42,0,25815.8501,25633,84,24,0,42,0,25815.8501,25633,84,24,0,42,0,25815.8501,25633,84,25,0,41,0,25815.8501,25633,86,25,0,40,0,25815.8501,25633,87,28,0,36,0,25815.8501,25633,87,30,0,34,0,25815.8501,25633,87,32,0,32,0,25815.8501
160,Kerinci,35847,9230,1360,7,149,2,35911.91797,35847,9208,1365,7,143,587,24535,2,35911.91797,35847,9035,1359,7,138,2,35911.92175,35847,9039,1362,7,135,2,35911.92175,35847,8671,1341,7,135,2,35911.92175,35847,8090,1237,7,135,2,35911.92175,35847,7859,1233,7,135,2,35911.92175,35847,7827,1230,7,135,2,35911.92175,35847,7828,1237,7,127,2,35911.92175,35847,7562,1233,7,108,2,35911.92175,35847,7603,1239,7,107,2,35911.92175,35847,7592,1236,7,107,2,35911.92175,35847,7583,1238,7,107,2,35911.92175
161,Ketapang,313312,129931,16557,10277,181,29,313589.5234,313312,130105,16175,10239,143,1145,154883,30,313589.5234,313312,130112,16015,10222,138,25,313589.4874,313312,129905,15862,10190,133,25,313589.4874,313312,129140,15744,10049,133,25,313589.4874,313312,128823,15587,9994,133,24,313589.4874,313312,128305,15515,9978,133,24,313589.4874,313312,125626,15326,9060,114,24,313589.4874,313312,125626,15333,9060,107,24,313589.4874,313312,124942,15001,8774,105,18,313589.4874,313312,123941,14392,8574,104,18,313589.4874,313312,122686,14087,8458,104,17,313589.4874,313312,121564,13567,8165,102,17,313589.4874
162,Klaten,7437,1522,4244,114,675,0,7484.609863,7437,1525,4264,127,639,17,865,0,7484.609863,7437,1523,4271,128,631,0,7484.609863,7437,1528,4291,129,605,0,7484.609863,7437,1528,4291,129,605,0,7484.609863,7437,1528,4296,129,605,0,7484.609863,7437,1528,4297,129,605,0,7484.609863,7437,1530,4299,129,605,0,7484.609863,7437,1532,4315,133,583,0,7484.609863,7437,1536,4343,134,551,0,7484.609863,7437,1537,4350,137,540,0,7484.609863,7437,1537,4352,141,534,0,7484.609863,7437,1538,4356,143,527,0,7484.609863
163,Klungkung,3336,1007,1538,189,65,2,3370.669922,3336,1009,1545,189,50,93,448,2,3370.669922,3336,1010,1538,189,46,2,3370.669922,3336,1011,1541,189,42,2,3370.669922,3336,1009,1539,189,42,2,3370.669922,3336,1009,1539,189,42,2,3370.669922,3336,1009,1539,189,42,2,3370.669922,3336,1009,1539,189,42,2,3370.669922,3336,1010,1539,189,41,2,3370.669922,3336,1010,1529,189,36,2,3370.669922,3336,1013,1531,189,30,2,3370.669922,3336,1013,1532,189,29,2,3370.669922,3336,1014,1531,189,27,2,3370.669922
164,Kolaka,32470,11349,2003,85,101,19,32577.02734,32470,11319,2008,85,95,432,18512,19,32577.02734,32470,11297,2007,83,82,19,32577.02905,32470,11262,1995,83,76,19,32577.02905,32470,11130,1954,83,74,19,32577.02905,32470,11028,1953,83,74,19,32577.02905,32470,10827,1935,83,74,19,32577.02905,32470,9977,1727,78,74,19,32577.02905,32470,9977,1727,78,73,20,32577.02905,32470,9644,1699,78,68,21,32577.02905,32470,9524,1707,78,60,21,32577.02905,32470,9472,1704,78,59,21,32577.02905,32470,9408,1703,78,54,22,32577.02905
165,Kolaka Timur,39247,9388,1413,15,16,15,39327.76953,39247,9373,1413,15,16,0,28415,15,39327.76953,39247,9359,1411,15,16,15,39327.77051,39247,9334,1402,15,16,15,39327.77051,39247,9221,1368,15,16,15,39327.77051,39247,9193,1353,15,16,15,39327.77051,39247,9113,1326,10,16,15,39327.77051,39247,8886,1279,5,16,14,39327.77051,39247,8886,1279,5,16,14,39327.77051,39247,8780,1275,5,16,14,39327.77051,39247,8755,1275,5,16,14,39327.77051,39247,8762,1275,5,16,14,39327.77051,39247,8778,1276,5,16,14,39327.77051
166,Kolaka Utara,34284,8757,535,71,36,0,34372.4375,34284,8738,530,71,32,201,24711,1,34372.4375,34284,8745,532,71,29,2,34372.43945,34284,8710,531,71,20,2,34372.43945,34284,8768,529,69,20,2,34372.43945,34284,8744,525,69,20,2,34372.43945,34284,8649,517,69,20,2,34372.43945,34284,8641,506,0,20,2,34372.43945,34284,8641,506,0,19,2,34372.43945,34284,8402,505,0,16,2,34372.43945,34284,8369,504,0,11,2,34372.43945,34284,8328,497,0,11,2,34372.43945,34284,8282,490,0,11,2,34372.43945
167,Konawe,53510,10921,4366,59,71,5,53636.11328,53510,10943,4364,59,68,297,37774,5,53636.11328,53510,10827,4360,59,63,5,53636.11771,53510,10768,4315,59,58,5,53636.11771,53510,10513,4249,59,58,5,53636.11771,53510,10496,4246,59,56,5,53636.11771,53510,10462,4247,56,56,5,53636.11771,53510,10382,4203,17,56,5,53636.11771,53510,10382,4203,17,56,5,53636.11771,53510,10457,4214,16,56,5,53636.11771,53510,10364,4159,16,55,5,53636.11771,53510,10337,4177,16,55,5,53636.11771,53510,10313,4175,14,55,5,53636.11771
168,Konawe Kepulauan,7517,1372,35,0,8,0,7539.990234,7517,1369,35,0,8,131,5974,0,7539.990234,7517,1319,35,0,8,0,7539.990234,7517,1306,32,0,8,0,7539.990234,7517,1257,32,0,8,0,7539.990234,7517,1232,32,0,8,0,7539.990234,7517,1228,32,0,8,0,7539.990234,7517,1214,29,0,8,0,7539.990234,7517,1214,29,0,7,0,7539.990234,7517,1426,29,0,5,0,7539.990234,7517,1426,29,0,5,0,7539.990234,7517,1426,29,0,5,0,7539.990234,7517,1426,29,0,5,0,7539.990234
169,Konawe Selatan,44903,20727,7964,10,18,3,45011.78516,44903,20786,7964,10,14,355,15771,3,45011.78516,44903,20806,7964,10,13,3,45011.79102,44903,20742,7909,10,13,3,45011.79102,44903,20658,7897,10,13,3,45011.79102,44903,20642,7901,10,13,6,45011.79102,44903,20582,7902,10,13,6,45011.79102,44903,20564,7901,10,13,6,45011.79102,44903,20564,7901,10,13,6,45011.79102,44903,20598,7909,10,13,3,45011.79102,44903,20562,7907,10,13,3,45011.79102,44903,20521,7905,10,13,3,45011.79102,44903,20476,7903,10,13,3,45011.79102
170,Konawe Utara,49340,5209,1316,451,3,0,49489.18359,49340,5186,1310,422,2,267,42153,0,49489.18359,49340,5176,1290,385,2,0,49489.17839,49340,5091,1267,378,2,0,49489.17839,49340,4745,1181,354,2,0,49489.17839,49340,4747,1177,352,2,0,49489.17839,49340,4767,1181,352,2,0,49489.17839,49340,4761,1126,315,2,0,49489.17839,49340,4761,1126,315,2,0,49489.17839,49340,4783,1047,273,1,0,49489.17839,49340,4768,998,232,1,0,49489.17839,49340,4742,983,232,1,0,49489.17839,49340,4661,935,207,1,0,49489.17839
171,Kota Ambon,3131,896,50,0,185,0,3161.820068,3131,902,59,0,169,49,1952,0,3161.820068,3131,868,72,0,143,0,3161.820068,3131,867,72,0,141,0,3161.820068,3131,871,72,0,141,0,3161.820068,3131,868,72,0,141,0,3161.820068,3131,869,72,0,141,0,3161.820068,3131,870,72,0,141,0,3161.820068,3131,871,72,0,139,0,3161.820068,3131,810,70,0,133,0,3161.820068,3131,818,79,0,117,0,3161.820068,3131,819,86,0,110,0,3161.820068,3131,811,89,0,106,0,3161.820068
172,Kota Balikpapan,5707,2244,809,0,654,0,5733.600098,5707,2150,903,0,535,519,1598,0,5733.600098,5707,2150,951,0,483,0,5733.600098,5707,2143,962,0,459,0,5733.600098,5707,2129,957,0,459,0,5733.600098,5707,2107,950,0,459,0,5733.600098,5707,2115,952,0,454,0,5733.600098,5707,2115,976,0,426,0,5733.600098,5707,2115,988,0,413,0,5733.600098,5707,2124,1036,0,347,1,5733.600098,5707,2170,1073,0,270,3,5733.600098,5707,2170,1076,0,255,3,5733.600098,5707,2176,1095,0,221,4,5733.600098
173,Kota Banda Aceh,585,1,15,0,476,0,596.7700195,585,2,15,0,474,91,3,0,596.7700195,585,2,16,0,473,0,596.7700195,585,2,21,0,467,0,596.7700195,585,2,21,0,467,0,596.7700195,585,2,21,0,467,0,596.7700195,585,2,21,0,467,0,596.7700195,585,2,21,0,467,0,596.7700195,585,3,21,0,462,0,596.7700195,585,8,22,0,447,0,596.7700195,585,8,29,0,436,0,596.7700195,585,8,33,0,431,0,596.7700195,585,8,36,0,422,0,596.7700195
174,Kota Bandar Lampung,1860,381,361,0,954,1,1881.030029,1860,384,428,0,884,13,150,1,1881.030029,1860,397,478,0,831,3,1881.030029,1860,404,487,0,819,3,1881.030029,1860,404,492,0,814,3,1881.030029,1860,404,492,0,814,3,1881.030029,1860,404,497,0,809,3,1881.030029,1860,398,500,0,803,3,1881.030029,1860,398,574,0,729,3,1881.030029,1860,413,668,0,627,3,1881.030029,1860,418,714,0,573,3,1881.030029,1860,421,736,0,545,5,1881.030029,1860,424,750,0,528,5,1881.030029
175,Kota Bandung,1774,94,16,1,1617,0,1800.530029,1774,98,18,1,1607,31,19,0,1800.530029,1774,98,19,1,1605,0,1800.530029,1774,127,40,7,1547,1,1800.530029,1774,128,45,8,1540,1,1800.530029,1774,128,45,8,1540,1,1800.530029,1774,129,46,8,1538,1,1800.530029,1774,129,47,8,1537,1,1800.530029,1774,133,47,8,1533,1,1800.530029,1774,140,47,8,1525,1,1800.530029,1774,148,47,9,1516,1,1800.530029,1774,149,48,11,1511,1,1800.530029,1774,153,49,11,1505,1,1800.530029
176,Kota Banjar,1383,651,525,1,76,0,1401.609985,1383,656,532,1,64,1,129,0,1401.609985,1383,656,536,1,60,0,1401.609985,1383,656,536,1,60,0,1401.609985,1383,656,536,1,60,0,1401.609985,1383,656,536,1,60,0,1401.609985,1383,656,536,1,60,0,1401.609985,1383,668,536,1,60,0,1401.609985,1383,668,536,1,60,0,1401.609985,1383,668,541,2,54,0,1401.609985,1383,669,544,2,50,0,1401.609985,1383,667,544,2,50,0,1401.609985,1383,667,545,2,49,0,1401.609985
177,Kota Banjar Baru,3408,1082,1539,241,392,0,3431.22998,3408,1085,1613,241,314,16,139,0,3431.22998,3408,1085,1649,241,278,0,3431.22998,3408,1085,1652,242,274,0,3431.22998,3408,1085,1652,242,274,0,3431.22998,3408,1085,1653,242,273,0,3431.22998,3408,1085,1654,244,270,0,3431.22998,3408,1086,1656,245,266,0,3431.22998,3408,1086,1660,245,262,0,3431.22998,3408,1086,1708,245,214,0,3431.22998,3408,1089,1776,249,137,0,3431.22998,3408,1089,1778,249,135,0,3431.22998,3408,1082,1776,238,132,0,3431.22998
178,Kota Banjarmasin,1033,242,194,29,511,1,1044,1033,247,227,30,472,34,22,1,1044,1033,249,239,30,458,1,1044,1033,251,240,30,449,2,1044,1033,251,238,30,449,2,1044,1033,251,238,30,449,2,1044,1033,251,238,30,449,2,1044,1033,252,242,30,443,2,1044,1033,254,246,30,437,2,1044,1033,258,266,31,408,1,1044,1033,264,290,31,377,1,1044,1033,266,295,31,369,2,1044,1033,266,302,31,361,2,1044
179,Kota Baru,96693,39339,4375,7,124,24,97167.39063,96693,39805,4354,7,121,726,51650,24,97167.39063,96693,39072,4276,7,120,23,97167.38101,96693,38944,4257,7,111,24,97167.38101,96693,39423,4272,7,103,15,97167.38101,96693,40136,4243,7,90,18,97167.38101,96693,39843,4194,7,88,18,97167.38101,96693,39136,4081,7,82,18,97167.38101,96693,39136,4081,7,80,19,97167.38101,96693,39834,4072,7,74,18,97167.38101,96693,40058,4075,7,66,19,97167.38101,96693,40108,4058,7,66,19,97167.38101,96693,40225,4055,7,66,19,97167.38101
180,Kota Batam,10625,1687,2124,41,1361,7,10955.88086,10625,1689,2161,41,1318,931,4478,7,10955.88086,10625,1695,2161,41,1310,7,10955.88065,10625,1693,2219,41,1238,7,10955.88065,10625,1692,2234,41,1221,7,10955.88065,10625,1691,2276,41,1178,7,10955.88065,10625,1694,2372,41,1070,8,10955.88065,10625,1701,2403,41,965,8,10955.88065,10625,1701,2420,41,948,8,10955.88065,10625,1282,2115,41,875,6,10955.88065,10625,1273,2252,43,705,7,10955.88065,10625,1168,2247,44,614,8,10955.88065,10625,1155,2281,45,568,8,10955.88065
181,Kota Batu,2076,510,170,122,138,2,2101.560059,2076,518,186,134,102,0,1130,2,2101.560059,2076,522,195,140,88,2,2101.560059,2076,522,195,142,86,2,2101.560059,2076,525,195,142,86,2,2101.560059,2076,525,195,142,86,2,2101.560059,2076,525,195,142,86,2,2101.560059,2076,525,189,143,86,1,2101.560059,2076,525,195,145,78,1,2101.560059,2076,541,203,144,73,1,2101.560059,2076,540,205,146,65,1,2101.560059,2076,540,204,146,62,0,2101.560059,2076,550,204,147,60,0,2101.560059
182,Kota Baubau,3072,1374,348,0,85,0,3093.459961,3072,1373,358,0,72,28,1241,0,3093.459961,3072,1368,378,0,52,0,3093.459961,3072,1368,391,0,39,0,3093.459961,3072,1342,391,0,39,0,3093.459961,3072,1326,388,0,39,0,3093.459961,3072,1329,389,0,39,0,3093.459961,3072,1329,389,0,39,0,3093.459961,3072,1329,392,0,36,0,3093.459961,3072,1355,392,0,33,0,3093.459961,3072,1355,395,0,30,0,3093.459961,3072,1351,398,0,27,0,3093.459961,3072,1350,404,0,21,0,3093.459961
183,Kota Bekasi,2259,8,22,0,2223,0,2293.52002,2259,11,23,0,2218,0,7,0,2293.52002,2259,13,24,0,2214,0,2293.52002,2259,16,29,0,2204,0,2293.52002,2259,16,29,0,2204,0,2293.52002,2259,16,29,0,2204,0,2293.52002,2259,18,29,0,2202,0,2293.52002,2259,18,29,0,2202,0,2293.52002,2259,20,29,0,2200,0,2293.52002,2259,20,29,0,2200,0,2293.52002,2259,22,30,0,2197,0,2293.52002,2259,29,33,0,2186,0,2293.52002,2259,31,36,0,2181,0,2293.52002
184,Kota Bengkulu,1970,899,200,0,465,0,1986.530029,1970,943,244,0,388,136,259,0,1986.530029,1970,957,256,0,362,0,1986.530029,1970,959,267,0,348,0,1986.530029,1970,959,266,0,348,0,1986.530029,1970,959,266,0,348,0,1986.530029,1970,959,266,0,348,0,1986.530029,1970,959,266,0,348,0,1986.530029,1970,960,271,0,342,0,1986.530029,1970,1053,289,0,324,0,1986.530029,1970,1061,354,0,257,0,1986.530029,1970,1062,367,0,243,0,1986.530029,1970,1062,369,0,241,0,1986.530029
185,Kota Bima,2245,182,1432,201,68,6,2264.199951,2245,182,1451,201,49,24,332,6,2264.199951,2245,182,1463,201,37,6,2264.199951,2245,182,1465,201,34,6,2264.199951,2245,182,1465,201,34,6,2264.199951,2245,182,1465,201,34,6,2264.199951,2245,182,1465,201,34,6,2264.199951,2245,182,1465,201,34,6,2264.199951,2245,182,1465,201,33,6,2264.199951,2245,186,1466,201,33,6,2264.199951,2245,186,1466,201,33,6,2264.199951,2245,186,1466,201,33,6,2264.199951,2245,186,1465,201,33,6,2264.199951
186,Kota Binjai,992,402,285,0,301,0,1006.860046,992,402,292,0,294,0,4,0,1006.860046,992,402,297,0,289,0,1006.860046,992,402,297,0,289,0,1006.860046,992,402,297,0,289,0,1006.860046,992,402,297,0,289,0,1006.860046,992,402,297,0,289,0,1006.860046,992,402,297,0,289,0,1006.860046,992,402,309,0,277,0,1006.860046,992,403,326,0,260,0,1006.860046,992,406,335,0,251,0,1006.860046,992,406,343,0,243,0,1006.860046,992,406,346,0,240,0,1006.860046
187,Kota Bitung,3284,719,33,0,164,3,3315.629883,3284,674,41,0,153,51,2362,3,3315.629883,3284,666,45,0,148,3,3315.629883,3284,665,46,0,147,3,3315.629883,3284,646,46,0,147,3,3315.629883,3284,642,46,0,147,3,3315.629883,3284,636,46,0,147,3,3315.629883,3284,632,46,0,147,3,3315.629883,3284,634,46,0,145,3,3315.629883,3284,628,44,0,142,2,3315.629883,3284,628,44,0,141,2,3315.629883,3284,621,45,0,138,2,3315.629883,3284,612,45,0,136,2,3315.629883
188,Kota Blitar,354,125,63,5,151,0,362.4099731,354,127,71,10,136,0,10,0,362.4099731,354,128,71,10,135,0,362.4099731,354,128,71,11,134,0,362.4099731,354,128,71,11,134,0,362.4099731,354,128,71,11,134,0,362.4099731,354,128,71,11,134,0,362.4099731,354,128,71,11,134,0,362.4099731,354,134,75,19,116,0,362.4099731,354,134,78,20,112,0,362.4099731,354,134,78,21,111,0,362.4099731,354,134,79,22,109,0,362.4099731,354,134,80,25,105,0,362.4099731
189,Kota Bogor,1178,107,123,0,904,0,1199.300049,1178,115,127,1,890,0,45,0,1199.300049,1178,120,132,1,878,0,1199.300049,1178,137,144,2,848,0,1199.300049,1178,138,144,2,845,0,1199.300049,1178,138,144,2,845,0,1199.300049,1178,138,144,2,845,0,1199.300049,1178,138,144,2,845,0,1199.300049,1178,139,146,2,842,0,1199.300049,1178,140,148,2,839,0,1199.300049,1178,141,152,2,834,0,1199.300049,1178,146,157,2,824,0,1199.300049,1178,151,161,2,815,0,1199.300049
190,Kota Bukittinggi,253,65,23,1,154,0,256.1099854,253,65,23,1,154,0,10,0,256.1099854,253,66,25,1,151,0,256.1099854,253,66,25,1,151,0,256.1099854,253,66,25,1,151,0,256.1099854,253,66,25,1,151,0,256.1099854,253,66,25,1,151,0,256.1099854,253,66,25,1,151,0,256.1099854,253,66,25,1,151,0,256.1099854,253,69,26,1,147,0,256.1099854,253,72,39,2,130,0,256.1099854,253,72,39,2,130,0,256.1099854,253,73,40,2,128,0,256.1099854
191,Kota Cilegon,1733,163,283,5,994,14,1760.969971,1733,165,291,5,976,43,239,14,1760.969971,1733,167,296,5,964,15,1760.969971,1733,169,320,5,931,20,1760.969971,1733,169,323,5,928,20,1760.969971,1733,169,323,5,927,20,1760.969971,1733,169,325,5,923,20,1760.969971,1733,175,329,5,918,21,1760.969971,1733,175,329,5,916,23,1760.969971,1733,176,334,5,903,24,1760.969971,1733,176,338,5,894,27,1760.969971,1733,176,342,5,881,32,1760.969971,1733,179,347,5,870,35,1760.969971
192,Kota Cimahi,442,40,1,5,381,0,444.8099976,442,41,1,6,379,0,15,0,444.8099976,442,42,1,6,378,0,444.8099976,442,51,1,9,366,0,444.8099976,442,53,2,13,359,0,444.8099976,442,53,2,13,359,0,444.8099976,442,53,2,13,359,0,444.8099976,442,53,2,13,359,0,444.8099976,442,54,2,13,358,0,444.8099976,442,58,2,13,354,0,444.8099976,442,63,2,13,349,0,444.8099976,442,65,2,14,346,0,444.8099976,442,65,3,16,343,0,444.8099976
193,Kota Cirebon,420,12,35,2,360,1,430.9899902,420,12,35,2,359,9,2,1,430.9899902,420,12,37,2,357,1,430.9899902,420,12,38,2,356,1,430.9899902,420,12,40,2,354,1,430.9899902,420,12,40,2,354,1,430.9899902,420,12,40,2,354,1,430.9899902,420,12,40,2,354,1,430.9899902,420,13,41,2,350,1,430.9899902,420,14,43,2,346,2,430.9899902,420,14,51,2,338,2,430.9899902,420,14,52,2,337,2,430.9899902,420,14,56,2,333,2,430.9899902
194,Kota Denpasar,1340,65,255,3,905,2,1355.619995,1340,82,322,6,815,58,54,3,1355.619995,1340,85,344,7,787,3,1355.619995,1340,91,387,13,728,5,1355.619995,1340,91,388,13,727,5,1355.619995,1340,91,388,13,727,5,1355.619995,1340,91,390,14,724,5,1355.619995,1340,91,390,14,724,5,1355.619995,1340,91,402,16,710,5,1355.619995,1340,93,428,20,677,5,1355.619995,1340,96,474,23,622,6,1355.619995,1340,98,480,23,614,6,1355.619995,1340,100,491,26,598,6,1355.619995
195,Kota Depok,2122,38,34,0,2045,0,2139.159912,2122,39,37,0,2040,0,6,0,2139.159912,2122,42,40,0,2034,0,2139.159912,2122,46,47,0,2022,0,2139.159912,2122,46,47,0,2022,0,2139.159912,2122,46,47,0,2022,0,2139.159912,2122,46,47,0,2022,0,2139.159912,2122,46,47,0,2022,0,2139.159912,2122,49,47,0,2018,0,2139.159912,2122,50,48,0,2016,0,2139.159912,2122,57,49,0,2008,0,2139.159912,2122,86,53,0,1975,0,2139.159912,2122,103,55,0,1955,0,2139.159912
196,Kota Dumai,23915,10746,3682,1421,298,0,23973.00977,23915,10758,3684,1421,293,155,7599,0,23973.00977,23915,10782,3673,1421,288,0,23973.01031,23915,10749,3539,1413,283,0,23973.01031,23915,10741,3537,1413,283,0,23973.01031,23915,10695,3503,1377,283,0,23973.01031,23915,10655,3483,1225,283,0,23973.01031,23915,10454,3345,1197,280,0,23973.01031,23915,10455,3349,1197,274,0,23973.01031,23915,10272,3292,1178,248,0,23973.01031,23915,10149,3244,1154,236,0,23973.01031,23915,9764,3077,1119,228,0,23973.01031,23915,9276,2957,1087,221,0,23973.01031
197,Kota Gorontalo,709,138,196,0,236,2,719.5700073,709,147,215,0,215,3,126,3,719.5700073,709,161,232,0,202,4,719.5700073,709,161,243,0,189,6,719.5700073,709,161,243,0,189,6,719.5700073,709,161,243,0,189,6,719.5700073,709,161,243,0,189,6,719.5700073,709,161,243,0,189,6,719.5700073,709,161,245,0,187,6,719.5700073,709,161,254,0,178,6,719.5700073,709,161,262,0,170,6,719.5700073,709,161,265,0,167,6,719.5700073,709,161,266,0,166,6,719.5700073
198,Kota Gunungsitoli,3294,665,28,0,31,0,3310.930176,3294,669,28,0,31,10,2556,0,3310.930176,3294,674,29,0,29,0,3310.930176,3294,682,29,0,29,0,3310.930176,3294,689,29,0,29,0,3310.930176,3294,681,25,0,29,0,3310.930176,3294,656,16,0,29,0,3310.930176,3294,656,16,0,29,0,3310.930176,3294,656,16,0,29,0,3310.930176,3294,636,12,0,29,0,3310.930176,3294,629,12,0,28,0,3310.930176,3294,629,12,0,28,0,3310.930176,3294,629,12,0,28,0,3310.930176
199,Kota Jakarta Barat,1327,0,0,0,1324,0,1341.47998,1327,0,0,0,1324,3,0,0,1341.47998,1327,0,0,0,1324,0,1341.47998,1327,0,0,0,1324,0,1341.47998,1327,0,0,0,1324,0,1341.47998,1327,0,0,0,1324,0,1341.47998,1327,0,0,0,1324,0,1341.47998,1327,0,0,0,1324,0,1341.47998,1327,0,0,0,1324,0,1341.47998,1327,0,0,0,1323,0,1341.47998,1327,0,0,0,1323,0,1341.47998,1327,0,0,0,1323,0,1341.47998,1327,0,0,0,1323,0,1341.47998
200,Kota Jakarta Pusat,501,0,0,0,499,0,515.75,501,0,0,0,499,2,0,0,515.75,501,0,0,0,499,0,515.75,501,0,0,0,499,0,515.75,501,0,0,0,499,0,515.75,501,0,0,0,499,0,515.75,501,0,0,0,499,0,515.75,501,0,0,0,499,0,515.75,501,0,0,0,499,0,515.75,501,0,0,0,499,0,515.75,501,0,0,0,499,0,515.75,501,0,0,0,499,0,515.75,501,0,0,0,499,0,515.75
201,Kota Jakarta Selatan,1531,0,0,0,1527,0,1552.149902,1531,0,0,0,1527,0,4,0,1552.149902,1531,0,0,0,1526,0,1552.149902,1531,0,0,0,1526,0,1552.149902,1531,0,0,0,1526,0,1552.149902,1531,0,0,0,1526,0,1552.149902,1531,0,0,0,1526,0,1552.149902,1531,0,0,0,1526,0,1552.149902,1531,0,0,0,1526,0,1552.149902,1531,0,0,0,1525,0,1552.149902,1531,0,0,0,1525,0,1552.149902,1531,0,0,0,1523,0,1552.149902,1531,0,1,0,1522,0,1552.149902
202,Kota Jakarta Timur,1964,12,6,0,1946,0,1978.149902,1964,12,6,0,1946,0,0,0,1978.149902,1964,12,6,0,1946,0,1978.149902,1964,15,7,0,1942,0,1978.149902,1964,16,8,0,1940,0,1978.149902,1964,16,8,0,1940,0,1978.149902,1964,16,12,0,1936,0,1978.149902,1964,18,12,0,1934,0,1978.149902,1964,18,12,0,1934,0,1978.149902,1964,19,14,0,1931,0,1978.149902,1964,23,15,0,1926,0,1978.149902,1964,23,16,0,1925,0,1978.149902,1964,25,19,0,1920,0,1978.149902
203,Kota Jakarta Utara,1490,2,1,0,1405,1,1509.090088,1490,2,1,0,1404,64,18,1,1509.090088,1490,2,1,0,1404,1,1509.090088,1490,5,10,0,1391,1,1509.090088,1490,5,10,0,1389,1,1509.090088,1490,5,10,0,1389,1,1509.090088,1490,5,11,0,1383,2,1509.090088,1490,5,12,0,1380,2,1509.090088,1490,5,12,0,1379,2,1509.090088,1490,5,12,0,1373,2,1509.090088,1490,5,14,1,1361,3,1509.090088,1490,5,15,1,1357,3,1509.090088,1490,6,17,1,1353,3,1509.090088
204,Kota Jambi,1813,498,416,0,786,4,1821.030029,1813,512,492,0,696,99,10,4,1821.030029,1813,516,530,0,654,4,1821.030029,1813,516,533,0,651,4,1821.030029,1813,516,533,0,651,4,1821.030029,1813,516,533,0,651,4,1821.030029,1813,517,534,0,650,4,1821.030029,1813,517,535,0,649,4,1821.030029,1813,517,548,0,635,4,1821.030029,1813,521,605,0,581,4,1821.030029,1813,524,705,0,478,4,1821.030029,1813,524,729,0,454,4,1821.030029,1813,525,742,0,440,4,1821.030029
205,Kota Jayapura,7987,1519,470,34,105,8,8032.709961,7987,1529,494,34,72,70,5780,8,8032.709961,7987,1449,502,34,57,8,8032.709961,7987,1432,512,34,41,8,8032.709961,7987,1368,509,34,38,8,8032.709961,7987,1343,507,34,38,8,8032.709961,7987,1343,507,34,38,8,8032.709961,7987,1340,509,34,34,8,8032.709961,7987,1340,516,34,27,8,8032.709961,7987,1317,518,34,17,8,8032.709961,7987,1317,524,34,11,8,8032.709961,7987,1306,524,34,11,8,8032.709961,7987,1306,515,34,11,8,8032.709961
206,Kota Kediri,738,136,240,11,345,0,745.4399414,738,138,252,14,328,0,6,0,745.4399414,738,138,256,16,322,0,745.4399414,738,139,257,16,320,0,745.4399414,738,139,258,16,319,0,745.4399414,738,139,258,16,319,0,745.4399414,738,139,258,16,319,0,745.4399414,738,139,258,16,319,0,745.4399414,738,141,261,17,313,0,745.4399414,738,143,270,18,301,0,745.4399414,738,144,272,18,298,0,745.4399414,738,148,275,18,291,0,745.4399414,738,151,278,18,285,0,745.4399414
207,Kota Kendari,2840,1489,388,0,351,16,2863.75,2840,1500,439,0,282,27,576,16,2863.75,2840,1495,470,0,245,16,2863.75,2840,1479,468,0,245,16,2863.75,2840,1479,469,0,243,16,2863.75,2840,1479,471,0,243,17,2863.75,2840,1478,473,0,243,18,2863.75,2840,1480,473,0,240,18,2863.75,2840,1482,490,0,221,18,2863.75,2840,1455,506,0,200,5,2863.75,2840,1457,522,0,182,5,2863.75,2840,1457,523,0,180,5,2863.75,2840,1457,527,0,176,5,2863.75
208,Kota Kotamobagu,1126,346,348,0,100,0,1134.459961,1126,347,359,0,88,0,332,0,1134.459961,1126,347,365,0,82,0,1134.459961,1126,346,362,0,82,0,1134.459961,1126,336,360,0,82,0,1134.459961,1126,336,353,0,82,0,1134.459961,1126,336,353,0,82,0,1134.459961,1126,336,352,0,82,0,1134.459961,1126,336,355,0,79,0,1134.459961,1126,321,355,0,77,0,1134.459961,1126,322,356,0,75,0,1134.459961,1126,322,357,0,74,0,1134.459961,1126,321,358,0,73,0,1134.459961
209,Kota Kupang,1661,509,616,0,533,0,1679.610107,1661,514,664,0,480,2,1,0,1679.610107,1661,518,708,0,432,0,1679.610107,1661,518,713,0,427,0,1679.610107,1661,518,720,0,420,0,1679.610107,1661,518,720,0,420,0,1679.610107,1661,518,720,0,420,0,1679.610107,1661,520,727,0,411,0,1679.610107,1661,522,731,0,405,0,1679.610107,1661,522,736,0,400,0,1679.610107,1661,522,747,0,389,0,1679.610107,1661,522,752,0,384,0,1679.610107,1661,522,755,0,381,0,1679.610107
210,Kota Langsa,2250,664,259,0,163,2,2265.080078,2250,664,260,0,162,369,793,2,2265.080078,2250,665,261,0,160,2,2265.080078,2250,665,261,0,160,2,2265.080078,2250,665,261,0,160,2,2265.080078,2250,665,261,0,160,2,2265.080078,2250,665,262,0,159,2,2265.080078,2250,665,262,0,159,2,2265.080078,2250,670,272,0,144,2,2265.080078,2250,660,282,0,116,2,2265.080078,2250,662,320,0,76,2,2265.080078,2250,662,332,0,64,2,2265.080078,2250,662,338,0,58,2,2265.080078
211,Kota Lhokseumawe,1449,729,362,0,213,4,1475.02002,1449,729,363,0,212,109,32,4,1475.02002,1449,729,366,0,209,4,1475.02002,1449,730,376,0,197,4,1475.02002,1449,730,376,0,197,4,1475.02002,1449,730,376,0,197,4,1475.02002,1449,730,376,0,197,4,1475.02002,1449,731,385,0,187,4,1475.02002,1449,731,389,0,183,4,1475.02002,1449,735,398,0,164,3,1475.02002,1449,735,408,0,150,4,1475.02002,1449,737,421,0,130,6,1475.02002,1449,737,427,0,123,6,1475.02002
212,Kota Lubuklinggau,3866,3078,155,0,159,0,3891.47998,3866,3130,205,0,106,0,425,0,3891.47998,3866,3131,219,0,91,0,3891.47998,3866,3131,219,0,91,0,3891.47998,3866,3131,219,0,91,0,3891.47998,3866,3131,219,0,91,0,3891.47998,3866,3131,219,0,91,0,3891.47998,3866,3131,220,0,90,0,3891.47998,3866,3131,220,0,90,0,3891.47998,3866,3135,240,0,66,0,3891.47998,3866,3138,259,0,44,0,3891.47998,3866,3138,259,0,44,0,3891.47998,3866,3138,259,0,44,0,3891.47998
213,Kota Madiun,371,5,158,6,202,0,375.519989,371,7,172,12,180,0,0,0,375.519989,371,7,173,12,179,0,375.519989,371,7,173,12,179,0,375.519989,371,7,174,12,178,0,375.519989,371,7,174,12,178,0,375.519989,371,7,174,12,178,0,375.519989,371,7,174,12,178,0,375.519989,371,7,181,12,171,0,375.519989,371,7,198,14,152,0,375.519989,371,7,198,14,152,0,375.519989,371,7,202,14,148,0,375.519989,371,7,202,14,148,0,375.519989
214,Kota Magelang,186,38,4,4,132,0,195.5899963,186,38,4,5,131,0,8,0,195.5899963,186,38,4,5,131,0,195.5899963,186,38,4,5,131,0,195.5899963,186,38,4,5,131,0,195.5899963,186,38,4,5,131,0,195.5899963,186,38,4,5,131,0,195.5899963,186,38,4,5,131,0,195.5899963,186,40,4,5,129,0,195.5899963,186,42,4,7,125,0,195.5899963,186,43,4,8,123,0,195.5899963,186,44,4,11,119,0,195.5899963,186,48,4,11,115,0,195.5899963
215,Kota Makassar,1943,19,240,15,1243,10,1966.150024,1943,20,253,17,1223,322,97,11,1966.150024,1943,23,260,17,1213,11,1966.150024,1943,23,277,17,1187,14,1966.150024,1943,23,289,17,1171,14,1966.150024,1943,23,289,17,1171,14,1966.150024,1943,23,289,17,1167,14,1966.150024,1943,23,297,17,1157,14,1966.150024,1943,23,303,19,1149,14,1966.150024,1943,23,398,20,1048,15,1966.150024,1943,23,462,20,970,19,1966.150024,1943,23,477,20,953,19,1966.150024,1943,23,492,21,937,19,1966.150024
216,Kota Malang,1173,183,71,18,719,0,1184.570068,1173,197,73,24,695,0,184,0,1184.570068,1173,199,74,24,692,0,1184.570068,1173,208,81,36,664,0,1184.570068,1173,209,81,40,659,0,1184.570068,1173,209,81,40,659,0,1184.570068,1173,209,81,40,659,0,1184.570068,1173,209,83,40,659,0,1184.570068,1173,218,87,44,641,0,1184.570068,1173,229,97,57,607,0,1184.570068,1173,235,103,68,584,0,1184.570068,1173,236,103,72,579,0,1184.570068,1173,238,106,73,573,0,1184.570068
217,Kota Manado,1695,485,56,0,468,0,1719.969971,1695,487,58,0,463,21,666,0,1719.969971,1695,490,58,0,460,0,1719.969971,1695,491,58,0,459,0,1719.969971,1695,478,58,0,458,0,1719.969971,1695,478,58,0,458,0,1719.969971,1695,478,58,0,458,0,1719.969971,1695,433,58,0,455,0,1719.969971,1695,437,60,0,449,0,1719.969971,1695,408,55,0,435,0,1719.969971,1695,416,57,0,424,0,1719.969971,1695,426,60,0,410,1,1719.969971,1695,425,63,0,406,1,1719.969971
218,Kota Mataram,633,119,155,0,353,0,648.9000244,633,135,196,0,296,2,4,0,648.9000244,633,137,213,0,277,0,648.9000244,633,143,227,0,257,0,648.9000244,633,143,229,0,255,0,648.9000244,633,143,229,0,255,0,648.9000244,633,143,230,0,254,0,648.9000244,633,143,230,0,254,0,648.9000244,633,145,239,0,243,0,648.9000244,633,148,255,0,224,0,648.9000244,633,151,271,0,205,0,648.9000244,633,156,275,0,196,0,648.9000244,633,158,277,0,192,0,648.9000244
219,Kota Medan,2997,138,174,0,2288,0,3023.550049,2997,144,187,0,2275,45,346,0,3023.550049,2997,144,195,0,2267,0,3023.550049,2997,146,228,0,2229,2,3023.550049,2997,151,229,0,2229,2,3023.550049,2997,151,230,0,2228,2,3023.550049,2997,151,234,0,2224,2,3023.550049,2997,151,238,0,2220,2,3023.550049,2997,152,238,0,2217,2,3023.550049,2997,151,240,0,2210,3,3023.550049,2997,152,247,0,2198,5,3023.550049,2997,152,260,0,2185,5,3023.550049,2997,152,281,0,2164,5,3023.550049
220,Kota Metro,821,23,607,0,191,0,835.5599976,821,24,687,0,110,0,0,0,835.5599976,821,24,720,0,77,0,835.5599976,821,24,725,0,72,0,835.5599976,821,24,725,0,72,0,835.5599976,821,24,725,0,72,0,835.5599976,821,24,725,0,72,0,835.5599976,821,24,725,0,72,0,835.5599976,821,24,725,0,72,0,835.5599976,821,24,736,0,61,0,835.5599976,821,25,742,0,54,0,835.5599976,821,25,743,0,53,0,835.5599976,821,25,743,0,53,0,835.5599976
221,Kota Mojokerto,211,6,75,0,128,0,219.8599854,211,6,84,0,119,2,0,0,219.8599854,211,6,87,0,116,0,219.8599854,211,6,89,0,114,0,219.8599854,211,6,89,0,114,0,219.8599854,211,6,89,0,114,0,219.8599854,211,6,89,0,114,0,219.8599854,211,6,89,0,114,0,219.8599854,211,6,89,0,114,0,219.8599854,211,8,101,0,100,0,219.8599854,211,10,114,0,85,0,219.8599854,211,11,118,0,80,0,219.8599854,211,11,120,0,77,0,219.8599854
222,Kota Padang,7221,899,651,0,925,1,7264.5,7221,906,667,0,898,70,4679,1,7264.5,7221,902,694,0,867,2,7264.5,7221,899,718,0,840,2,7264.5,7221,891,718,0,839,2,7264.5,7221,888,720,0,833,2,7264.5,7221,893,721,0,827,2,7264.5,7221,895,722,0,824,2,7264.5,7221,901,724,0,814,2,7264.5,7221,887,746,0,781,2,7264.5,7221,877,852,0,666,2,7264.5,7221,879,902,0,613,2,7264.5,7221,879,921,0,594,2,7264.5
223,Kota Padang Panjang,222,68,58,0,45,0,227.0599976,222,68,58,0,45,0,51,0,227.0599976,222,68,58,0,45,0,227.0599976,222,76,58,0,45,0,227.0599976,222,76,58,0,45,0,227.0599976,222,75,58,0,45,0,227.0599976,222,75,58,0,45,0,227.0599976,222,75,58,0,45,0,227.0599976,222,76,59,0,43,0,227.0599976,222,80,62,0,40,0,227.0599976,222,80,64,0,38,0,227.0599976,222,80,66,0,36,0,227.0599976,222,80,68,0,34,0,227.0599976
224,Kota Padangsidimpuan,1423,947,346,0,118,0,1429.530029,1423,948,353,0,110,0,12,0,1429.530029,1423,949,356,0,106,0,1429.530029,1423,949,356,0,106,0,1429.530029,1423,949,356,0,106,0,1429.530029,1423,949,356,0,106,0,1429.530029,1423,949,356,0,106,0,1429.530029,1423,949,356,0,106,0,1429.530029,1423,949,358,0,104,0,1429.530029,1423,949,360,0,102,0,1429.530029,1423,949,362,0,100,0,1429.530029,1423,926,361,0,97,0,1429.530029,1423,899,361,0,97,0,1429.530029
225,Kota Pagar Alam,6249,2551,159,0,39,0,6262.130371,6249,2550,164,0,28,0,3507,0,6262.130371,6249,2753,170,0,22,0,6262.130371,6249,2753,170,0,22,0,6262.130371,6249,2748,170,0,21,0,6262.130371,6249,2746,170,0,21,0,6262.130371,6249,2746,170,0,21,0,6262.130371,6249,2755,172,0,21,0,6262.130371,6249,2755,173,0,20,0,6262.130371,6249,2854,211,0,14,0,6262.130371,6249,2858,211,0,10,0,6262.130371,6249,2858,211,0,10,0,6262.130371,6249,2858,211,0,10,0,6262.130371
226,Kota Palangka Raya,27403,5047,1256,1976,412,1,27469.37891,27403,5072,1268,1978,396,102,18571,1,27469.37891,27403,5147,1273,1971,389,1,27469.38025,27403,4915,1270,1931,389,1,27469.38025,27403,4848,1269,1895,389,1,27469.38025,27403,4856,1259,1844,388,1,27469.38025,27403,4866,1219,1679,388,1,27469.38025,27403,4781,1143,859,388,1,27469.38025,27403,4783,1150,859,379,1,27469.38025,27403,4674,1226,739,269,0,27469.38025,27403,4641,1300,683,203,0,27469.38025,27403,4560,1300,634,194,0,27469.38025,27403,4473,1291,597,191,0,27469.38025
227,Kota Palembang,3883,820,1193,30,1537,120,3901.179932,3883,834,1331,30,1384,177,6,121,3901.179932,3883,835,1372,30,1341,122,3901.179932,3883,835,1382,30,1323,130,3901.179932,3883,836,1388,30,1319,131,3901.179932,3883,837,1389,30,1317,131,3901.179932,3883,838,1396,30,1307,133,3901.179932,3883,839,1401,30,1299,135,3901.179932,3883,839,1436,30,1256,143,3901.179932,3883,840,1494,30,1192,146,3901.179932,3883,840,1553,30,1130,149,3901.179932,3883,840,1593,30,1090,149,3901.179932,3883,840,1621,30,1060,151,3901.179932
228,Kota Palopo,2962,1321,220,0,105,0,2981.399902,2962,1213,234,0,84,155,1276,0,2981.399902,2962,1253,245,0,67,0,2981.399902,2962,1255,245,0,67,0,2981.399902,2962,1313,245,0,67,0,2981.399902,2962,1313,245,0,67,0,2981.399902,2962,1316,247,0,67,0,2981.399902,2962,1355,247,0,67,0,2981.399902,2962,1355,250,0,64,0,2981.399902,2962,1473,257,0,59,0,2981.399902,2962,1470,257,0,59,0,2981.399902,2962,1470,258,0,58,0,2981.399902,2962,1464,258,0,58,0,2981.399902
229,Kota Palu,4099,984,636,18,675,2,4129.169922,4099,1003,663,18,644,30,1739,2,4129.169922,4099,1028,684,18,625,2,4129.169922,4099,1027,689,18,617,4,4129.169922,4099,1021,689,18,617,4,4129.169922,4099,1021,689,18,617,4,4129.169922,4099,1021,690,18,616,4,4129.169922,4099,1022,700,18,605,4,4129.169922,4099,1022,703,18,602,4,4129.169922,4099,965,701,18,598,2,4129.169922,4099,976,719,18,578,2,4129.169922,4099,976,731,18,565,2,4129.169922,4099,987,744,18,552,2,4129.169922
230,Kota Pangkal Pinang,1106,411,287,3,253,2,1114.01001,1106,424,339,4,195,35,107,2,1114.01001,1106,426,355,4,177,2,1114.01001,1106,430,362,4,163,3,1114.01001,1106,430,362,4,163,3,1114.01001,1106,430,363,4,162,3,1114.01001,1106,430,363,4,162,3,1114.01001,1106,430,365,4,160,3,1114.01001,1106,430,380,4,145,3,1114.01001,1106,430,417,4,104,3,1114.01001,1106,415,441,4,79,3,1114.01001,1106,412,432,4,78,2,1114.01001,1106,403,433,4,77,2,1114.01001
231,Kota Parepare,920,280,477,0,88,0,935.4799805,920,284,499,0,67,2,68,0,935.4799805,920,309,514,0,59,0,935.4799805,920,309,514,0,58,0,935.4799805,920,309,514,0,58,0,935.4799805,920,309,514,0,58,0,935.4799805,920,309,514,0,58,0,935.4799805,920,309,512,0,58,0,935.4799805,920,309,515,0,55,0,935.4799805,920,309,516,0,54,0,935.4799805,920,309,517,0,53,0,935.4799805,920,309,517,0,53,0,935.4799805,920,309,517,0,53,0,935.4799805
232,Kota Pariaman,675,321,83,0,86,0,691.8300171,675,321,83,0,86,1,184,0,691.8300171,675,322,82,0,85,0,691.8300171,675,304,78,0,83,0,691.8300171,675,299,78,0,83,0,691.8300171,675,296,78,0,83,0,691.8300171,675,296,78,0,83,0,691.8300171,675,296,78,0,83,0,691.8300171,675,300,80,0,77,0,691.8300171,675,305,88,0,63,0,691.8300171,675,308,96,0,52,0,691.8300171,675,309,100,0,46,0,691.8300171,675,309,104,0,42,0,691.8300171
233,Kota Pasuruan,416,56,117,0,158,0,421.2700195,416,56,126,0,149,3,82,0,421.2700195,416,56,126,0,149,0,421.2700195,416,57,131,0,143,0,421.2700195,416,57,131,0,143,0,421.2700195,416,56,127,0,143,0,421.2700195,416,56,127,0,143,0,421.2700195,416,56,128,0,142,0,421.2700195,416,56,131,0,138,0,421.2700195,416,57,142,0,126,0,421.2700195,416,57,149,0,119,0,421.2700195,416,57,151,0,117,0,421.2700195,416,57,156,0,112,0,421.2700195
234,Kota Payakumbuh,792,312,270,0,170,0,801.4699707,792,312,272,0,168,0,40,0,801.4699707,792,312,274,0,165,0,801.4699707,792,312,274,0,165,0,801.4699707,792,312,274,0,165,0,801.4699707,792,312,274,0,165,0,801.4699707,792,312,274,0,165,0,801.4699707,792,312,274,0,165,0,801.4699707,792,314,280,0,157,0,801.4699707,792,306,292,0,134,0,801.4699707,792,307,301,0,123,0,801.4699707,792,312,311,0,107,0,801.4699707,792,317,317,0,96,0,801.4699707
235,Kota Pekalongan,487,5,42,0,346,0,492.1699829,487,6,45,0,341,58,37,0,492.1699829,487,7,45,0,340,0,492.1699829,487,8,49,0,334,0,492.1699829,487,8,49,0,334,0,492.1699829,487,8,49,0,334,0,492.1699829,487,8,49,0,334,0,492.1699829,487,8,49,0,334,0,492.1699829,487,8,51,0,332,0,492.1699829,487,11,59,0,321,0,492.1699829,487,11,66,0,314,0,492.1699829,487,11,71,0,308,0,492.1699829,487,11,71,0,307,0,492.1699829
236,Kota Pekanbaru,6582,3139,2021,0,1286,0,6614.239746,6582,3146,2210,0,1090,10,126,0,6614.239746,6582,3148,2313,0,985,0,6614.239746,6582,3147,2314,0,984,0,6614.239746,6582,3152,2317,0,981,0,6614.239746,6582,3153,2321,0,977,0,6614.239746,6582,3153,2322,0,976,0,6614.239746,6582,3155,2340,0,963,0,6614.239746,6582,3157,2389,0,912,0,6614.239746,6582,3161,2483,0,823,0,6614.239746,6582,3167,2571,0,736,0,6614.239746,6582,3165,2630,0,677,0,6614.239746,6582,3167,2661,0,644,0,6614.239746
237,Kota Pematang Siantar,804,258,265,0,223,14,818.7299805,804,259,282,0,205,27,17,14,818.7299805,804,259,288,0,198,15,818.7299805,804,259,288,0,198,15,818.7299805,804,259,288,0,198,15,818.7299805,804,259,288,0,198,15,818.7299805,804,259,288,0,198,15,818.7299805,804,258,288,0,198,15,818.7299805,804,258,292,0,194,15,818.7299805,804,258,297,0,189,15,818.7299805,804,260,304,0,181,15,818.7299805,804,260,310,0,175,15,818.7299805,804,261,311,0,174,15,818.7299805
238,Kota Pontianak,1138,155,250,0,729,0,1158.390015,1138,156,254,0,724,0,4,0,1158.390015,1138,160,261,0,713,0,1158.390015,1138,160,261,0,713,0,1158.390015,1138,160,261,0,713,0,1158.390015,1138,160,261,0,713,0,1158.390015,1138,160,262,0,712,0,1158.390015,1138,160,262,0,712,0,1158.390015,1138,162,268,0,704,0,1158.390015,1138,169,280,0,685,0,1158.390015,1138,176,303,0,655,0,1158.390015,1138,180,316,0,638,0,1158.390015,1138,181,326,0,627,0,1158.390015
239,Kota Prabumulih,4286,3740,398,0,127,0,4311.160156,4286,3742,421,0,102,0,21,0,4311.160156,4286,3742,432,0,91,0,4311.160156,4286,3742,432,0,91,0,4311.160156,4286,3742,432,0,91,0,4311.160156,4286,3742,432,0,91,0,4311.160156,4286,3742,432,0,91,0,4311.160156,4286,3742,432,0,91,0,4311.160156,4286,3742,465,0,58,0,4311.160156,4286,3742,482,0,41,0,4311.160156,4286,3742,484,0,39,0,4311.160156,4286,3742,484,0,39,0,4311.160156,4286,3742,484,0,39,0,4311.160156
240,Kota Probolinggo,580,104,229,0,172,0,594.3800049,580,123,259,0,123,4,71,0,594.3800049,580,127,267,0,111,0,594.3800049,580,127,267,0,105,1,594.3800049,580,127,267,0,105,1,594.3800049,580,127,267,0,105,1,594.3800049,580,127,267,0,105,1,594.3800049,580,127,267,0,105,1,594.3800049,580,130,281,0,88,1,594.3800049,580,130,296,0,70,1,594.3800049,580,130,304,0,60,1,594.3800049,580,130,306,0,58,1,594.3800049,580,130,307,0,57,1,594.3800049
241,Kota Sabang,1296,242,7,0,26,0,1320.580078,1296,242,7,0,26,48,973,0,1320.580078,1296,242,7,0,26,0,1320.580078,1296,228,7,0,26,0,1320.580078,1296,228,7,0,26,0,1320.580078,1296,228,7,0,26,0,1320.580078,1296,228,7,0,26,0,1320.580078,1296,228,7,0,26,0,1320.580078,1296,228,7,0,26,0,1320.580078,1296,231,8,0,22,0,1320.580078,1296,236,9,0,15,0,1320.580078,1296,236,9,0,15,0,1320.580078,1296,236,11,0,13,0,1320.580078
242,Kota Salatiga,570,165,41,14,129,0,572.3200073,570,179,41,17,109,0,224,0,572.3200073,570,181,41,19,104,0,572.3200073,570,181,41,19,104,0,572.3200073,570,181,41,19,104,0,572.3200073,570,181,41,19,104,0,572.3200073,570,181,41,19,104,0,572.3200073,570,181,41,19,104,0,572.3200073,570,184,43,20,97,0,572.3200073,570,185,43,23,92,0,572.3200073,570,185,43,28,87,0,572.3200073,570,186,43,30,83,0,572.3200073,570,186,43,31,82,0,572.3200073
243,Kota Samarinda,7629,4909,1721,0,640,6,7657.069824,7629,4910,1786,0,574,279,74,6,7657.069824,7629,4911,1809,0,546,6,7657.069824,7629,4913,1813,0,540,6,7657.069824,7629,4916,1815,0,536,6,7657.069824,7629,4917,1817,0,533,6,7657.069824,7629,4917,1819,0,531,6,7657.069824,7629,4919,1831,0,514,6,7657.069824,7629,4919,1883,0,461,6,7657.069824,7629,4923,1975,0,364,6,7657.069824,7629,4930,2059,0,268,6,7657.069824,7629,4931,2070,0,256,6,7657.069824,7629,4935,2094,0,222,6,7657.069824
244,Kota Sawah Lunto,2516,1613,169,2,114,2,2528.949951,2516,1614,170,2,113,2,613,2,2528.949951,2516,1631,170,2,113,2,2528.949951,2516,1644,171,2,112,2,2528.949951,2516,1696,174,2,111,2,2528.949951,2516,1696,174,2,111,2,2528.949951,2516,1691,174,2,111,2,2528.949951,2516,1688,174,2,111,2,2528.949951,2516,1689,178,2,106,2,2528.949951,2516,1680,179,2,101,2,2528.949951,2516,1654,178,2,95,2,2528.949951,2516,1655,182,2,90,2,2528.949951,2516,1652,185,2,82,2,2528.949951
245,Kota Semarang,4093,714,798,45,1743,21,4118.509766,4093,716,819,49,1713,276,499,21,4118.509766,4093,713,820,49,1710,21,4118.509766,4093,718,832,50,1679,26,4118.509766,4093,720,841,50,1668,26,4118.509766,4093,721,842,50,1666,26,4118.509766,4093,722,849,50,1658,26,4118.509766,4093,722,856,50,1650,27,4118.509766,4093,744,872,50,1609,28,4118.509766,4093,758,937,55,1522,30,4118.509766,4093,786,1041,63,1377,32,4118.509766,4093,794,1060,68,1344,33,4118.509766,4093,801,1068,70,1325,33,4118.509766
246,Kota Serang,2807,487,1046,1,944,45,2825.740234,2807,488,1071,1,918,112,172,45,2825.740234,2807,489,1083,1,905,45,2825.740234,2807,489,1126,1,854,47,2825.740234,2807,488,1129,1,851,47,2825.740234,2807,488,1129,1,851,47,2825.740234,2807,487,1129,1,850,47,2825.740234,2807,487,1130,1,849,47,2825.740234,2807,487,1137,1,842,47,2825.740234,2807,492,1140,1,839,47,2825.740234,2807,496,1145,1,834,47,2825.740234,2807,496,1152,1,827,47,2825.740234,2807,496,1162,1,817,47,2825.740234
247,Kota Sibolga,112,30,6,0,40,0,118.9499969,112,25,6,0,40,9,32,0,118.9499969,112,23,6,0,40,0,118.9499969,112,23,6,0,39,0,118.9499969,112,23,6,0,39,0,118.9499969,112,23,6,0,39,0,118.9499969,112,23,6,0,39,0,118.9499969,112,23,6,0,39,0,118.9499969,112,23,6,0,39,0,118.9499969,112,24,7,0,37,0,118.9499969,112,24,8,0,36,0,118.9499969,112,25,8,0,35,0,118.9499969,112,25,9,0,34,0,118.9499969
248,Kota Singkawang,4750,2561,748,13,205,4,4771.459961,4750,2561,758,13,195,30,1189,4,4771.459961,4750,2557,761,13,192,4,4771.459961,4750,2549,768,11,181,8,4771.459961,4750,2545,764,9,181,8,4771.459961,4750,2533,757,7,181,8,4771.459961,4750,2500,753,7,177,8,4771.459961,4750,2426,756,7,171,8,4771.459961,4750,2426,769,7,158,8,4771.459961,4750,2329,787,7,140,8,4771.459961,4750,2322,801,5,127,8,4771.459961,4750,2316,803,5,122,8,4771.459961,4750,2316,806,5,121,8,4771.459961
249,Kota Solok,642,264,108,4,95,4,651.0700684,642,264,110,4,93,0,167,4,651.0700684,642,264,110,4,93,4,651.0700684,642,264,110,4,93,4,651.0700684,642,264,110,4,93,4,651.0700684,642,256,110,4,93,4,651.0700684,642,256,109,4,93,4,651.0700684,642,255,109,4,93,4,651.0700684,642,255,111,4,91,4,651.0700684,642,255,122,4,80,4,651.0700684,642,255,129,4,73,4,651.0700684,642,255,135,4,67,4,651.0700684,642,255,139,4,63,4,651.0700684
250,Kota Sorong,3135,551,150,0,103,0,3158.550293,3135,551,152,0,99,77,2256,0,3158.550293,3135,549,154,0,96,0,3158.550293,3135,548,157,0,91,0,3158.550293,3135,544,157,0,91,0,3158.550293,3135,553,157,0,91,0,3158.550293,3135,562,157,0,90,0,3158.550293,3135,562,157,0,90,0,3158.550293,3135,565,160,0,84,0,3158.550293,3135,562,179,0,55,0,3158.550293,3135,571,188,0,36,2,3158.550293,3135,571,189,0,34,2,3158.550293,3135,568,192,0,29,2,3158.550293
251,Kota Subulussalam,12299,5785,767,2,7,16,12349.13086,12299,5717,768,2,6,27,5761,16,12349.13086,12299,5667,768,2,6,16,12349.13086,12299,5658,771,2,6,16,12349.13086,12299,5654,704,2,6,16,12349.13086,12299,5542,656,2,6,13,12349.13086,12299,5407,600,2,6,13,12349.13086,12299,5374,595,0,6,13,12349.13086,12299,5374,596,0,5,13,12349.13086,12299,5318,595,0,5,13,12349.13086,12299,5204,576,0,5,10,12349.13086,12299,5152,542,0,4,7,12349.13086,12299,5034,507,0,4,3,12349.13086
252,Kota Sukabumi,520,152,137,5,211,0,528.6900024,520,167,144,6,188,0,15,0,528.6900024,520,167,147,6,185,0,528.6900024,520,177,156,6,166,0,528.6900024,520,177,156,6,166,0,528.6900024,520,177,156,6,166,0,528.6900024,520,177,156,6,166,0,528.6900024,520,177,156,6,166,0,528.6900024,520,179,156,7,163,0,528.6900024,520,186,160,11,148,0,528.6900024,520,195,165,13,132,0,528.6900024,520,195,170,13,127,0,528.6900024,520,196,171,14,124,0,528.6900024
253,Kota Sungai Penuh,3715,624,408,0,68,0,3733.570068,3715,637,413,0,62,0,2603,0,3733.570068,3715,648,415,0,59,0,3733.570068,3715,648,418,0,56,0,3733.570068,3715,633,413,0,56,0,3733.570068,3715,617,409,0,56,0,3733.570068,3715,616,409,0,56,0,3733.570068,3715,616,409,0,56,0,3733.570068,3715,616,412,0,53,0,3733.570068,3715,641,431,0,35,0,3733.570068,3715,660,432,0,33,0,3733.570068,3715,660,432,0,33,0,3733.570068,3715,660,432,0,33,0,3733.570068
254,Kota Surabaya,3569,7,376,19,2432,17,3590.450195,3569,7,390,19,2406,548,180,19,3590.450195,3569,7,399,20,2391,19,3590.450195,3569,8,442,21,2334,24,3590.450195,3569,8,462,21,2303,26,3590.450195,3569,8,464,21,2299,26,3590.450195,3569,8,474,21,2281,26,3590.450195,3569,8,476,21,2276,29,3590.450195,3569,8,488,21,2260,29,3590.450195,3569,8,560,22,2173,29,3590.450195,3569,8,617,22,2096,36,3590.450195,3569,8,631,22,2070,42,3590.450195,3569,8,652,23,2039,42,3590.450195
255,Kota Surakarta,493,0,6,4,483,0,499.0700073,493,0,7,4,482,0,0,0,499.0700073,493,0,7,4,482,0,499.0700073,493,1,9,6,477,0,499.0700073,493,1,9,6,477,0,499.0700073,493,1,9,6,477,0,499.0700073,493,1,9,6,477,0,499.0700073,493,1,9,6,477,0,499.0700073,493,1,13,7,472,0,499.0700073,493,4,19,14,456,0,499.0700073,493,4,25,17,447,0,499.0700073,493,4,27,20,442,0,499.0700073,493,4,27,20,442,0,499.0700073
256,Kota Tangerang,1926,3,3,0,1918,0,1939.899902,1926,3,3,0,1917,3,0,0,1939.899902,1926,3,3,0,1917,0,1939.899902,1926,3,4,0,1914,0,1939.899902,1926,3,5,0,1913,0,1939.899902,1926,3,5,0,1913,0,1939.899902,1926,3,5,0,1913,0,1939.899902,1926,3,6,0,1912,0,1939.899902,1926,3,6,0,1912,0,1939.899902,1926,3,6,0,1912,0,1939.899902,1926,4,7,0,1910,0,1939.899902,1926,4,7,0,1910,0,1939.899902,1926,4,7,0,1910,0,1939.899902
257,Kota Tangerang Selatan,1754,0,10,0,1742,0,1755.830078,1754,0,10,0,1742,2,0,0,1755.830078,1754,0,10,0,1742,0,1755.830078,1754,0,11,0,1741,0,1755.830078,1754,0,11,0,1741,0,1755.830078,1754,0,11,0,1741,0,1755.830078,1754,0,11,0,1741,0,1755.830078,1754,0,11,0,1741,0,1755.830078,1754,1,11,0,1740,0,1755.830078,1754,1,11,0,1740,0,1755.830078,1754,2,11,0,1739,0,1755.830078,1754,3,11,0,1738,0,1755.830078,1754,3,12,0,1737,0,1755.830078
258,Kota Tanjung Balai,640,367,65,0,86,0,649.5,640,367,67,0,84,30,92,0,649.5,640,368,66,0,83,0,649.5,640,367,65,0,83,0,649.5,640,373,65,0,83,0,649.5,640,373,65,0,83,0,649.5,640,373,65,0,83,0,649.5,640,373,65,0,83,0,649.5,640,373,68,0,80,0,649.5,640,373,68,0,79,0,649.5,640,373,68,0,79,0,649.5,640,373,68,0,79,0,649.5,640,373,69,0,78,0,649.5
259,Kota Tanjung Pinang,1563,320,783,19,157,6,1587.02002,1563,320,800,19,138,94,186,6,1587.02002,1563,321,806,19,130,6,1587.02002,1563,322,816,19,110,7,1587.02002,1563,324,818,19,110,7,1587.02002,1563,324,820,19,108,7,1587.02002,1563,324,824,19,103,7,1587.02002,1563,324,824,19,103,7,1587.02002,1563,324,824,19,100,7,1587.02002,1563,317,824,19,88,8,1587.02002,1563,317,827,19,80,8,1587.02002,1563,317,828,19,78,8,1587.02002,1563,310,815,19,77,8,1587.02002
260,Kota Tarakan,2648,741,319,0,189,4,2662.839844,2648,741,323,0,180,221,1179,4,2662.839844,2648,737,323,0,173,5,2662.839844,2648,734,323,0,173,5,2662.839844,2648,727,323,0,173,5,2662.839844,2648,715,307,0,173,5,2662.839844,2648,715,307,0,171,7,2662.839844,2648,715,311,0,167,7,2662.839844,2648,715,313,0,165,7,2662.839844,2648,718,335,0,147,7,2662.839844,2648,718,352,0,127,7,2662.839844,2648,718,363,0,116,7,2662.839844,2648,719,368,0,109,7,2662.839844
261,Kota Tasikmalaya,1951,933,194,4,436,0,1971.330078,1951,956,198,4,409,2,382,0,1971.330078,1951,968,204,4,391,0,1971.330078,1951,975,210,11,366,0,1971.330078,1951,975,208,11,366,0,1971.330078,1951,975,208,11,366,0,1971.330078,1951,975,208,11,366,0,1971.330078,1951,975,208,11,366,0,1971.330078,1951,980,210,11,359,0,1971.330078,1951,1002,219,18,320,0,1971.330078,1951,1035,224,22,278,0,1971.330078,1951,1045,229,27,250,0,1971.330078,1951,1054,231,38,228,0,1971.330078
262,Kota Tebing Tinggi,427,153,115,0,159,0,431.9200134,427,155,120,0,152,0,0,0,431.9200134,427,155,123,0,149,0,431.9200134,427,155,123,0,149,0,431.9200134,427,155,123,0,149,0,431.9200134,427,155,123,0,149,0,431.9200134,427,155,123,0,149,0,431.9200134,427,155,123,0,149,0,431.9200134,427,159,138,0,130,0,431.9200134,427,160,143,0,124,0,431.9200134,427,161,147,0,119,0,431.9200134,427,161,153,0,113,0,431.9200134,427,161,156,0,110,0,431.9200134
263,Kota Tegal,416,8,19,1,273,6,419.0300293,416,8,19,1,273,79,30,6,419.0300293,416,8,22,1,270,6,419.0300293,416,8,36,1,256,6,419.0300293,416,8,39,1,253,6,419.0300293,416,8,39,1,253,6,419.0300293,416,8,39,1,250,9,419.0300293,416,8,39,1,249,9,419.0300293,416,8,40,1,248,9,419.0300293,416,8,40,1,246,9,419.0300293,416,8,40,1,246,9,419.0300293,416,8,40,1,246,9,419.0300293,416,8,40,2,244,9,419.0300293
264,Kota Ternate,1698,152,15,0,153,0,1731.150146,1698,163,12,0,139,53,1331,0,1731.150146,1698,169,12,0,133,0,1731.150024,1698,169,12,0,126,0,1731.150024,1698,141,12,0,126,0,1731.150024,1698,140,12,0,126,0,1731.150024,1698,132,10,0,126,0,1731.150024,1698,120,10,0,126,0,1731.150024,1698,122,10,0,124,0,1731.150024,1698,111,4,0,122,0,1731.150024,1698,112,5,0,119,0,1731.150024,1698,113,7,0,116,0,1731.150024,1698,116,7,0,112,0,1731.150024
265,Kota Tidore Kepulauan,17715,391,2,0,52,0,17806.65039,17715,399,3,0,42,83,17188,0,17806.65039,17715,379,3,0,40,0,17806.65039,17715,366,3,0,39,0,17806.65039,17715,320,2,0,39,0,17806.65039,17715,285,2,0,39,0,17806.65039,17715,283,2,0,39,0,17806.65039,17715,277,2,0,39,0,17806.65039,17715,279,2,0,35,0,17806.65039,17715,288,2,0,33,0,17806.65039,17715,288,2,0,33,0,17806.65039,17715,288,2,0,33,0,17806.65039,17715,291,2,0,32,0,17806.65039
266,Kota Tomohon,1582,643,88,0,76,0,1596.399902,1582,643,88,0,76,5,770,0,1596.399902,1582,643,89,0,75,0,1596.399902,1582,643,89,0,75,0,1596.399902,1582,639,89,0,75,0,1596.399902,1582,637,89,0,75,0,1596.399902,1582,630,89,0,75,0,1596.399902,1582,620,89,0,75,0,1596.399902,1582,622,93,0,69,0,1596.399902,1582,616,95,0,66,0,1596.399902,1582,628,99,0,62,0,1596.399902,1582,628,102,0,59,0,1596.399902,1582,628,103,0,58,0,1596.399902
267,Kota Tual,2427,664,207,21,36,0,2512.329834,2427,664,215,21,28,185,1314,0,2512.329834,2427,657,218,21,24,0,2512.329895,2427,653,218,21,24,0,2512.329895,2427,634,218,21,24,0,2512.329895,2427,607,217,21,24,0,2512.329895,2427,605,217,21,24,0,2512.329895,2427,597,216,21,24,0,2512.329895,2427,598,221,21,17,0,2512.329895,2427,580,224,21,12,0,2512.329895,2427,580,230,21,6,0,2512.329895,2427,578,230,21,6,0,2512.329895,2427,578,230,21,6,0,2512.329895
268,Kota Yogyakarta,353,0,0,0,353,0,356.769989,353,0,0,2,351,0,0,0,356.769989,353,0,0,2,351,0,356.769989,353,0,0,2,351,0,356.769989,353,0,0,2,351,0,356.769989,353,0,0,2,351,0,356.769989,353,0,0,2,351,0,356.769989,353,0,0,2,351,0,356.769989,353,0,0,2,351,0,356.769989,353,0,0,3,350,0,356.769989,353,0,0,5,348,0,356.769989,353,0,0,6,347,0,356.769989,353,0,0,6,347,0,356.769989
269,Kotawaringin Barat,88339,36442,6950,1446,124,12,88454.17969,88339,37274,6894,1446,83,950,40721,12,88454.17969,88339,37676,6871,1447,51,12,88454.19159,88339,37451,6792,1433,50,12,88454.19159,88339,36795,6785,1438,48,12,88454.19159,88339,36519,6644,1413,48,12,88454.19159,88339,36491,6616,1402,48,12,88454.19159,88339,35761,6598,974,48,12,88454.19159,88339,35761,6601,974,45,12,88454.19159,88339,36158,6567,949,39,7,88454.19159,88339,36305,6583,916,38,7,88454.19159,88339,36299,6563,907,37,7,88454.19159,88339,36127,6517,874,35,7,88454.19159
270,Kotawaringin Timur,165398,88697,16141,3601,184,5,165551.8789,165398,89014,16221,3515,117,753,55617,5,165551.8789,165398,89015,16210,3499,97,5,165551.8936,165398,88476,16037,3448,91,5,165551.8936,165398,87962,15878,3430,91,5,165551.8936,165398,88262,15763,3435,91,5,165551.8936,165398,88410,15777,3438,90,5,165551.8936,165398,87433,15770,3027,90,5,165551.8936,165398,87434,15770,3027,89,5,165551.8936,165398,87271,15806,2925,88,5,165551.8936,165398,87133,15762,2716,85,5,165551.8936,165398,86844,15706,2409,85,5,165551.8936,165398,86071,15510,2167,85,5,165551.8936
271,Kuantan Singingi,55637,33326,2783,7,24,15,55721.85547,55637,34396,2733,7,22,196,18268,15,55721.85547,55637,34808,2651,7,22,15,55721.85156,55637,34825,2618,7,21,15,55721.85156,55637,35079,2616,7,21,15,55721.85156,55637,35160,2605,7,21,15,55721.85156,55637,34982,2541,7,21,15,55721.85156,55637,34562,2423,7,21,15,55721.85156,55637,34563,2425,7,18,15,55721.85156,55637,34069,2446,7,15,15,55721.85156,55637,33799,2446,7,14,15,55721.85156,55637,33425,2439,2,14,15,55721.85156,55637,32896,2381,2,13,13,55721.85156
272,Kubu Raya,90557,14091,24279,1228,542,1,90813.88281,90557,14089,24155,1228,522,1736,48826,1,90813.88281,90557,13958,23948,1228,512,1,90813.91609,90557,13827,23775,1209,488,1,90813.91609,90557,13730,23517,1126,486,1,90813.91609,90557,13610,23305,1093,486,1,90813.91609,90557,13496,23095,956,485,1,90813.91609,90557,13032,22200,90,485,1,90813.91609,90557,13033,22211,90,473,1,90813.91609,90557,12479,21248,66,459,1,90813.91609,90557,12260,20714,65,437,1,90813.91609,90557,11948,20058,54,421,1,90813.91609,90557,11256,18503,53,413,1,90813.91609
273,Kudus,4626,642,2738,27,528,3,4649.259766,4626,644,2839,33,422,11,674,3,4649.259766,4626,610,2842,33,419,3,4649.259766,4626,610,2843,33,418,3,4649.259766,4626,610,2844,33,417,3,4649.259766,4626,610,2844,33,417,3,4649.259766,4626,610,2846,33,415,3,4649.259766,4626,610,2846,33,415,3,4649.259766,4626,611,2856,33,404,3,4649.259766,4626,602,2870,33,385,3,4649.259766,4626,602,2874,33,381,3,4649.259766,4626,595,2877,33,377,3,4649.259766,4626,595,2880,33,374,3,4649.259766
274,Kulon Progo,6108,1892,1564,33,76,5,6138.22998,6108,1893,1571,34,64,64,2477,5,6138.22998,6108,1884,1571,34,64,5,6138.22998,6108,1884,1573,34,62,5,6138.22998,6108,1881,1570,34,62,5,6138.22998,6108,1881,1546,34,62,5,6138.22998,6108,1885,1546,34,62,5,6138.22998,6108,2019,1548,34,62,5,6138.22998,6108,2019,1548,34,62,5,6138.22998,6108,2047,1551,34,56,5,6138.22998,6108,2048,1552,34,54,5,6138.22998,6108,2048,1552,34,54,5,6138.22998,6108,2058,1553,34,53,5,6138.22998
275,Kuningan,12562,4664,2933,94,1086,3,12617.63965,12562,4749,2970,101,1015,40,3684,3,12617.63965,12562,4799,2986,106,978,3,12617.63965,12562,4799,2986,106,978,3,12617.63965,12562,4751,2986,106,978,3,12617.63965,12562,4751,2986,106,978,3,12617.63965,12562,4753,2986,106,978,3,12617.63965,12562,4835,2995,106,978,3,12617.63965,12562,4854,3025,108,927,3,12617.63965,12562,4910,3045,111,896,3,12617.63965,12562,4924,3062,112,865,3,12617.63965,12562,4915,3067,118,844,3,12617.63965,12562,4932,3092,121,811,3,12617.63965
276,Kupang,54592,32195,15466,0,897,16,54735.0625,54592,32097,15481,0,882,241,5875,16,54735.0625,54592,32088,15485,0,872,16,54735.05762,54592,32106,15502,0,832,16,54735.05762,54592,32104,15513,0,784,16,54735.05762,54592,32103,15513,0,784,16,54735.05762,54592,32095,15520,0,753,16,54735.05762,54592,32120,15555,0,652,14,54735.05762,54592,32120,15556,0,651,14,54735.05762,54592,32094,15552,0,650,12,54735.05762,54592,32103,15553,0,649,12,54735.05762,54592,32088,15553,0,648,12,54735.05762,54592,32084,15554,0,647,12,54735.05762
277,Kutai Barat,143851,48406,7624,676,57,196,143959.0938,143851,49234,7424,665,56,2044,83447,196,143959.0938,143851,50290,7133,661,56,195,143959.0973,143851,50198,7059,654,51,195,143959.0973,143851,50123,6910,653,50,195,143959.0973,143851,49367,6058,635,50,15,143959.0973,143851,49216,5974,630,50,15,143959.0973,143851,49319,5178,593,50,15,143959.0973,143851,49319,5178,593,50,15,143959.0973,143851,49585,5186,593,48,15,143959.0973,143851,49565,5043,577,47,15,143959.0973,143851,49308,4767,556,45,15,143959.0973,143851,49499,4716,553,45,15,143959.0973
278,Kutai Kartanegara,265512,118804,20319,2688,506,25,266274.3398,265512,119504,20097,2658,474,7289,113302,25,266274.3398,265512,120226,19286,2591,467,25,266274.5254,265512,120446,19293,2594,396,25,266274.5254,265512,120781,19205,2545,314,25,266274.5254,265512,121188,18990,2464,223,25,266274.5254,265512,122334,19023,2459,223,25,266274.5254,265512,124569,18971,2407,217,25,266274.5254,265512,124569,18975,2407,213,25,266274.5254,265512,125685,19072,2391,167,24,266274.5254,265512,126595,19306,2386,129,24,266274.5254,265512,126963,19350,2385,116,24,266274.5254,265512,127529,19425,2373,107,24,266274.5254
279,Kutai Timur,331217,147075,12400,1310,317,16,331544.772,331217,148012,12202,1295,280,575,168481,16,331544.772,331217,148816,11934,1277,250,16,331544.7741,331217,149002,11832,1200,169,16,331544.7741,331217,149507,11651,1103,123,16,331544.7741,331217,150611,11484,1040,85,16,331544.7741,331217,152897,11466,979,85,16,331544.7741,331217,155591,11242,917,81,16,331544.7741,331217,155591,11253,917,70,16,331544.7741,331217,158591,11319,921,57,16,331544.7741,331217,159043,11333,918,53,16,331544.7741,331217,158793,11278,918,49,16,331544.7741,331217,158945,11216,922,48,16,331544.7741
280,Labuhan Batu,28792,17187,5966,106,149,0,28869.53125,28792,17266,5948,106,137,570,4765,0,28869.53125,28792,17272,5943,106,133,0,28869.52991,28792,17276,5940,106,133,0,28869.52991,28792,17324,5971,106,133,0,28869.52991,28792,17362,5980,106,133,0,28869.52991,28792,17392,5991,106,133,0,28869.52991,28792,17396,5981,106,133,0,28869.52991,28792,17398,6001,106,111,0,28869.52991,28792,17308,5917,106,101,0,28869.52991,28792,17306,5915,106,94,0,28869.52991,28792,17291,5888,106,84,0,28869.52991,28792,17241,5784,106,76,0,28869.52991
281,Labuhan Batu Selatan,32466,20857,2207,101,101,0,32533.36133,32466,20962,2217,101,97,4,9085,0,32533.36133,32466,21092,2235,101,96,0,32533.36017,32466,21097,2235,101,96,0,32533.36017,32466,21324,2250,101,96,0,32533.36017,32466,21331,2250,101,96,0,32533.36017,32466,21335,2247,101,96,0,32533.36017,32466,21331,2239,101,96,0,32533.36017,32466,21331,2243,101,92,0,32533.36017,32466,21373,2252,101,85,0,32533.36017,32466,21354,2235,101,83,0,32533.36017,32466,21227,2238,101,80,0,32533.36017,32466,21145,2240,101,77,0,32533.36017
282,Labuhan Batu Utara,37676,21595,4860,1,41,0,37765.08594,37676,21873,4876,1,40,736,10150,0,37765.08594,37676,22172,4881,1,39,0,37765.09106,37676,22166,4866,1,37,0,37765.09106,37676,22288,4867,1,37,0,37765.09106,37676,22297,4868,1,37,0,37765.09106,37676,22315,4875,1,37,0,37765.09106,37676,22282,4876,1,37,0,37765.09106,37676,22284,4876,1,35,0,37765.09106,37676,22495,4881,1,35,0,37765.09106,37676,22497,4878,0,35,0,37765.09106,37676,22472,4868,0,35,0,37765.09106,37676,22406,4867,0,33,0,37765.09106
283,Lahat,44648,20325,1271,0,172,24,44765.76172,44648,21315,1255,0,150,1,21903,24,44765.76172,44648,22363,1228,0,123,22,44765.75758,44648,22433,1232,0,106,22,44765.75758,44648,22431,1227,0,91,24,44765.75758,44648,22541,1232,0,40,37,44765.75758,44648,22480,1232,0,40,37,44765.75758,44648,22287,1231,0,40,37,44765.75758,44648,22288,1234,0,36,37,44765.75758,44648,22571,1251,0,20,37,44765.75758,44648,22543,1252,0,16,37,44765.75758,44648,22527,1252,0,16,37,44765.75758,44648,22519,1253,0,14,37,44765.75758
284,Lamandau,77118,24924,2159,175,2,0,77194.07813,77118,25817,2118,175,2,17,48987,0,77194.07813,77118,26257,2105,175,0,0,77194.06738,77118,26084,2098,175,0,0,77194.06738,77118,25914,2059,175,0,0,77194.06738,77118,26013,1867,175,0,0,77194.06738,77118,25800,1736,152,0,0,77194.06738,77118,25167,1512,114,0,0,77194.06738,77118,25167,1512,114,0,0,77194.06738,77118,25246,1466,96,0,0,77194.06738,77118,25235,1454,96,0,0,77194.06738,77118,25161,1437,93,0,0,77194.06738,77118,25127,1428,91,0,0,77194.06738
285,Lamongan,18569,474,14442,726,437,937,18641.61133,18569,474,14527,728,382,1071,442,945,18641.61133,18569,475,14564,728,355,951,18641.61133,18569,475,14579,728,333,958,18641.61133,18569,475,14579,728,333,958,18641.61133,18569,475,14579,728,330,961,18641.61133,18569,475,14580,728,327,963,18641.61133,18569,475,14581,729,325,963,18641.61133,18569,476,14603,729,300,965,18641.61133,18569,482,14681,729,198,977,18641.61133,18569,490,14721,730,133,989,18641.61133,18569,492,14727,733,119,986,18641.61133,18569,493,14729,733,113,989,18641.61133
286,Lampung Barat,25598,12703,600,0,5,0,25661.74023,25598,12818,601,0,4,90,12085,0,25661.74023,25598,12844,600,0,4,0,25661.74023,25598,12891,599,0,4,0,25661.74023,25598,12866,596,0,4,0,25661.74023,25598,12845,596,0,4,0,25661.74023,25598,12822,596,0,4,0,25661.74023,25598,12811,598,0,4,0,25661.74023,25598,12812,599,0,2,0,25661.74023,25598,13161,599,0,2,0,25661.74023,25598,13161,599,0,2,0,25661.74023,25598,13147,599,0,2,0,25661.74023,25598,13133,599,0,2,0,25661.74023
287,Lampung Selatan,22927,8568,10829,2,291,23,23024.83008,22927,8570,10901,2,216,273,2942,23,23024.83008,22927,8536,10943,2,174,23,23024.82898,22927,8557,10952,2,164,23,23024.82898,22927,8580,10952,2,163,23,23024.82898,22927,8581,10952,2,163,23,23024.82898,22927,8571,10954,2,161,23,23024.82898,22927,8571,10954,2,161,23,23024.82898,22927,8572,10968,2,146,23,23024.82898,22927,8701,10984,2,106,23,23024.82898,22927,8708,11009,2,82,23,23024.82898,22927,8686,11017,2,74,23,23024.82898,22927,8689,11019,2,71,23,23024.82898
288,Lampung Tengah,48782,11089,34800,108,153,74,48889.17969,48782,11142,34858,108,95,387,2118,74,48889.17969,48782,11231,34912,108,41,74,48889.17987,48782,11235,34916,108,41,74,48889.17987,48782,11240,34918,108,41,74,48889.17987,48782,11242,34920,108,41,75,48889.17987,48782,11242,34919,108,41,75,48889.17987,48782,11258,34925,108,41,75,48889.17987,48782,11258,34930,108,36,75,48889.17987,48782,11304,34938,108,29,75,48889.17987,48782,11304,34940,108,27,75,48889.17987,48782,11304,34942,108,25,75,48889.17987,48782,11304,34943,108,24,75,48889.17987
289,Lampung Timur,41365,14343,19976,67,133,52,41464.83203,41365,14434,20027,67,98,219,6469,51,41464.83203,41365,14656,20083,67,82,51,41464.82977,41365,14641,20083,66,81,52,41464.82977,41365,14604,20081,62,81,52,41464.82977,41365,14596,20092,62,81,52,41464.82977,41365,14574,20097,62,81,52,41464.82977,41365,14524,20054,46,81,52,41464.82977,41365,14524,20061,46,74,52,41464.82977,41365,14501,20034,46,58,49,41464.82977,41365,14503,20046,46,44,52,41464.82977,41365,14505,20048,46,42,52,41464.82977,41365,14527,20034,46,38,53,41464.82977
290,Lampung Utara,26961,6887,17180,4,86,0,27027.19141,26961,6981,17220,4,59,117,2580,0,27027.19141,26961,6996,17240,4,40,0,27027.19141,26961,6996,17240,4,40,0,27027.19141,26961,6994,17241,4,40,0,27027.19141,26961,6994,17241,4,40,0,27027.19141,26961,6994,17241,4,40,0,27027.19141,26961,6985,17240,4,40,0,27027.19141,26961,6985,17248,4,32,0,27027.19141,26961,6992,17258,4,21,0,27027.19141,26961,6994,17258,4,19,0,27027.19141,26961,6994,17258,4,19,0,27027.19141,26961,6995,17258,4,18,0,27027.19141
291,Landak,86894,65965,2839,203,150,0,87015.66406,86894,66003,2834,203,150,0,17704,0,87015.66406,86894,66011,2813,203,149,0,87015.6709,86894,66001,2798,203,149,0,87015.6709,86894,65982,2775,203,149,0,87015.6709,86894,66017,2750,203,148,0,87015.6709,86894,65831,2734,114,144,0,87015.6709,86894,65124,2592,22,132,0,87015.6709,86894,65124,2594,22,130,0,87015.6709,86894,64466,2504,22,128,0,87015.6709,86894,64181,2429,22,128,0,87015.6709,86894,63735,2214,22,128,0,87015.6709,86894,63303,2122,22,128,0,87015.6709
292,Langkat,65838,22206,4566,8,188,186,65945.72656,65838,22722,4593,8,172,505,37653,185,65945.72656,65838,23198,4590,8,170,182,65945.72949,65838,23187,4573,8,170,182,65945.72949,65838,23246,4563,8,170,182,65945.72949,65838,23222,4541,8,170,182,65945.72949,65838,23242,4539,8,170,182,65945.72949,65838,23429,4539,8,170,182,65945.72949,65838,23431,4559,8,146,182,65945.72949,65838,24595,4544,8,121,173,65945.72949,65838,24716,4560,8,105,174,65945.72949,65838,25253,4569,8,95,174,65945.72949,65838,25672,4574,8,87,172,65945.72949
293,Lanny Jaya,38887,3023,90,422,8,24,38965.8125,38887,3015,90,422,8,3,33096,24,38965.8125,38887,2996,90,422,8,24,38965.81055,38887,2996,90,422,8,24,38965.81055,38887,2955,87,424,8,22,38965.81055,38887,2955,87,424,8,22,38965.81055,38887,2957,87,424,8,22,38965.81055,38887,2958,87,424,8,22,38965.81055,38887,2958,87,424,8,22,38965.81055,38887,2959,87,429,8,22,38965.81055,38887,2964,87,429,8,22,38965.81055,38887,2966,87,429,8,22,38965.81055,38887,2951,87,431,8,22,38965.81055
294,Lebak,35042,17794,2796,7,678,41,35132.83984,35042,17902,2812,7,658,78,13544,41,35132.83984,35042,17960,2822,7,648,41,35132.83667,35042,17905,2824,7,634,50,35132.83667,35042,17763,2825,9,629,50,35132.83667,35042,17736,2829,9,627,50,35132.83667,35042,17751,2834,9,623,50,35132.83667,35042,17884,2845,9,622,50,35132.83667,35042,17884,2849,9,618,50,35132.83667,35042,18110,2855,9,609,50,35132.83667,35042,18104,2862,9,594,52,35132.83667,35042,18028,2864,9,589,52,35132.83667,35042,17999,2867,9,581,52,35132.83667
295,Lebong,17559,4041,236,2,25,0,17618.88086,17559,4179,238,2,23,136,12981,0,17618.88086,17559,4127,238,2,22,0,17618.88086,17559,4127,238,2,22,0,17618.88086,17559,4114,237,2,22,0,17618.88086,17559,4046,234,2,22,0,17618.88086,17559,3965,237,2,19,0,17618.88086,17559,3905,237,2,19,0,17618.88086,17559,3905,239,2,17,0,17618.88086,17559,3937,236,2,13,0,17618.88086,17559,3914,237,2,12,0,17618.88086,17559,3914,239,2,10,0,17618.88086,17559,3882,239,2,10,0,17618.88086
296,Lembata,13394,5506,1394,1994,14,26,13470.56055,13394,5710,1394,1994,12,515,3742,27,13470.56055,13394,5763,1393,1995,12,27,13470.56055,13394,5764,1393,1995,12,27,13470.56055,13394,5753,1393,1995,12,27,13470.56055,13394,5749,1393,1995,12,27,13470.56055,13394,5749,1393,1995,12,27,13470.56055,13394,5741,1369,2014,12,27,13470.56055,13394,5741,1369,2014,12,27,13470.56055,13394,5763,1362,2013,12,27,13470.56055,13394,5763,1361,2013,12,27,13470.56055,13394,5753,1359,2013,12,27,13470.56055,13394,5744,1358,2013,12,27,13470.56055
297,Lima Puluh Kota,35029,10727,2211,7,107,0,35080.19922,35029,10717,2217,7,105,104,21879,0,35080.19922,35029,10710,2223,7,103,0,35080.19971,35029,10786,2227,7,103,0,35080.19971,35029,10903,2240,7,103,0,35080.19971,35029,10777,2232,7,103,0,35080.19971,35029,10299,2172,7,103,0,35080.19971,35029,10089,2157,7,103,0,35080.19971,35029,10089,2167,7,90,0,35080.19971,35029,10199,2171,7,74,0,35080.19971,35029,10202,2181,7,64,0,35080.19971,35029,10172,2192,7,50,0,35080.19971,35029,10178,2194,7,42,0,35080.19971
298,Lingga,23217,2883,1015,2,6,33,23635.57219,23217,2893,1012,2,4,1167,18106,33,23635.57219,23217,2893,1008,2,4,33,23635.56966,23217,2827,989,2,4,32,23635.56966,23217,2802,972,2,4,32,23635.56966,23217,2658,896,2,4,27,23635.56966,23217,2655,881,2,4,27,23635.56966,23217,2643,868,2,4,27,23635.56966,23217,2643,868,2,4,27,23635.56966,23217,2530,760,2,4,16,23635.56966,23217,2503,725,2,4,15,23635.56966,23217,2415,611,2,4,7,23635.56966,23217,2379,585,2,4,6,23635.56966
299,Lombok Barat,9840,1319,4268,84,42,20,9917.040039,9840,1328,4283,84,25,202,3898,20,9917.040039,9840,1330,4285,84,23,20,9917.040039,9840,1313,4283,84,23,20,9917.040039,9840,1302,4278,84,23,20,9917.040039,9840,1305,4289,84,23,20,9917.040039,9840,1308,4295,84,23,20,9917.040039,9840,1309,4303,84,23,20,9917.040039,9840,1309,4303,84,23,20,9917.040039,9840,1332,4331,84,18,21,9917.040039,9840,1332,4338,84,11,21,9917.040039,9840,1330,4338,84,11,21,9917.040039,9840,1330,4336,84,11,21,9917.040039
300,Lombok Tengah,12412,2947,5841,115,1757,13,12475.50098,12412,2947,5848,118,1750,148,1581,13,12475.50098,12412,2947,5850,118,1748,13,12475.50098,12412,2948,5853,118,1731,19,12475.50098,12412,2948,5853,118,1731,19,12475.50098,12412,2949,5853,118,1731,19,12475.50098,12412,2954,5858,118,1725,20,12475.50098,12412,2959,5873,118,1725,20,12475.50098,12412,2959,5892,118,1706,20,12475.50098,12412,2959,5915,118,1683,20,12475.50098,12412,2960,5931,118,1665,21,12475.50098,12412,2960,5933,118,1662,20,12475.50098,12412,2960,5938,118,1661,18,12475.50098
301,Lombok Timur,17098,3484,5197,1087,1220,10,17180.39063,17098,3489,5276,1090,1147,234,5823,10,17180.39063,17098,3536,5302,1091,1124,10,17180.39063,17098,3521,5323,1093,1097,11,17180.39063,17098,3511,5298,1093,1096,11,17180.39063,17098,3492,5284,1093,1096,11,17180.39063,17098,3503,5286,1093,1095,11,17180.39063,17098,3522,5328,1094,1092,10,17180.39063,17098,3525,5390,1137,979,11,17180.39063,17098,3614,5546,1172,831,12,17180.39063,17098,3617,5590,1198,753,13,17180.39063,17098,3618,5627,1218,691,14,17180.39063,17098,3614,5654,1238,634,15,17180.39063
302,Lombok Utara,8638,891,1661,480,268,0,8674.280273,8638,891,1660,480,268,160,5122,0,8674.280273,8638,888,1662,481,266,0,8674.280273,8638,878,1618,481,265,0,8674.280273,8638,866,1616,481,265,0,8674.280273,8638,865,1611,481,265,0,8674.280273,8638,861,1611,481,265,0,8674.280273,8638,863,1652,481,265,0,8674.280273,8638,863,1659,488,251,0,8674.280273,8638,894,1708,501,225,0,8674.280273,8638,902,1736,509,197,0,8674.280273,8638,903,1747,517,177,0,8674.280273,8638,903,1765,520,156,0,8674.280273
303,Lumajang,19249,6857,2758,73,126,61,19294.43164,19249,6831,2742,73,123,58,9314,61,19294.43164,19249,6750,2689,73,122,61,19294.43164,19249,6718,2654,73,121,58,19294.43164,19249,6651,2628,70,121,48,19294.43164,19249,6647,2635,70,121,43,19294.43164,19249,6648,2635,70,120,43,19294.43164,19249,6731,2647,70,120,43,19294.43164,19249,6735,2649,70,114,43,19294.43164,19249,6788,2654,70,96,43,19294.43164,19249,6792,2654,70,88,42,19294.43164,19249,6788,2653,71,84,41,19294.43164,19249,6797,2653,71,82,41,19294.43164
304,Luwu,30560,14718,4375,7,135,65,30647.7207,30560,14715,4382,7,125,989,10242,65,30647.7207,30560,14765,4385,7,122,65,30647.7207,30560,14791,4382,7,122,65,30647.7207,30560,15094,4369,7,122,65,30647.7207,30560,15053,4347,7,122,65,30647.7207,30560,15035,4318,7,122,65,30647.7207,30560,15074,4290,7,121,63,30647.7207,30560,15074,4293,7,118,63,30647.7207,30560,15436,4295,7,110,66,30647.7207,30560,15465,4296,7,110,66,30647.7207,30560,15487,4239,7,110,66,30647.7207,30560,15470,4238,7,110,66,30647.7207
305,Luwu Timur,70700,11038,3675,1026,263,61,70827.60938,70700,11063,3676,1026,256,9371,45245,61,70827.60938,70700,11069,3689,1024,237,61,70827.60736,70700,11013,3664,1032,214,64,70827.60736,70700,10876,3575,1030,204,64,70827.60736,70700,10840,3569,1038,173,61,70827.60736,70700,10809,3543,1049,148,62,70827.60736,70700,10505,3274,373,148,63,70827.60736,70700,10506,3275,375,144,63,70827.60736,70700,10462,2962,300,141,63,70827.60736,70700,10438,2915,291,138,63,70827.60736,70700,10352,2852,273,135,63,70827.60736,70700,10179,2787,265,134,63,70827.60736
306,Luwu Utara,79761,14608,2732,374,49,45,79853.48438,79761,14669,2741,374,39,736,61157,45,79853.48438,79761,14700,2746,374,35,45,79853.48145,79761,14629,2732,374,35,43,79853.48145,79761,14467,2725,374,35,43,79853.48145,79761,14431,2689,374,35,40,79853.48145,79761,14376,2678,374,35,40,79853.48145,79761,14510,2697,374,35,40,79853.48145,79761,14510,2711,374,15,40,79853.48145,79761,14733,2712,374,10,40,79853.48145,79761,14785,2714,374,9,40,79853.48145,79761,14791,2714,374,9,40,79853.48145,79761,14793,2700,374,9,39,79853.48145
307,Madiun,11871,2123,7053,1091,116,0,11917.84961,11871,2125,7085,1092,115,39,1415,0,11917.84961,11871,2125,7091,1092,115,0,11917.84961,11871,2125,7092,1092,114,0,11917.84961,11871,2140,7093,1092,114,0,11917.84961,11871,2140,7093,1092,114,0,11917.84961,11871,2149,7093,1092,114,0,11917.84961,11871,2149,7093,1092,114,0,11917.84961,11871,2149,7098,1094,107,0,11917.84961,11871,2172,7099,1097,103,0,11917.84961,11871,2173,7105,1099,94,0,11917.84961,11871,2173,7110,1099,89,0,11917.84961,11871,2174,7114,1100,83,0,11917.84961
308,Magelang,12018,4180,2572,94,197,10,12054.70996,12018,4183,2572,94,193,0,4952,10,12054.70996,12018,4191,2573,94,192,10,12054.70996,12018,4192,2576,97,177,10,12054.70996,12018,4193,2576,97,177,10,12054.70996,12018,4206,2585,97,177,10,12054.70996,12018,4207,2586,97,177,10,12054.70996,12018,4236,2592,97,177,10,12054.70996,12018,4242,2594,99,167,10,12054.70996,12018,4378,2622,103,140,10,12054.70996,12018,4371,2629,105,127,10,12054.70996,12018,4369,2631,106,119,10,12054.70996,12018,4354,2625,106,112,10,12054.70996
309,Magetan,7453,1585,4522,590,99,0,7487.489746,7453,1585,4524,590,97,2,655,0,7487.489746,7453,1590,4524,590,97,0,7487.489746,7453,1591,4524,590,96,0,7487.489746,7453,1589,4524,590,96,0,7487.489746,7453,1589,4524,590,96,0,7487.489746,7453,1589,4524,590,96,0,7487.489746,7453,1595,4525,590,96,0,7487.489746,7453,1595,4527,591,93,0,7487.489746,7453,1684,4539,591,87,0,7487.489746,7453,1685,4539,591,87,0,7487.489746,7453,1685,4543,591,82,0,7487.489746,7453,1685,4545,591,80,0,7487.489746
310,Mahakam Hulu,190795,8134,634,0,14,0,191006.8867,190795,8044,432,0,14,338,181967,0,191006.8867,190795,7936,416,0,14,0,191006.9021,190795,7692,404,0,14,0,191006.9021,190795,7701,403,0,14,0,191006.9021,190795,7388,396,0,14,0,191006.9021,190795,7547,396,0,14,0,191006.9021,190795,7917,306,0,14,0,191006.9021,190795,7917,306,0,13,0,191006.9021,190795,7529,177,0,13,0,191006.9021,190795,7296,138,0,11,0,191006.9021,190795,6832,123,0,11,0,191006.9021,190795,6767,112,0,11,0,191006.9021
311,Majalengka,14220,3165,5702,178,2493,92,14269.7998,14220,3284,5750,179,2443,10,2462,92,14269.7998,14220,3331,5781,181,2405,92,14269.7998,14220,3334,5798,181,2388,92,14269.7998,14220,3350,5802,181,2388,92,14269.7998,14220,3382,5803,181,2388,92,14269.7998,14220,3394,5806,181,2386,92,14269.7998,14220,3422,5817,181,2377,92,14269.7998,14220,3424,5845,183,2345,92,14269.7998,14220,3428,6035,186,2136,92,14269.7998,14220,3431,6082,190,2077,92,14269.7998,14220,3432,6103,192,2052,92,14269.7998,14220,3433,6104,194,2038,92,14269.7998
312,Majene,9391,1753,858,64,43,0,9447.220703,9391,1719,858,64,40,80,6630,0,9447.220703,9391,1710,860,64,38,0,9447.220703,9391,1674,860,64,37,0,9447.220703,9391,1646,860,64,37,0,9447.220703,9391,1580,860,64,37,0,9447.220703,9391,1547,860,64,37,0,9447.220703,9391,1495,860,64,37,0,9447.220703,9391,1495,862,64,35,0,9447.220703,9391,1498,862,64,34,0,9447.220703,9391,1498,862,64,34,0,9447.220703,9391,1498,862,64,34,0,9447.220703,9391,1504,862,64,34,0,9447.220703
313,Malaka,11928,4462,6325,0,318,14,11961.79004,11928,4461,6330,0,313,65,746,13,11961.79004,11928,4461,6333,0,310,13,11961.79004,11928,4466,6337,0,301,13,11961.79004,11928,4468,6349,0,285,13,11961.79004,11928,4468,6349,0,285,13,11961.79004,11928,4470,6351,0,280,13,11961.79004,11928,4472,6364,0,265,13,11961.79004,11928,4472,6364,0,265,13,11961.79004,11928,4460,6359,0,265,13,11961.79004,11928,4460,6359,0,265,13,11961.79004,11928,4460,6356,0,265,13,11961.79004,11928,4460,6356,0,265,13,11961.79004
314,Malang,36765,9589,4518,184,644,7,36875.44922,36765,9746,4538,196,590,325,21350,7,36875.44922,36765,9740,4531,199,581,7,36875.45207,36765,9752,4544,202,543,6,36875.45207,36765,9774,4528,205,539,6,36875.45207,36765,9781,4525,205,539,5,36875.45207,36765,9781,4525,205,539,5,36875.45207,36765,9823,4587,205,539,5,36875.45207,36765,9840,4605,210,498,5,36875.45207,36765,9971,4619,219,452,4,36875.45207,36765,9977,4633,223,421,4,36875.45207,36765,9971,4649,228,389,4,36875.45207,36765,9980,4656,231,368,4,36875.45207
315,Malinau,420671,5993,645,0,44,8,420933.5566,420671,5889,609,0,36,163,413966,8,420933.5566,420671,5853,596,0,36,8,420933.5897,420671,5518,554,0,36,8,420933.5897,420671,5262,523,0,36,8,420933.5897,420671,5039,461,0,36,8,420933.5897,420671,4973,443,0,36,8,420933.5897,420671,4951,424,0,36,1,420933.5897,420671,4952,424,0,35,1,420933.5897,420671,4884,426,0,35,0,420933.5897,420671,4993,428,0,35,0,420933.5897,420671,4954,426,0,35,0,420933.5897,420671,5069,427,0,35,0,420933.5897
316,Maluku Barat Daya,48872,9580,4815,1604,5,5,49145.09834,48872,9566,4814,1604,5,823,32055,5,49145.09834,48872,9527,4814,1604,5,5,49145.08985,48872,9512,4814,1604,5,5,49145.08985,48872,9195,4811,1604,5,5,49145.08985,48872,9100,4811,1604,5,5,49145.08985,48872,9053,4811,1604,5,5,49145.08985,48872,9085,4811,1611,5,5,49145.08985,48872,9085,4811,1611,5,5,49145.08985,48872,8733,4792,1605,5,5,49145.08985,48872,8752,4792,1605,5,5,49145.08985,48872,8725,4791,1606,5,5,49145.08985,48872,8545,4790,1605,5,5,49145.08985
317,Maluku Tengah,85531,11930,1621,37,148,7,85762.16925,85531,11844,1604,37,133,528,71369,7,85762.16925,85531,11746,1589,37,122,7,85762.17164,85531,11717,1589,37,110,10,85762.17164,85531,11482,1550,37,109,10,85762.17164,85531,11423,1503,37,109,10,85762.17164,85531,11344,1496,37,109,10,85762.17164,85531,10790,1481,37,106,10,85762.17164,85531,10792,1483,37,101,10,85762.17164,85531,10524,1501,36,89,11,85762.17164,85531,10530,1504,36,81,12,85762.17164,85531,10437,1492,36,80,13,85762.17164,85531,9846,1450,36,80,13,85762.17164
318,Maluku Tenggara,10709,2473,371,25,22,0,10840.86133,10709,2511,371,25,22,422,7358,0,10840.86133,10709,2505,372,25,21,0,10840.85974,10709,2498,372,25,20,0,10840.85974,10709,2491,372,25,20,0,10840.85974,10709,2447,372,25,20,0,10840.85974,10709,2444,372,25,20,0,10840.85974,10709,2425,369,25,20,0,10840.85974,10709,2426,371,25,17,0,10840.85974,10709,2235,343,25,11,0,10840.85974,10709,2256,343,25,10,0,10840.85974,10709,2253,343,25,10,0,10840.85974,10709,2253,343,25,10,0,10840.85974
319,Maluku Tenggara Barat,47099,6665,1751,357,16,2,47399.54761,47099,6673,1751,357,16,617,37683,2,47399.54761,47099,6520,1751,357,16,2,47399.54897,47099,6472,1746,357,16,2,47399.54897,47099,6372,1742,357,16,2,47399.54897,47099,6316,1739,357,16,2,47399.54897,47099,6304,1735,357,16,2,47399.54897,47099,6224,1735,357,16,2,47399.54897,47099,6224,1737,357,13,2,47399.54897,47099,5632,1678,355,13,0,47399.54897,47099,5623,1678,355,13,0,47399.54897,47099,5617,1678,355,13,0,47399.54897,47099,5595,1678,355,13,0,47399.54897
320,Mamasa,31309,6152,663,50,27,2,31375.34766,31309,6084,666,50,25,0,24482,2,31375.34766,31309,6144,666,50,25,2,31375.34971,31309,6119,667,50,23,3,31375.34971,31309,6023,667,50,23,3,31375.34971,31309,5912,664,50,23,3,31375.34971,31309,5852,664,50,23,3,31375.34971,31309,5816,664,50,23,3,31375.34971,31309,5816,664,50,23,3,31375.34971,31309,5962,668,50,23,3,31375.34971,31309,6028,661,50,23,3,31375.34971,31309,6107,661,50,23,3,31375.34971,31309,6209,662,50,23,3,31375.34971
321,Mamberamo Raya,304626,7272,588,0,68,0,304850.1172,304626,6983,563,0,68,8683,288329,0,304850.1172,304626,6711,546,0,68,0,304850.1076,304626,6478,535,0,68,0,304850.1076,304626,6374,526,0,68,0,304850.1076,304626,6306,521,0,68,0,304850.1076,304626,6306,521,0,68,0,304850.1076,304626,6310,521,0,68,0,304850.1076,304626,6310,521,0,68,0,304850.1076,304626,6294,521,0,68,0,304850.1076,304626,6294,521,0,68,0,304850.1076,304626,6294,521,0,68,0,304850.1076,304626,6294,521,0,68,0,304850.1076
322,Mamberamo Tengah,32574,2064,30,2,10,0,32630.81055,32574,1984,26,2,10,495,30057,0,32630.81055,32574,1869,26,2,10,0,32630.81104,32574,1851,26,2,10,0,32630.81104,32574,1796,25,2,10,0,32630.81104,32574,1768,25,2,10,0,32630.81104,32574,1768,25,2,10,0,32630.81104,32574,1783,25,2,10,0,32630.81104,32574,1783,25,2,10,0,32630.81104,32574,1639,25,2,10,0,32630.81104,32574,1633,24,2,10,0,32630.81104,32574,1625,23,2,10,0,32630.81104,32574,1607,23,2,10,0,32630.81104
323,Mamuju,50534,8337,1309,56,50,0,50641.905,50534,8272,1314,56,40,538,40314,0,50641.905,50534,8178,1312,55,24,0,50641.90695,50534,8190,1306,55,23,0,50641.90695,50534,8178,1304,55,23,0,50641.90695,50534,8148,1302,55,23,0,50641.90695,50534,8082,1298,55,23,0,50641.90695,50534,8089,1305,55,23,0,50641.90695,50534,8089,1307,55,21,0,50641.90695,50534,7993,1297,55,21,0,50641.90695,50534,7853,1296,55,20,1,50641.90695,50534,7770,1289,55,20,1,50641.90695,50534,7709,1279,55,20,1,50641.90695
324,Mamuju Tengah,30297,8267,1285,18,6,0,30369.29883,30297,8255,1287,18,4,104,20629,0,30369.29883,30297,8168,1276,17,4,0,30369.29785,30297,8188,1276,17,4,0,30369.29785,30297,8177,1277,19,4,0,30369.29785,30297,8094,1274,19,4,0,30369.29785,30297,8074,1272,19,4,0,30369.29785,30297,7988,1274,19,4,0,30369.29785,30297,7988,1274,19,4,0,30369.29785,30297,7648,1251,17,4,0,30369.29785,30297,7530,1249,17,4,0,30369.29785,30297,7314,1249,17,4,0,30369.29785,30297,7145,1240,17,4,0,30369.29785
325,Mamuju Utara,31108,7446,118,0,31,0,31177.94141,31108,7512,118,0,23,230,23225,0,31177.94141,31108,7524,115,0,22,0,31177.94043,31108,7468,98,0,22,0,31177.94043,31108,7533,93,0,22,0,31177.94043,31108,7568,93,0,22,0,31177.94043,31108,7636,94,0,22,0,31177.94043,31108,7554,92,0,22,0,31177.94043,31108,7554,92,0,22,0,31177.94043,31108,7906,98,0,18,0,31177.94043,31108,7991,98,0,15,0,31177.94043,31108,7851,98,0,14,0,31177.94043,31108,7806,98,0,14,0,31177.94043
326,Mandailing Natal,68832,16641,6193,64,47,0,68947.28125,68832,16416,6063,64,42,156,46091,0,68947.28125,68832,16044,5998,64,39,0,68947.27734,68832,15948,5980,62,39,0,68947.27734,68832,15671,5851,61,39,0,68947.27734,68832,15538,5729,61,39,0,68947.27734,68832,15467,5726,60,39,0,68947.27734,68832,15225,5637,13,39,0,68947.27734,68832,15226,5639,13,36,0,68947.27734,68832,14943,5470,6,33,0,68947.27734,68832,14541,5236,4,29,0,68947.27734,68832,13969,4957,4,28,0,68947.27734,68832,13096,4662,3,27,0,68947.27734
327,Manggarai,14281,7228,1411,70,56,5,14337.48047,14281,7122,1421,70,46,53,5564,5,14337.48047,14281,6704,1410,70,38,5,14337.48047,14281,6689,1402,70,37,5,14337.48047,14281,6639,1377,70,37,5,14337.48047,14281,6675,1377,70,37,5,14337.48047,14281,6678,1377,70,37,5,14337.48047,14281,6712,1393,70,37,5,14337.48047,14281,6712,1393,70,37,5,14337.48047,14281,6717,1389,70,37,5,14337.48047,14281,6717,1389,70,37,5,14337.48047,14281,6712,1388,70,37,5,14337.48047,14281,6728,1390,71,37,5,14337.48047
328,Manggarai Barat,33400,8783,6285,2415,445,29,33624.5625,33400,8741,6300,2418,441,667,14804,29,33624.5625,33400,8634,6346,2421,434,29,33624.55762,33400,8652,6336,2421,434,29,33624.55762,33400,8577,6312,2422,434,29,33624.55762,33400,8559,6287,2422,434,29,33624.55762,33400,8554,6282,2422,434,29,33624.55762,33400,8573,6285,2421,434,29,33624.55762,33400,8573,6285,2421,434,29,33624.55762,33400,8720,6263,2421,434,29,33624.55762,33400,8737,6263,2421,434,29,33624.55762,33400,8715,6261,2420,434,29,33624.55762,33400,8724,6260,2420,434,29,33624.55762
329,Manggarai Timur,25558,11857,2582,331,42,10,25620.61914,25558,11812,2556,331,42,82,10725,10,25620.61914,25558,11517,2546,331,42,10,25620.61914,25558,11518,2546,331,42,10,25620.61914,25558,11571,2536,331,42,10,25620.61914,25558,11617,2534,331,42,10,25620.61914,25558,11665,2529,331,42,10,25620.61914,25558,11925,2531,331,42,10,25620.61914,25558,11925,2531,331,42,10,25620.61914,25558,12044,2536,331,42,10,25620.61914,25558,12044,2536,331,42,10,25620.61914,25558,12031,2536,331,42,10,25620.61914,25558,12037,2536,331,42,10,25620.61914
330,Manokwari,20589,2951,198,0,83,4,20670.53125,20589,2944,202,0,67,359,17013,4,20670.53125,20589,2901,205,0,51,4,20670.53101,20589,2884,197,0,49,4,20670.53101,20589,2819,190,0,49,4,20670.53101,20589,2811,188,0,49,4,20670.53101,20589,2766,186,0,49,4,20670.53101,20589,2599,179,0,49,4,20670.53101,20589,2600,182,0,43,4,20670.53101,20589,2367,170,0,37,3,20670.53101,20589,2309,170,0,34,3,20670.53101,20589,2267,169,0,34,3,20670.53101,20589,2186,154,0,34,2,20670.53101
331,Manokwari Selatan,25017,1163,79,0,12,0,25089.39063,25017,1165,79,0,11,188,23561,0,25089.39063,25017,1175,78,0,11,0,25089.39101,25017,1177,78,0,11,0,25089.39101,25017,1135,65,0,11,0,25089.39101,25017,1091,65,0,11,0,25089.39101,25017,940,63,0,11,0,25089.39101,25017,830,58,0,11,0,25089.39101,25017,830,58,0,11,0,25089.39101,25017,735,50,0,11,0,25089.39101,25017,707,47,0,11,0,25089.39101,25017,707,47,0,11,0,25089.39101,25017,717,47,0,11,0,25089.39101
332,Mappi,273677,59955,4043,780,5,0,273807.2868,273677,59214,4039,776,5,7701,201942,0,273807.2868,273677,58290,4037,770,5,0,273807.3279,273677,54755,3931,706,5,0,273807.3279,273677,53613,3875,604,5,0,273807.3279,273677,53049,3865,603,5,0,273807.3279,273677,52983,3851,604,5,0,273807.3279,273677,53697,3283,603,5,0,273807.3279,273677,53697,3283,603,5,0,273807.3279,273677,53961,3145,599,5,0,273807.3279,273677,54190,2659,592,5,0,273807.3279,273677,54211,2015,575,5,0,273807.3279,273677,54166,1636,575,5,0,273807.3279
333,Maros,15227,1755,5726,43,1311,14,15282.36035,15227,1754,5704,43,1300,723,5686,14,15282.36035,15227,1752,5677,43,1296,14,15282.36035,15227,1752,5715,43,1235,27,15282.36035,15227,1753,5719,44,1222,27,15282.36035,15227,1756,5720,44,1222,27,15282.36035,15227,1757,5723,46,1214,27,15282.36035,15227,1761,5734,47,1199,27,15282.36035,15227,1761,5748,49,1183,27,15282.36035,15227,1910,5823,50,1131,26,15282.36035,15227,1946,5857,52,1102,27,15282.36035,15227,1958,5871,52,1086,27,15282.36035,15227,1958,5883,52,1074,26,15282.36035
334,Maybrat,34786,1985,239,124,73,2,34842.19141,34786,2007,235,124,73,78,32267,2,34842.19141,34786,2041,240,124,73,2,34842.19275,34786,1968,233,128,70,2,34842.19275,34786,1961,233,127,70,2,34842.19275,34786,1910,232,127,70,2,34842.19275,34786,1910,232,127,70,2,34842.19275,34786,1924,235,127,70,2,34842.19275,34786,1924,235,127,70,2,34842.19275,34786,1933,239,127,70,2,34842.19275,34786,1933,239,127,70,2,34842.19275,34786,1933,239,127,70,2,34842.19275,34786,1943,242,127,70,2,34842.19275
335,Melawi,105557,48645,4088,17,61,0,105673.5938,105557,48925,4090,17,58,163,52304,0,105673.5938,105557,49042,4092,17,56,0,105673.5874,105557,49076,4092,17,56,0,105673.5874,105557,49220,4096,17,56,0,105673.5874,105557,48996,4082,17,56,0,105673.5874,105557,48802,4077,17,56,0,105673.5874,105557,48345,4066,17,56,0,105673.5874,105557,48345,4067,17,55,0,105673.5874,105557,48215,4045,16,55,0,105673.5874,105557,48391,4032,16,55,0,105673.5874,105557,48348,4018,15,55,0,105673.5874,105557,48212,3967,15,55,0,105673.5874
336,Merangin,78173,34135,456,9,52,0,78272.6875,78173,34500,482,9,26,54,43102,0,78272.6875,78173,36063,489,9,14,0,78272.69067,78173,36129,489,9,14,0,78272.69067,78173,35647,481,9,14,0,78272.69067,78173,34837,455,9,14,0,78272.69067,78173,34177,447,9,14,0,78272.69067,78173,33610,440,6,14,0,78272.69067,78173,33610,446,6,8,0,78272.69067,78173,33227,436,6,6,0,78272.69067,78173,33000,426,6,5,0,78272.69067,78173,32950,426,6,5,0,78272.69067,78173,32912,426,6,5,0,78272.69067
337,Merauke,467729,69986,15395,24027,490,190,468139.9102,467729,69648,15346,23865,481,4567,302756,190,468139.9102,467729,68453,15191,23287,445,137,468139.9218,467729,67276,15092,23251,442,137,468139.9218,467729,65290,14678,23164,442,137,468139.9218,467729,65027,14288,23136,442,137,468139.9218,467729,64708,13195,23144,442,123,468139.9218,467729,64109,10758,22997,442,26,468139.9218,467729,64109,10762,22997,436,26,468139.9218,467729,63643,10295,22952,386,26,468139.9218,467729,63652,9873,22946,378,26,468139.9218,467729,63325,9394,22890,378,26,468139.9218,467729,62745,9286,22851,378,26,468139.9218
338,Mesuji,22966,8519,11900,458,24,0,23032.5918,22966,8654,11953,458,19,209,1673,0,23032.5918,22966,8856,12032,458,17,0,23032.5918,22966,8855,12031,458,17,0,23032.5918,22966,8855,12031,458,17,0,23032.5918,22966,8865,12045,467,17,0,23032.5918,22966,8849,12032,468,17,0,23032.5918,22966,8849,12037,468,17,0,23032.5918,22966,8849,12037,468,17,0,23032.5918,22966,8825,12032,463,17,0,23032.5918,22966,8825,12006,463,17,0,23032.5918,22966,8822,11993,463,17,0,23032.5918,22966,8811,11993,462,17,0,23032.5918
339,Mimika,188237,6185,1234,62,147,253,188471.5088,188237,6073,1218,62,143,4205,175784,253,188471.5088,188237,6023,1206,62,133,253,188471.4863,188237,5808,1133,62,121,251,188471.4863,188237,5694,999,62,120,230,188471.4863,188237,5690,1007,63,120,237,188471.4863,188237,5653,1008,63,119,237,188471.4863,188237,5329,982,63,117,237,188471.4863,188237,5329,982,63,117,237,188471.4863,188237,4899,987,63,117,237,188471.4863,188237,4670,987,63,117,237,188471.4863,188237,4669,946,63,117,234,188471.4863,188237,4654,933,63,117,233,188471.4863
340,Minahasa,11691,4422,675,0,293,0,11763.00977,11691,4439,678,0,289,81,6204,0,11763.00977,11691,4440,684,0,283,0,11763.00977,11691,4421,677,0,283,0,11763.00977,11691,4326,670,0,283,0,11763.00977,11691,4311,670,0,283,0,11763.00977,11691,4337,670,0,283,0,11763.00977,11691,4299,667,0,283,0,11763.00977,11691,4303,677,0,269,0,11763.00977,11691,4299,641,0,258,0,11763.00977,11691,4304,643,0,249,0,11763.00977,11691,4312,646,0,240,0,11763.00977,11691,4318,641,0,231,0,11763.00977
341,Minahasa Selatan,15649,1038,1039,13,168,0,15699.82129,15649,1034,1040,13,166,92,13304,0,15699.82129,15649,1032,1042,13,164,0,15699.82129,15649,1019,1019,13,160,0,15699.82129,15649,980,868,13,160,0,15699.82129,15649,978,865,13,160,0,15699.82129,15649,978,865,13,160,0,15699.82129,15649,951,827,13,160,0,15699.82129,15649,954,835,13,148,0,15699.82129,15649,871,770,13,134,0,15699.82129,15649,871,771,13,132,0,15699.82129,15649,872,774,13,128,0,15699.82129,15649,897,775,13,123,0,15699.82129
342,Minahasa Tenggara,7410,764,91,0,70,0,7448.080078,7410,730,90,0,70,63,6457,0,7448.080078,7410,725,91,0,69,0,7448.080078,7410,712,82,0,67,0,7448.080078,7410,626,75,0,67,0,7448.080078,7410,596,73,0,67,0,7448.080078,7410,596,73,0,67,0,7448.080078,7410,600,73,0,66,0,7448.080078,7410,600,77,0,62,0,7448.080078,7410,611,81,0,57,0,7448.080078,7410,611,81,0,57,0,7448.080078,7410,611,81,0,57,0,7448.080078,7410,614,81,0,56,0,7448.080078
343,Minahasa Utara,10687,2364,143,0,194,0,10778.73047,10687,2371,144,0,187,157,7828,0,10778.73047,10687,2355,141,0,186,0,10778.73047,10687,2351,142,0,185,0,10778.73047,10687,2253,140,0,185,0,10778.73047,10687,2237,140,0,185,0,10778.73047,10687,2231,136,0,185,0,10778.73047,10687,2126,125,0,185,0,10778.73047,10687,2134,126,0,176,0,10778.73047,10687,1793,139,0,162,0,10778.73047,10687,1795,140,0,155,0,10778.73047,10687,1802,148,0,142,0,10778.73047,10687,1784,153,0,138,0,10778.73047
344,Mojokerto,10342,1814,5799,52,1049,17,10387.58984,10342,1828,5871,54,961,12,1593,17,10387.58984,10342,1834,5883,54,943,17,10387.58984,10342,1844,5896,58,920,18,10387.58984,10342,1850,5897,58,920,18,10387.58984,10342,1852,5900,58,917,18,10387.58984,10342,1852,5905,59,911,18,10387.58984,10342,1849,5900,60,906,18,10387.58984,10342,1862,5939,60,854,18,10387.58984,10342,1907,6004,64,754,6,10387.58984,10342,1918,6057,65,689,6,10387.58984,10342,1929,6088,65,646,6,10387.58984,10342,1937,6110,65,614,7,10387.58984
345,Morowali,43577,5399,1111,114,45,5,43747.85158,43577,5380,1059,110,41,371,36611,5,43747.85158,43577,5308,1024,83,40,5,43747.84746,43577,5107,1003,78,40,5,43747.84746,43577,4867,967,70,40,5,43747.84746,43577,4867,966,70,40,5,43747.84746,43577,4793,940,70,40,5,43747.84746,43577,4563,823,33,40,3,43747.84746,43577,4563,823,33,40,3,43747.84746,43577,4501,777,15,40,0,43747.84746,43577,4493,771,15,40,0,43747.84746,43577,4413,766,13,40,0,43747.84746,43577,4278,762,12,40,0,43747.84746
346,Morowali Utara,94282,19460,4236,172,37,30,94437.99219,94282,19607,4197,165,33,459,69526,30,94437.99219,94282,19441,4168,163,33,30,94437.99634,94282,19231,4146,162,33,25,94437.99634,94282,18931,4132,162,33,21,94437.99634,94282,18636,4115,162,33,20,94437.99634,94282,18582,4098,159,33,19,94437.99634,94282,18501,4069,148,33,19,94437.99634,94282,18501,4070,148,32,19,94437.99634,94282,18503,3986,148,31,15,94437.99634,94282,18529,3970,147,31,14,94437.99634,94282,18371,3935,147,31,13,94437.99634,94282,18221,3908,147,31,13,94437.99634
347,Muara Enim,71221,48518,4189,522,291,275,71394.09375,71221,48949,4195,517,254,173,16856,275,71394.09375,71221,49231,4160,499,246,275,71394.09778,71221,49293,4161,493,240,275,71394.09778,71221,49349,4163,493,218,275,71394.09778,71221,49451,4176,473,128,298,71394.09778,71221,49411,4173,459,91,316,71394.09778,71221,49109,4172,431,87,317,71394.09778,71221,49112,4178,431,78,317,71394.09778,71221,49255,4178,391,72,317,71394.09778,71221,49207,4163,379,63,317,71394.09778,71221,49070,4147,373,63,315,71394.09778,71221,48916,4138,360,61,315,71394.09778
348,Muaro Jambi,57074,38287,3533,1149,81,10,57183.6875,57074,39022,3563,1139,44,614,12678,11,57183.6875,57074,40320,3632,1091,28,13,57183.68799,57074,40250,3625,1005,27,13,57183.68799,57074,40197,3608,963,27,13,57183.68799,57074,40061,3594,880,27,13,57183.68799,57074,39934,3586,864,27,13,57183.68799,57074,38702,3494,379,22,13,57183.68799,57074,38703,3496,379,19,13,57183.68799,57074,38399,3488,373,18,13,57183.68799,57074,38234,3431,307,13,13,57183.68799,57074,38048,3324,284,12,13,57183.68799,57074,38009,3301,278,12,13,57183.68799
349,Mukomuko,44897,12527,575,1,1,1,44961.35938,44897,12621,557,1,1,133,31583,1,44961.35938,44897,12519,497,1,1,1,44961.35938,44897,12577,456,1,1,1,44961.35938,44897,12490,428,1,1,1,44961.35938,44897,12534,422,2,1,1,44961.35938,44897,12431,427,2,1,1,44961.35938,44897,12749,430,2,1,1,44961.35938,44897,12749,430,2,1,1,44961.35938,44897,14323,501,2,1,1,44961.35938,44897,14586,490,2,1,1,44961.35938,44897,14403,489,2,1,1,44961.35938,44897,14130,471,2,1,1,44961.35938
350,Muna,20552,11429,1979,5,66,0,20638.99023,20552,11508,1986,5,60,203,6790,0,20638.99023,20552,11396,1990,5,55,0,20638.98853,20552,11367,1990,5,50,0,20638.98853,20552,11254,1986,5,50,0,20638.98853,20552,11221,1986,5,50,0,20638.98853,20552,11241,1987,5,50,0,20638.98853,20552,11265,1987,5,50,0,20638.98853,20552,11265,1988,5,49,0,20638.98853,20552,11213,1986,5,48,0,20638.98853,20552,11221,1986,5,46,0,20638.98853,20552,11220,1986,5,46,0,20638.98853,20552,11220,1986,5,46,0,20638.98853
351,Muna Barat,8595,5764,1379,4,9,0,8667.44043,8595,5738,1379,4,9,143,1322,0,8667.44043,8595,5723,1378,4,9,0,8667.44043,8595,5716,1378,4,9,0,8667.44043,8595,5713,1376,4,9,0,8667.44043,8595,5712,1376,4,9,0,8667.44043,8595,5712,1376,4,9,0,8667.44043,8595,5677,1373,4,9,0,8667.44043,8595,5677,1373,4,9,0,8667.44043,8595,5676,1368,4,9,0,8667.44043,8595,5665,1368,4,9,0,8667.44043,8595,5660,1368,4,9,0,8667.44043,8595,5654,1368,4,9,0,8667.44043
352,Murung Raya,251276,17869,549,3,64,127,251460.6392,251276,17770,542,3,64,587,232181,129,251460.6392,251276,17478,532,3,64,130,251460.6078,251276,17305,503,3,64,127,251460.6078,251276,17751,495,3,64,118,251460.6078,251276,17088,484,2,64,118,251460.6078,251276,17091,487,2,64,118,251460.6078,251276,18088,507,2,64,115,251460.6078,251276,18088,507,2,64,115,251460.6078,251276,18173,511,2,61,113,251460.6078,251276,18236,504,2,59,87,251460.6078,251276,18192,492,2,59,59,251460.6078,251276,18242,490,2,59,50,251460.6078
353,Musi Banyuasin,155511,116776,11267,813,61,8,155666.6299,155511,117154,11192,814,53,741,25549,8,155666.6299,155511,117293,11035,814,41,8,155666.6299,155511,117366,11017,803,35,8,155666.6299,155511,117573,10979,747,35,8,155666.6299,155511,117585,10967,632,35,8,155666.6299,155511,117582,10950,620,35,8,155666.6299,155511,114389,10868,349,35,8,155666.6299,155511,114389,10879,349,24,8,155666.6299,155511,114125,10799,246,17,3,155666.6299,155511,114188,10740,187,14,2,155666.6299,155511,113672,10575,135,14,2,155666.6299,155511,113797,10513,125,14,2,155666.6299
354,Musi Rawas,66647,49765,2898,3,12,4,66739.64063,66647,50045,2894,3,10,85,13606,4,66739.64063,66647,50090,2808,3,8,4,66739.64099,66647,50155,2809,3,6,4,66739.64099,66647,50206,2806,3,6,4,66739.64099,66647,50173,2800,3,6,4,66739.64099,66647,50151,2800,3,6,4,66739.64099,66647,50085,2798,3,6,4,66739.64099,66647,50085,2798,3,6,4,66739.64099,66647,50121,2815,3,6,4,66739.64099,66647,50151,2815,3,6,4,66739.64099,66647,50136,2815,3,6,4,66739.64099,66647,50104,2815,3,6,4,66739.64099
355,Musi Rawas Utara,61483,32788,704,2,2,2,61587.39844,61483,32872,699,2,2,10,27896,2,61587.39844,61483,32877,698,2,2,2,61587.39771,61483,32958,697,2,2,2,61587.39771,61483,33164,694,2,2,2,61587.39771,61483,33385,689,2,2,2,61587.39771,61483,33466,683,2,2,2,61587.39771,61483,33437,681,0,2,2,61587.39771,61483,33437,681,0,2,2,61587.39771,61483,33645,679,0,2,2,61587.39771,61483,33665,679,0,2,2,61587.39771,61483,33665,678,0,2,2,61587.39771,61483,33650,677,0,2,2,61587.39771
356,Nabire,129357,3645,319,1,474,0,129585.2866,129357,3609,320,1,473,776,124170,0,129585.2866,129357,3521,311,1,466,0,129585.2914,129357,3455,304,1,448,0,129585.2914,129357,3266,297,1,447,0,129585.2914,129357,3207,295,1,447,0,129585.2914,129357,3170,293,1,446,0,129585.2914,129357,2947,243,1,446,0,129585.2914,129357,2950,247,1,438,0,129585.2914,129357,2522,173,1,435,0,129585.2914,129357,2298,163,1,429,0,129585.2914,129357,2139,160,1,426,0,129585.2914,129357,1996,163,1,421,0,129585.2914
357,Nagan Raya,36130,5936,8482,33,13,17,36206.98047,36130,5922,8455,33,13,70,21618,17,36206.98047,36130,5922,8443,33,13,17,36206.97883,36130,5919,8416,33,13,17,36206.97883,36130,5901,8365,33,13,17,36206.97883,36130,5886,8288,31,13,17,36206.97883,36130,5867,8228,25,13,17,36206.97883,36130,5873,8195,23,13,17,36206.97883,36130,5873,8196,23,12,17,36206.97883,36130,5799,8077,23,9,13,36206.97883,36130,5734,7867,22,5,13,36206.97883,36130,5619,7388,11,5,13,36206.97883,36130,5573,7216,4,5,13,36206.97883
358,Nagekeo,15051,4177,5508,2116,3,11,15086.34961,15051,4195,5522,2116,3,58,3146,11,15086.34961,15051,4218,5538,2116,2,11,15086.34961,15051,4204,5538,2116,2,11,15086.34961,15051,4169,5538,2116,2,11,15086.34961,15051,4223,5538,2117,2,11,15086.34961,15051,4236,5538,2117,2,11,15086.34961,15051,4242,5538,2117,2,11,15086.34961,15051,4242,5538,2117,2,11,15086.34961,15051,4350,5538,2117,2,11,15086.34961,15051,4350,5538,2116,2,11,15086.34961,15051,4343,5538,2116,2,11,15086.34961,15051,4343,5538,2116,2,11,15086.34961
359,Natuna,20965,4456,653,144,351,0,21155.79914,20965,4410,652,144,351,683,14702,0,21155.79914,20965,4367,636,141,351,0,21155.80063,20965,4278,592,129,320,0,21155.80063,20965,4185,563,113,320,0,21155.80063,20965,4162,560,112,320,0,21155.80063,20965,4176,561,113,319,0,21155.80063,20965,4168,559,113,319,0,21155.80063,20965,4168,559,113,319,0,21155.80063,20965,3911,539,99,318,0,21155.80063,20965,3806,539,99,314,0,21155.80063,20965,3796,539,99,314,0,21155.80063,20965,3779,539,99,313,0,21155.80063
360,Nduga,73628,1085,171,97,8,0,73711.94531,73628,1034,165,97,8,27,71581,0,73711.94531,73628,1037,162,97,8,0,73711.94873,73628,970,122,97,8,0,73711.94873,73628,901,120,97,8,0,73711.94873,73628,875,119,97,8,0,73711.94873,73628,875,119,97,8,0,73711.94873,73628,875,119,97,8,0,73711.94873,73628,875,119,97,8,0,73711.94873,73628,871,119,97,8,0,73711.94873,73628,885,119,97,8,0,73711.94873,73628,885,119,97,8,0,73711.94873,73628,885,119,97,8,0,73711.94873
361,Ngada,18236,6316,4410,2208,34,0,18292.90039,18236,6365,4409,2208,33,42,5179,0,18292.90039,18236,6418,4419,2208,32,0,18292.90039,18236,6406,4420,2208,31,0,18292.90039,18236,6394,4420,2208,31,0,18292.90039,18236,6423,4420,2208,31,0,18292.90039,18236,6421,4420,2208,31,0,18292.90039,18236,6438,4420,2208,31,0,18292.90039,18236,6438,4420,2208,31,0,18292.90039,18236,6666,4423,2209,31,0,18292.90039,18236,6666,4423,2209,31,0,18292.90039,18236,6666,4422,2209,31,0,18292.90039,18236,6652,4422,2209,31,0,18292.90039
362,Nganjuk,13707,1787,9257,899,591,0,13749,13707,1798,9314,901,551,8,1131,0,13749,13707,1798,9324,902,543,0,13749,13707,1803,9390,903,471,0,13749,13707,1808,9390,903,471,0,13749,13707,1808,9390,903,471,0,13749,13707,1811,9390,903,471,0,13749,13707,1813,9390,903,471,0,13749,13707,1815,9423,903,436,0,13749,13707,1849,9554,908,299,0,13749,13707,1850,9565,908,287,0,13749,13707,1851,9574,908,277,0,13749,13707,1853,9580,908,269,0,13749
363,Ngawi,14801,2626,10578,711,78,0,14840.2002,14801,2626,10581,711,75,31,777,0,14840.2002,14801,2626,10581,711,75,0,14840.2002,14801,2626,10581,711,75,0,14840.2002,14801,2626,10581,711,75,0,14840.2002,14801,2626,10581,711,75,0,14840.2002,14801,2626,10581,711,75,0,14840.2002,14801,2638,10585,711,75,0,14840.2002,14801,2640,10586,712,71,0,14840.2002,14801,2640,10590,713,66,0,14840.2002,14801,2643,10591,714,61,0,14840.2002,14801,2643,10592,714,60,0,14840.2002,14801,2643,10593,716,57,0,14840.2002
364,Nias,9099,3604,177,0,9,0,9135.709961,9099,3648,177,0,9,26,5239,0,9135.709961,9099,3742,177,0,9,0,9135.709961,9099,3759,177,0,9,0,9135.709961,9099,3781,177,0,9,0,9135.709961,9099,3774,175,0,9,0,9135.709961,9099,3642,171,0,9,0,9135.709961,9099,3632,171,0,9,0,9135.709961,9099,3632,171,0,9,0,9135.709961,9099,3617,168,0,9,0,9135.709961,9099,3617,168,0,9,0,9135.709961,9099,3614,168,0,8,0,9135.709961,9099,3614,168,0,8,0,9135.709961
365,Nias Barat,4808,1385,22,0,0,0,4846.919922,4808,1438,22,0,0,95,3253,0,4846.919922,4808,1437,22,0,0,0,4846.919922,4808,1426,21,0,0,0,4846.919922,4808,1422,21,0,0,0,4846.919922,4808,1404,20,0,0,0,4846.919922,4808,1383,20,0,0,0,4846.919922,4808,1399,20,0,0,0,4846.919922,4808,1399,20,0,0,0,4846.919922,4808,1476,20,0,0,0,4846.919922,4808,1476,20,0,0,0,4846.919922,4808,1476,20,0,0,0,4846.919922,4808,1476,20,0,0,0,4846.919922
366,Nias Selatan,26341,7353,227,0,12,0,26513.5515,26341,7423,227,0,11,407,18273,0,26513.5515,26341,7394,227,0,10,0,26513.54956,26341,7406,226,0,10,0,26513.54956,26341,7470,222,0,10,0,26513.54956,26341,7444,217,0,10,0,26513.54956,26341,7440,217,0,10,0,26513.54956,26341,7554,223,0,10,0,26513.54956,26341,7554,223,0,9,0,26513.54956,26341,7783,219,0,9,0,26513.54956,26341,7783,219,0,9,0,26513.54956,26341,7783,219,0,9,0,26513.54956,26341,7788,217,0,9,0,26513.54956
367,Nias Utara,12665,4027,74,0,33,0,12720.62988,12665,4134,74,0,33,122,8302,0,12720.62988,12665,4114,74,0,33,0,12720.62988,12665,4190,74,0,33,0,12720.62988,12665,4323,74,0,33,0,12720.62988,12665,4302,68,0,33,0,12720.62988,12665,4300,68,0,33,0,12720.62988,12665,4336,68,0,33,0,12720.62988,12665,4336,68,0,33,0,12720.62988,12665,4834,68,0,33,0,12720.62988,12665,4831,68,0,33,0,12720.62988,12665,4824,68,0,33,0,12720.62988,12665,4831,68,0,33,0,12720.62988
368,Nunukan,149703,19934,5040,9,80,163,150023.1367,149703,19976,5013,9,75,1747,122718,165,150023.1367,149703,19938,4927,9,72,165,150023.0725,149703,19851,4905,9,66,165,150023.0725,149703,19599,4779,9,66,165,150023.0725,149703,19110,4346,9,65,164,150023.0725,149703,18890,4015,9,65,151,150023.0725,149703,18411,3404,9,65,11,150023.0725,149703,18411,3404,9,65,11,150023.0725,149703,18204,3322,9,63,11,150023.0725,149703,18075,3287,9,53,11,150023.0725,149703,17688,3175,9,53,11,150023.0725,149703,17520,3138,9,50,11,150023.0725
369,Ogan Ilir,25147,12833,9343,1339,63,613,25216.45117,25147,12833,9359,1339,47,127,829,613,25216.45117,25147,12830,9368,1346,35,610,25216.44922,25147,12833,9372,1346,25,616,25216.44922,25147,12833,9372,1346,25,616,25216.44922,25147,12835,9372,1346,25,616,25216.44922,25147,12835,9372,1346,24,617,25216.44922,25147,12827,9372,1343,23,617,25216.44922,25147,12827,9373,1343,21,618,25216.44922,25147,12820,9371,1342,20,618,25216.44922,25147,12816,9372,1342,18,618,25216.44922,25147,12816,9373,1342,14,620,25216.44922,25147,12816,9374,1342,12,621,25216.44922
370,Ogan Komering Ilir,189249,89989,45729,3627,61,323,189445.1544,189249,89898,45477,3576,40,4794,44607,324,189445.1544,189249,89423,45226,3514,29,324,189445.1492,189249,89023,45181,3473,28,311,189445.1492,189249,88587,45121,3420,28,311,189445.1492,189249,88034,44867,3384,28,311,189445.1492,189249,87321,44556,3256,28,311,189445.1492,189249,86143,44262,2546,28,311,189445.1492,189249,86143,44264,2546,26,311,189445.1492,189249,86293,44267,2529,21,307,189445.1492,189249,86493,44354,2523,18,308,189445.1492,189249,86351,44928,2478,17,308,189445.1492,189249,86213,45019,2433,17,308,189445.1492
371,Ogan Komering Ulu,40819,24932,1786,4,69,0,40888.21484,40819,24963,1795,4,60,12,13985,0,40888.21484,40819,24970,1794,4,54,0,40888.21875,40819,25024,1794,4,54,0,40888.21875,40819,24991,1788,4,54,0,40888.21875,40819,25031,1788,4,54,0,40888.21875,40819,24986,1789,4,50,0,40888.21875,40819,24575,1788,4,49,0,40888.21875,40819,24577,1791,4,44,0,40888.21875,40819,24661,1793,4,36,0,40888.21875,40819,24656,1798,4,29,0,40888.21875,40819,24655,1798,4,29,0,40888.21875,40819,24780,1798,4,29,0,40888.21875
372,Ogan Komering Ulu Selatan,44690,21878,1287,6,13,0,44787.27344,44690,22244,1289,6,10,53,21088,0,44787.27344,44690,22255,1290,6,9,0,44787.27032,44690,22303,1288,6,9,0,44787.27032,44690,22226,1287,6,9,0,44787.27032,44690,22150,1284,6,9,0,44787.27032,44690,22093,1284,6,9,0,44787.27032,44690,21929,1279,6,9,0,44787.27032,44690,21930,1279,6,8,0,44787.27032,44690,22154,1278,6,7,0,44787.27032,44690,22156,1278,6,7,0,44787.27032,44690,22125,1278,6,6,0,44787.27032,44690,22171,1278,6,6,0,44787.27032
373,Ogan Komering Ulu Timur,35832,12338,21278,121,54,102,35920.89844,35832,12387,21313,118,27,214,1668,102,35920.89844,35832,12261,21323,118,12,102,35920.8999,35832,12280,21324,118,11,102,35920.8999,35832,12280,21324,118,11,102,35920.8999,35832,12280,21324,118,11,102,35920.8999,35832,12279,21324,118,10,102,35920.8999,35832,12225,21294,94,10,102,35920.8999,35832,12225,21295,94,9,102,35920.8999,35832,12230,21296,94,9,102,35920.8999,35832,12246,21297,94,9,102,35920.8999,35832,12246,21297,94,9,102,35920.8999,35832,12253,21297,94,9,102,35920.8999
374,Pacitan,15071,4924,3253,345,42,3,15142.7002,15071,4968,3372,345,38,80,6265,3,15142.7002,15071,4974,3384,345,38,3,15142.7002,15071,4967,3383,345,38,3,15142.7002,15071,4943,3364,345,38,3,15142.7002,15071,4941,3364,345,38,3,15142.7002,15071,4953,3373,345,38,3,15142.7002,15071,5295,3563,349,38,3,15142.7002,15071,5295,3564,349,37,3,15142.7002,15071,5308,3567,349,34,3,15142.7002,15071,5308,3568,349,33,3,15142.7002,15071,5308,3568,349,33,3,15142.7002,15071,5305,3567,349,33,3,15142.7002
375,Padang Lawas,40353,17197,4746,1076,20,0,40415.29688,40353,17473,4748,1076,17,0,17039,0,40415.29688,40353,17673,4714,1076,15,0,40415.30103,40353,17681,4715,1079,15,0,40415.30103,40353,17651,4642,1072,15,0,40415.30103,40353,17699,4581,1041,15,0,40415.30103,40353,17623,4557,781,15,0,40415.30103,40353,17408,4382,665,15,0,40415.30103,40353,17409,4384,665,12,0,40415.30103,40353,17447,4332,639,12,0,40415.30103,40353,17407,4320,632,11,0,40415.30103,40353,17158,4260,625,11,0,40415.30103,40353,17094,4264,625,11,0,40415.30103
376,Padang Lawas Utara,41663,23468,4653,388,36,0,41790.82031,41663,23487,4639,388,35,2,13112,0,41790.82031,41663,23514,4605,388,35,0,41790.81799,41663,23625,4606,388,35,0,41790.81799,41663,24068,4610,389,35,0,41790.81799,41663,24082,4610,389,35,0,41790.81799,41663,24024,4609,388,35,0,41790.81799,41663,24057,4609,388,35,0,41790.81799,41663,24059,4610,388,32,0,41790.81799,41663,23856,4589,389,30,0,41790.81799,41663,23740,4579,384,30,0,41790.81799,41663,23583,4529,379,28,0,41790.81799,41663,23529,4518,379,27,0,41790.81799
377,Padang Pariaman,14265,4540,1082,7,166,8,14306.5498,14265,4543,1084,7,163,23,8437,8,14306.5498,14265,4543,1084,7,162,8,14306.5498,14265,4438,1079,0,160,8,14306.5498,14265,4372,1076,0,160,8,14306.5498,14265,4315,1075,0,160,8,14306.5498,14265,4266,1074,0,160,8,14306.5498,14265,4249,1077,0,157,8,14306.5498,14265,4254,1103,0,126,8,14306.5498,14265,4276,1142,0,86,8,14306.5498,14265,4280,1165,0,59,8,14306.5498,14265,4279,1176,0,48,8,14306.5498,14265,4268,1184,0,39,9,14306.5498
378,Pakpak Bharat,13943,2350,289,35,0,0,13980.25,13943,2366,289,35,0,0,11253,0,13980.25,13943,2362,289,35,0,0,13980.25,13943,2370,289,35,0,0,13980.25,13943,2349,289,35,0,0,13980.25,13943,2341,289,27,0,0,13980.25,13943,2305,289,18,0,0,13980.25,13943,2299,289,18,0,0,13980.25,13943,2299,289,18,0,0,13980.25,13943,2252,288,14,0,0,13980.25,13943,2166,286,8,0,0,13980.25,13943,2144,285,8,0,0,13980.25,13943,2135,285,8,0,0,13980.25
379,Pamekasan,8466,34,7782,224,125,13,8499.339844,8466,34,7876,224,31,270,18,13,8499.339844,8466,34,7883,224,24,13,8499.339844,8466,34,7884,224,23,13,8499.339844,8466,34,7885,225,21,13,8499.339844,8466,34,7885,225,21,13,8499.339844,8466,34,7885,225,21,13,8499.339844,8466,34,7885,225,21,13,8499.339844,8466,34,7885,225,21,13,8499.339844,8466,34,7891,225,15,13,8499.339844,8466,34,7893,225,13,13,8499.339844,8466,34,7893,225,13,13,8499.339844,8466,34,7894,225,12,13,8499.339844
380,Pandeglang,29454,10020,5014,0,1231,26,29593.58008,29454,10090,5033,0,1208,257,12840,26,29593.58008,29454,10100,5031,0,1201,26,29593.58293,29454,10050,5034,0,1193,31,29593.58293,29454,9918,5028,0,1193,31,29593.58293,29454,9760,5015,0,1193,31,29593.58293,29454,9756,5018,0,1190,31,29593.58293,29454,9938,5022,0,1190,31,29593.58293,29454,9939,5051,0,1156,35,29593.58293,29454,10185,5091,0,1104,38,29593.58293,29454,10218,5110,0,1079,42,29593.58293,29454,10198,5121,0,1064,45,29593.58293,29454,10190,5132,0,1049,48,29593.58293
381,Pangandaran,12047,6035,1196,0,111,61,12090.16016,12047,6069,1196,0,111,66,4544,61,12090.16016,12047,6079,1196,0,111,61,12090.16016,12047,6053,1190,0,110,61,12090.16016,12047,5970,1182,0,110,61,12090.16016,12047,5977,1176,0,110,61,12090.16016,12047,6089,1176,0,110,61,12090.16016,12047,6552,1187,0,110,62,12090.16016,12047,6552,1189,0,107,62,12090.16016,12047,6815,1192,0,100,60,12090.16016,12047,6815,1194,0,98,60,12090.16016,12047,6809,1194,0,98,60,12090.16016,12047,6794,1193,0,98,60,12090.16016
382,Pangkajene Dan Kepulauan,9337,485,2978,15,928,27,9431.36998,9337,509,2994,15,928,1598,3266,27,9431.36998,9337,555,3049,15,928,27,9431.37054,9337,556,3078,18,881,30,9431.37054,9337,559,3081,18,878,31,9431.37054,9337,563,3081,18,878,31,9431.37054,9337,564,3077,18,876,31,9431.37054,9337,566,3081,18,871,31,9431.37054,9337,566,3103,18,844,31,9431.37054,9337,588,3131,18,798,30,9431.37054,9337,590,3178,19,743,31,9431.37054,9337,592,3200,19,716,32,9431.37054,9337,592,3214,19,701,32,9431.37054
383,Paniai,49724,1686,54,228,10,61,49762.51563,49724,1682,55,228,9,1759,44578,61,49762.51563,49724,1684,55,228,9,61,49762.51843,49724,1684,55,227,9,61,49762.51843,49724,1588,55,197,9,61,49762.51843,49724,1587,55,198,9,61,49762.51843,49724,1582,55,198,9,61,49762.51843,49724,1576,55,199,9,61,49762.51843,49724,1576,55,199,9,61,49762.51843,49724,1585,55,202,9,61,49762.51843,49724,1583,55,204,9,61,49762.51843,49724,1583,55,204,9,61,49762.51843,49724,1586,55,204,9,61,49762.51843
384,Parigi Moutong,60879,18242,1517,0,188,4,61073.94147,60879,18192,1501,0,182,614,40387,3,61073.94147,60879,18018,1509,0,178,2,61073.94048,60879,18041,1509,0,166,2,61073.94048,60879,18040,1508,0,158,2,61073.94048,60879,18034,1507,0,158,2,61073.94048,60879,18052,1508,0,155,2,61073.94048,60879,18025,1509,0,154,2,61073.94048,60879,18026,1511,0,151,2,61073.94048,60879,17188,1356,0,142,2,61073.94048,60879,17209,1345,0,131,2,61073.94048,60879,17161,1339,0,130,2,61073.94048,60879,17122,1336,0,127,2,61073.94048
385,Pasaman,41427,8198,2022,19,99,4,41518.66797,41427,8129,2014,19,98,0,31163,4,41518.66797,41427,8074,2013,19,98,4,41518.66992,41427,8012,2010,19,98,4,41518.66992,41427,7816,1997,19,98,4,41518.66992,41427,7689,1954,19,98,4,41518.66992,41427,7557,1946,19,98,4,41518.66992,41427,7364,1937,19,98,4,41518.66992,41427,7366,1940,19,93,4,41518.66992,41427,6811,1925,18,85,4,41518.66992,41427,6716,1931,18,75,4,41518.66992,41427,6587,1933,17,70,4,41518.66992,41427,6492,1930,17,68,4,41518.66992
386,Pasaman Barat,39355,13500,2504,79,141,2,39434.53906,39355,14049,2775,79,135,166,22149,2,39434.53906,39355,14103,2783,79,134,2,39434.53967,39355,14093,2770,79,133,2,39434.53967,39355,14544,2750,73,133,2,39434.53967,39355,14319,2614,44,133,2,39434.53967,39355,14299,2590,41,133,2,39434.53967,39355,14550,2598,41,133,2,39434.53967,39355,14554,2603,41,124,2,39434.53967,39355,17416,2625,40,121,2,39434.53967,39355,17421,2630,40,116,2,39434.53967,39355,17152,2540,40,116,2,39434.53967,39355,17071,2505,29,116,2,39434.53967
387,Paser,111879,33890,3962,307,429,32,112026.8594,111879,34618,3957,304,406,1460,71100,32,112026.8594,111879,34528,3947,304,388,32,112026.874,111879,34376,3899,304,364,32,112026.874,111879,34341,3892,309,357,32,112026.874,111879,34180,3762,332,96,33,112026.874,111879,33612,3664,331,74,34,112026.874,111879,31997,3600,315,40,34,112026.874,111879,31997,3600,315,40,34,112026.874,111879,31944,3439,301,32,29,112026.874,111879,31809,3246,301,31,29,112026.874,111879,31675,3184,295,30,29,112026.874,111879,31427,3064,289,29,29,112026.874
388,Pasuruan,15833,4721,5512,442,718,8,15887.27051,15833,4726,5570,444,642,340,4034,8,15887.27051,15833,4666,5575,445,624,8,15887.27051,15833,4707,5596,448,599,8,15887.27051,15833,4722,5603,448,596,8,15887.27051,15833,4713,5601,448,595,8,15887.27051,15833,4714,5602,448,592,8,15887.27051,15833,4724,5605,448,588,7,15887.27051,15833,4727,5630,448,560,7,15887.27051,15833,4747,5663,448,517,7,15887.27051,15833,4749,5705,450,458,7,15887.27051,15833,4751,5714,450,442,7,15887.27051,15833,4762,5731,451,417,7,15887.27051
389,Pati,16763,2880,10855,176,607,71,16822.08984,16763,2878,10916,177,544,1177,999,72,16822.08984,16763,2878,10914,177,543,72,16822.08984,16763,2880,10928,177,522,76,16822.08984,16763,2880,10936,177,512,78,16822.08984,16763,2879,10937,177,511,78,16822.08984,16763,2879,10938,177,510,78,16822.08984,16763,2879,10944,177,504,76,16822.08984,16763,2879,10953,177,493,76,16822.08984,16763,2877,10965,177,462,63,16822.08984,16763,2878,10980,177,445,64,16822.08984,16763,2877,10981,177,441,64,16822.08984,16763,2877,10988,177,433,64,16822.08984
390,Pegunungan Arfak,34594,684,91,34,16,0,34669.79688,34594,662,89,33,16,430,33312,0,34669.79688,34594,636,89,33,16,0,34669.80305,34594,640,89,33,16,0,34669.80305,34594,612,88,33,16,0,34669.80305,34594,584,87,33,16,0,34669.80305,34594,539,85,33,16,0,34669.80305,34594,467,84,33,16,0,34669.80305,34594,467,84,33,16,0,34669.80305,34594,434,53,33,16,0,34669.80305,34594,434,53,33,16,0,34669.80305,34594,429,53,33,16,0,34669.80305,34594,425,55,33,16,0,34669.80305
391,Pegunungan Bintang,161426,3307,246,112,42,2,161589.7031,161426,3202,237,112,42,326,156494,2,161589.7031,161426,2663,232,112,42,2,161589.6689,161426,2548,233,112,29,2,161589.6689,161426,1818,201,111,25,2,161589.6689,161426,1569,199,111,25,2,161589.6689,161426,1567,199,111,25,2,161589.6689,161426,1569,199,112,24,2,161589.6689,161426,1569,199,112,24,2,161589.6689,161426,1587,200,112,24,2,161589.6689,161426,1593,200,112,24,2,161589.6689,161426,1606,200,112,24,2,161589.6689,161426,1631,200,112,24,2,161589.6689
392,Pekalongan,9469,1351,1859,13,1239,10,9506.280273,9469,1357,1868,13,1227,339,4655,10,9506.280273,9469,1371,1877,13,1217,10,9506.280273,9469,1375,1898,13,1188,11,9506.280273,9469,1381,1899,13,1187,11,9506.280273,9469,1383,1899,13,1187,11,9506.280273,9469,1392,1901,14,1186,11,9506.280273,9469,1414,1910,14,1186,11,9506.280273,9469,1418,1935,14,1148,11,9506.280273,9469,1450,1976,14,1096,11,9506.280273,9469,1459,2000,15,1054,12,9506.280273,9469,1443,2012,15,1033,12,9506.280273,9469,1454,2015,15,1026,13,9506.280273
393,Pelalawan,137588,48656,13049,2283,204,32,137771.1504,137588,49206,12946,2239,185,2164,70816,32,137771.1504,137588,49465,12839,2157,175,32,137771.1398,137588,49423,12767,2140,174,32,137771.1398,137588,49105,12655,2052,174,32,137771.1398,137588,48651,12317,1928,172,32,137771.1398,137588,48341,12099,1716,171,32,137771.1398,137588,47416,11859,1282,169,32,137771.1398,137588,47417,11862,1282,165,32,137771.1398,137588,46512,11265,1075,155,17,137771.1398,137588,45967,11145,852,153,16,137771.1398,137588,44353,10774,795,145,14,137771.1398,137588,42880,10526,728,139,12,137771.1398
394,Pemalang,12062,2830,3966,61,1476,11,12111.5,12062,2823,3974,61,1451,996,2746,11,12111.5,12062,2792,3980,61,1434,11,12111.5,12062,2793,3994,61,1417,12,12111.5,12062,2795,3973,61,1417,12,12111.5,12062,2797,3975,61,1417,12,12111.5,12062,2803,3978,61,1417,12,12111.5,12062,2904,3996,61,1417,12,12111.5,12062,2914,4031,61,1366,12,12111.5,12062,3044,4129,61,1247,12,12111.5,12062,3047,4202,61,1155,12,12111.5,12062,3048,4222,63,1120,13,12111.5,12062,3049,4236,63,1101,13,12111.5
395,Penajam Paser Utara,34057,17923,3109,6,18,1,34115.61328,34057,17944,3036,6,13,755,12302,1,34115.61328,34057,17980,2929,6,12,1,34115.60987,34057,17956,2924,6,12,1,34115.60987,34057,18034,2768,6,12,1,34115.60987,34057,18208,2597,6,12,1,34115.60987,34057,18263,2507,6,12,1,34115.60987,34057,18305,2468,6,12,1,34115.60987,34057,18305,2468,6,12,1,34115.60987,34057,18985,2463,6,10,1,34115.60987,34057,19039,2464,6,8,1,34115.60987,34057,19057,2464,6,8,1,34115.60987,34057,19032,2462,6,8,1,34115.60987
396,Penukal Abab Lematang Ilir,20285,17922,1080,413,29,2,20335.83984,20285,17922,1089,413,20,17,822,2,20335.83984,20285,17922,1092,413,17,2,20335.83984,20285,17922,1092,413,17,2,20335.83984,20285,17924,1092,413,17,2,20335.83984,20285,17925,1092,413,17,2,20335.83984,20285,17924,1092,411,17,2,20335.83984,20285,17924,1092,411,17,2,20335.83984,20285,17924,1101,411,8,2,20335.83984,20285,17919,1101,383,8,2,20335.83984,20285,17918,1101,378,7,2,20335.83984,20285,17864,1081,363,7,0,20335.83984,20285,17784,1075,353,7,0,20335.83984
397,Pesawaran,14356,6984,2791,0,73,20,14466.40039,14356,7130,2812,0,49,125,4220,20,14466.40039,14356,7840,2822,0,38,20,14466.40039,14356,7859,2822,0,38,20,14466.40039,14356,7970,2822,0,38,20,14466.40039,14356,7963,2821,0,38,20,14466.40039,14356,7956,2817,0,38,20,14466.40039,14356,7916,2814,0,38,20,14466.40039,14356,7916,2814,0,38,20,14466.40039,14356,7936,2815,0,37,20,14466.40039,14356,7936,2815,0,37,20,14466.40039,14356,7934,2815,0,37,20,14466.40039,14356,7910,2815,0,37,20,14466.40039
398,Pesisir Barat,28379,3231,359,0,6,0,28479.50977,28379,3199,360,0,4,166,24650,0,28479.50977,28379,3191,357,0,3,0,28479.51007,28379,3178,353,0,3,0,28479.51007,28379,3110,341,0,3,0,28479.51007,28379,3070,340,0,3,0,28479.51007,28379,3073,340,0,3,0,28479.51007,28379,3087,356,0,3,0,28479.51007,28379,3087,356,0,3,0,28479.51007,28379,3515,366,0,2,0,28479.51007,28379,3523,366,0,2,0,28479.51007,28379,3489,366,0,2,0,28479.51007,28379,3451,366,0,2,0,28479.51007
399,Pesisir Selatan,64248,15378,1090,55,55,0,64381.49219,64248,15190,1046,55,55,177,47725,0,64381.49219,64248,14782,1015,55,54,0,64381.48828,64248,14589,1012,55,53,0,64381.48828,64248,14298,1003,55,53,0,64381.48828,64248,14178,999,55,53,0,64381.48828,64248,13673,996,32,53,0,64381.48828,64248,13560,987,4,53,0,64381.48828,64248,13562,988,4,50,0,64381.48828,64248,13765,996,4,41,0,64381.48828,64248,13885,999,4,34,0,64381.48828,64248,13726,1001,4,29,0,64381.48828,64248,13334,1000,4,29,0,64381.48828
400,Pidie,31470,6214,2850,17,154,76,31529.30664,31470,6298,2851,17,152,408,21668,76,31529.30664,31470,6308,2852,17,151,76,31529.31067,31470,6265,2860,17,135,78,31529.31067,31470,6218,2860,17,135,78,31529.31067,31470,6202,2860,17,135,78,31529.31067,31470,6215,2860,17,135,78,31529.31067,31470,6215,2860,17,135,77,31529.31067,31470,6216,2861,17,132,77,31529.31067,31470,6254,2871,17,111,78,31529.31067,31470,6249,2884,17,92,79,31529.31067,31470,6252,2885,17,90,79,31529.31067,31470,6268,2888,17,86,77,31529.31067
401,Pidie Jaya,9958,2544,862,0,16,17,9994.620117,9958,2663,863,0,15,233,6167,17,9994.620117,9958,2666,863,0,15,17,9994.620117,9958,2657,863,0,14,17,9994.620117,9958,2601,857,0,14,17,9994.620117,9958,2581,857,0,14,17,9994.620117,9958,2581,857,0,14,17,9994.620117,9958,2581,857,0,14,17,9994.620117,9958,2581,859,0,12,17,9994.620117,9958,2521,858,0,11,17,9994.620117,9958,2521,862,0,7,17,9994.620117,9958,2498,862,0,7,17,9994.620117,9958,2505,862,0,7,17,9994.620117
402,Pinrang,20146,6018,6849,83,151,244,20208.71875,20146,6059,6868,83,130,557,6204,245,20208.71875,20146,6268,6873,83,116,242,20208.71875,20146,6272,6872,83,114,240,20208.71875,20146,6297,6869,83,114,239,20208.71875,20146,6295,6869,83,114,239,20208.71875,20146,6318,6870,83,114,239,20208.71875,20146,6315,6870,83,114,239,20208.71875,20146,6315,6876,83,108,239,20208.71875,20146,6305,6874,77,106,239,20208.71875,20146,6324,6874,77,106,239,20208.71875,20146,6315,6870,77,106,239,20208.71875,20146,6332,6859,77,105,238,20208.71875
403,Pohuwato,45923,6363,2172,3,11,95,46012.90625,45923,6385,2179,3,4,361,36899,92,46012.90625,45923,6437,2183,3,3,92,46012.91211,45923,6423,2179,3,3,92,46012.91211,45923,6366,2144,3,3,92,46012.91211,45923,6328,2129,3,3,92,46012.91211,45923,6309,2127,3,3,92,46012.91211,45923,6276,2101,3,3,92,46012.91211,45923,6276,2101,3,3,92,46012.91211,45923,6039,1785,3,3,90,46012.91211,45923,5996,1497,3,2,90,46012.91211,45923,5965,1484,3,2,90,46012.91211,45923,5959,1482,3,2,90,46012.91211
404,Polewali Mandar,21995,7078,1934,5,320,7,22050.89844,21995,7124,1958,5,293,500,12108,7,22050.89844,21995,7450,1971,5,278,7,22050.89844,21995,7461,1975,5,277,7,22050.89844,21995,7424,1938,5,277,7,22050.89844,21995,7394,1931,5,277,7,22050.89844,21995,7356,1931,5,277,7,22050.89844,21995,7290,1930,5,277,7,22050.89844,21995,7290,1933,5,273,7,22050.89844,21995,6952,1912,5,272,6,22050.89844,21995,6952,1912,5,272,6,22050.89844,21995,6882,1912,5,272,6,22050.89844,21995,6901,1912,5,272,6,22050.89844
405,Ponorogo,15038,3423,5382,1928,324,0,15104.13965,15038,3463,5405,1950,284,19,3912,0,15104.13965,15038,3478,5405,1951,283,0,15104.13965,15038,3478,5405,1952,282,0,15104.13965,15038,3478,5405,1952,282,0,15104.13965,15038,3478,5405,1952,282,0,15104.13965,15038,3493,5406,1952,282,0,15104.13965,15038,3590,5423,1953,282,0,15104.13965,15038,3590,5427,1953,278,0,15104.13965,15038,3596,5437,1954,267,0,15104.13965,15038,3595,5437,1955,266,0,15104.13965,15038,3595,5437,1957,264,0,15104.13965,15038,3599,5440,1960,258,0,15104.13965
406,Pontianak,,,,,,,,,,,,,,,,,,,,,,,,,,,,,,,,,,,,,,,,,,,,,,,,,,,,,,,,,,,,,,,,,,,,,,,,,,,,,,,,,,,,,,,,,,,,,
407,Poso,77034,12546,2539,329,58,4,77136.47656,77034,12510,2541,329,56,3994,57516,4,77136.47656,77034,12523,2537,329,55,4,77136.46973,77034,12498,2533,329,54,4,77136.46973,77034,12439,2498,327,54,4,77136.46973,77034,12423,2428,327,54,4,77136.46973,77034,12344,2410,327,54,4,77136.46973,77034,12247,2393,326,54,4,77136.46973,77034,12252,2394,326,48,4,77136.46973,77034,11981,2381,326,34,1,77136.46973,77034,12012,2381,326,33,2,77136.46973,77034,11920,2380,326,32,2,77136.46973,77034,11874,2379,326,32,2,77136.46973
408,Pringsewu,6384,3723,2017,0,254,17,6420.969727,6384,3765,2110,0,157,87,248,17,6420.969727,6384,3768,2162,0,103,17,6420.969727,6384,3768,2163,0,102,17,6420.969727,6384,3765,2163,0,102,17,6420.969727,6384,3764,2163,0,102,17,6420.969727,6384,3764,2163,0,102,17,6420.969727,6384,3764,2163,0,102,17,6420.969727,6384,3764,2174,0,91,17,6420.969727,6384,3794,2190,0,77,17,6420.969727,6384,3794,2198,0,69,17,6420.969727,6384,3794,2203,0,64,17,6420.969727,6384,3797,2205,0,59,17,6420.969727
409,Probolinggo,18351,5054,4615,647,430,6,18402.29102,18351,5063,4644,649,373,149,7409,6,18402.29102,18351,5031,4613,653,361,6,18402.29102,18351,5032,4618,653,357,6,18402.29102,18351,5037,4620,637,357,6,18402.29102,18351,5035,4612,637,357,6,18402.29102,18351,5053,4596,637,356,6,18402.29102,18351,5111,4595,637,356,5,18402.29102,18351,5111,4603,637,348,5,18402.29102,18351,5044,4613,638,326,4,18402.29102,18351,5038,4613,638,324,4,18402.29102,18351,5038,4615,638,321,4,18402.29102,18351,5035,4616,637,319,2,18402.29102
410,Pulang Pisau,102693,40268,5262,2670,48,50,102792.6797,102693,40598,5090,2602,48,1205,52885,8,102792.6797,102693,41052,5051,2600,48,2,102792.6877,102693,40392,4956,2534,48,2,102792.6877,102693,39869,4831,2444,48,2,102792.6877,102693,39479,4704,2193,48,0,102792.6877,102693,38966,4565,2089,48,0,102792.6877,102693,36971,4285,465,48,0,102792.6877,102693,36971,4285,465,48,0,102792.6877,102693,35272,4106,321,46,0,102792.6877,102693,35025,4070,308,46,0,102792.6877,102693,34728,4004,303,46,0,102792.6877,102693,34124,3970,298,46,0,102792.6877
411,Pulau Morotai,24697,2113,178,0,33,0,24760.69727,24697,2098,180,0,27,201,22191,0,24760.69727,24697,2013,181,0,23,0,24760.69727,24697,1949,184,0,20,0,24760.69727,24697,1786,183,0,20,0,24760.69727,24697,1726,179,0,20,0,24760.69727,24697,1700,179,0,20,0,24760.69727,24697,1653,179,0,20,0,24760.69727,24697,1653,179,0,20,0,24760.69727,24697,1293,164,0,20,0,24760.69727,24697,1293,164,0,20,0,24760.69727,24697,1293,164,0,20,0,24760.69727,24697,1293,164,0,20,0,24760.69727
412,Pulau Taliabu,31514,1624,245,1,7,0,31631.13867,31514,1588,245,1,6,402,29272,0,31631.13867,31514,1484,245,1,5,0,31631.13965,31514,1473,244,1,5,0,31631.13965,31514,1415,231,1,5,0,31631.13965,31514,1359,220,1,5,0,31631.13965,31514,1338,211,1,5,0,31631.13965,31514,1214,193,1,5,0,31631.13965,31514,1214,193,1,5,0,31631.13965,31514,1246,180,1,5,0,31631.13965,31514,1237,180,1,5,0,31631.13965,31514,1235,180,1,5,0,31631.13965,31514,1219,179,1,5,0,31631.13965
413,Puncak,84053,1450,106,723,62,4,84133.28906,84053,1321,82,722,62,723,79412,4,84133.28906,84053,939,65,690,62,4,84133.28809,84053,935,65,690,58,4,84133.28809,84053,839,65,690,53,4,84133.28809,84053,748,65,692,53,4,84133.28809,84053,751,65,692,53,4,84133.28809,84053,746,65,686,52,4,84133.28809,84053,746,65,686,52,4,84133.28809,84053,717,65,685,52,4,84133.28809,84053,717,65,685,52,4,84133.28809,84053,718,65,686,52,4,84133.28809,84053,706,65,686,52,4,84133.28809
414,Puncak Jaya,46612,1785,35,12,30,0,46680.71875,46612,1747,35,12,29,245,44536,0,46680.71875,46612,1461,30,12,29,0,46680.72131,46612,1446,30,12,21,0,46680.72131,46612,1242,30,12,21,0,46680.72131,46612,1242,30,12,21,0,46680.72131,46612,1232,30,12,21,0,46680.72131,46612,1231,30,12,20,0,46680.72131,46612,1231,30,12,20,0,46680.72131,46612,1221,30,12,20,0,46680.72131,46612,1223,30,12,20,0,46680.72131,46612,1217,30,12,20,0,46680.72131,46612,1185,30,12,20,0,46680.72131
415,Purbalingga,8570,1959,1942,0,111,5,8610.509766,8570,1948,1953,0,94,55,4515,5,8610.509766,8570,1920,1950,0,93,5,8610.509766,8570,1920,1950,0,93,5,8610.509766,8570,1912,1949,0,93,5,8610.509766,8570,1921,1951,0,93,5,8610.509766,8570,1965,1955,0,93,5,8610.509766,8570,2077,1979,0,93,5,8610.509766,8570,2077,1980,0,92,5,8610.509766,8570,2172,2015,1,69,5,8610.509766,8570,2168,2019,1,65,5,8610.509766,8570,2162,2009,1,65,5,8610.509766,8570,2161,2009,1,65,5,8610.509766
416,Purwakarta,10486,4223,2961,50,864,5,10520.38086,10486,4229,2977,52,844,895,1484,5,10520.38086,10486,4205,2984,53,835,5,10520.38086,10486,4207,2990,53,827,5,10520.38086,10486,4206,2991,54,825,5,10520.38086,10486,4206,2991,54,825,5,10520.38086,10486,4222,2994,54,825,5,10520.38086,10486,4267,3005,54,823,5,10520.38086,10486,4270,3023,54,800,6,10520.38086,10486,4316,3054,56,769,6,10520.38086,10486,4317,3080,56,742,6,10520.38086,10486,4318,3092,56,729,6,10520.38086,10486,4322,3100,57,716,6,10520.38086
417,Purworejo,11585,1920,3286,19,153,15,11612.54004,11585,1920,3290,19,149,432,5760,15,11612.54004,11585,1920,3290,19,149,15,11612.54004,11585,1916,3291,19,149,15,11612.54004,11585,1891,3269,19,149,15,11612.54004,11585,1885,3268,19,149,15,11612.54004,11585,1891,3268,19,149,15,11612.54004,11585,1923,3270,19,149,15,11612.54004,11585,1923,3271,19,148,15,11612.54004,11585,2095,3272,19,146,15,11612.54004,11585,2102,3272,19,145,15,11612.54004,11585,2108,3270,19,145,15,11612.54004,11585,2112,3271,19,144,15,11612.54004
418,Raja Ampat,82129,638,148,26,79,0,82792.64265,82129,574,143,26,78,8656,72652,0,82792.64265,82129,574,142,26,78,0,82792.64051,82129,561,130,26,74,0,82792.64051,82129,546,120,26,74,0,82792.64051,82129,532,118,26,74,0,82792.64051,82129,532,114,26,74,0,82792.64051,82129,532,112,26,74,0,82792.64051,82129,532,112,26,74,0,82792.64051,82129,528,112,26,74,0,82792.64051,82129,528,112,26,74,0,82792.64051,82129,528,112,26,74,0,82792.64051,82129,528,112,26,74,0,82792.64051
419,Rejang Lebong,15898,9163,302,0,103,1,15941.31934,15898,9294,316,0,85,0,6202,1,15941.31934,15898,9306,322,0,77,1,15941.31934,15898,9306,323,0,76,1,15941.31934,15898,9217,321,0,76,1,15941.31934,15898,9172,304,0,76,1,15941.31934,15898,9136,301,0,76,1,15941.31934,15898,8715,270,0,76,0,15941.31934,15898,8716,271,0,74,0,15941.31934,15898,8748,281,0,67,0,15941.31934,15898,8803,289,0,60,0,15941.31934,15898,8794,290,0,57,0,15941.31934,15898,8787,293,0,54,0,15941.31934
420,Rembang,11025,57,9644,512,123,25,11058.77051,11025,64,9666,512,114,211,433,25,11058.77051,11025,67,9709,512,114,21,11058.77051,11025,67,9713,512,108,22,11058.77051,11025,67,9713,512,108,22,11058.77051,11025,67,9713,512,108,22,11058.77051,11025,67,9713,512,108,22,11058.77051,11025,67,9717,512,104,22,11058.77051,11025,67,9717,512,99,23,11058.77051,11025,93,9748,512,79,24,11058.77051,11025,93,9748,512,71,25,11058.77051,11025,93,9749,512,70,25,11058.77051,11025,93,9751,512,68,25,11058.77051
421,Rokan Hilir,96687,51191,25387,1542,73,7,96831.49219,96687,51240,25478,1553,73,1042,17294,7,96831.49219,96687,51259,25504,1531,73,7,96831.49256,96687,51218,25479,1529,72,7,96831.49256,96687,51184,25529,1508,72,7,96831.49256,96687,51131,25471,1436,72,6,96831.49256,96687,51097,25482,1412,71,6,96831.49256,96687,50742,25124,1341,71,6,96831.49256,96687,50743,25124,1341,67,6,96831.49256,96687,50172,24540,1311,63,5,96831.49256,96687,49446,24313,1172,61,5,96831.49256,96687,48032,23586,1082,54,7,96831.49256,96687,46376,22726,996,50,7,96831.49256
422,Rokan Hulu,76244,50904,6756,488,52,0,76368.19531,76244,51134,6712,484,42,0,17872,0,76368.19531,76244,51480,6690,483,33,0,76368.2002,76244,51492,6681,483,33,0,76368.2002,76244,51675,6684,481,33,0,76368.2002,76244,51766,6689,480,33,0,76368.2002,76244,51799,6687,480,33,0,76368.2002,76244,51440,6651,450,33,0,76368.2002,76244,51440,6653,450,31,0,76368.2002,76244,51360,6637,441,26,0,76368.2002,76244,51036,6536,410,23,0,76368.2002,76244,50408,6269,402,23,0,76368.2002,76244,50046,6096,397,22,0,76368.2002
423,Rote Ndao,13781,2150,8794,1619,145,3,13878.78125,13781,2149,8793,1619,144,433,640,3,13878.78125,13781,2145,8790,1619,144,3,13878.78027,13781,2145,8792,1619,141,3,13878.78027,13781,2145,8796,1619,137,3,13878.78027,13781,2145,8796,1619,137,3,13878.78027,13781,2145,8798,1619,135,3,13878.78027,13781,2145,8799,1619,134,3,13878.78027,13781,2145,8799,1619,134,3,13878.78027,13781,2151,8795,1619,133,3,13878.78027,13781,2151,8796,1619,132,3,13878.78027,13781,2151,8795,1619,132,3,13878.78027,13781,2151,8795,1619,132,3,13878.78027
424,Sabu Raijua,4935,96,4245,462,26,0,4962.77002,4935,96,4245,462,26,89,17,0,4962.77002,4935,96,4245,462,26,0,4962.77002,4935,96,4245,462,26,0,4962.77002,4935,96,4245,462,26,0,4962.77002,4935,96,4245,462,26,0,4962.77002,4935,96,4245,462,26,0,4962.77002,4935,96,4245,462,26,0,4962.77002,4935,96,4245,464,24,0,4962.77002,4935,96,4242,467,24,0,4962.77002,4935,96,4242,467,24,0,4962.77002,4935,96,4242,467,24,0,4962.77002,4935,96,4242,467,24,0,4962.77002
425,Sambas,61282,24675,16320,565,131,6,61364.73438,61282,24685,16266,565,131,1154,18474,7,61364.73438,61282,24685,16232,567,129,7,61364.7312,61282,24598,16140,565,122,7,61364.7312,61282,24520,16068,539,122,7,61364.7312,61282,24497,15984,517,122,7,61364.7312,61282,24434,15876,492,117,7,61364.7312,61282,24243,15640,406,115,7,61364.7312,61282,24243,15647,406,108,7,61364.7312,61282,23794,14954,240,102,9,61364.7312,61282,23341,14435,179,101,9,61364.7312,61282,23039,14146,164,99,9,61364.7312,61282,22655,13790,164,97,9,61364.7312
426,Samosir,13054,4531,2839,1157,7,0,13117.50977,13054,4525,2839,1157,7,161,4364,0,13117.50977,13054,4526,2829,1157,7,0,13117.50977,13054,4529,2830,1157,6,0,13117.50977,13054,4643,2854,1156,6,0,13117.50977,13054,4629,2858,1121,6,0,13117.50977,13054,4619,2853,1103,6,0,13117.50977,13054,4606,2850,1041,6,0,13117.50977,13054,4606,2850,1041,6,0,13117.50977,13054,4577,2786,1021,6,0,13117.50977,13054,4495,2760,1004,5,0,13117.50977,13054,4467,2747,1001,5,0,13117.50977,13054,4400,2728,993,5,0,13117.50977
427,Sampang,12994,212,11507,429,100,42,13052.83984,12994,212,11556,429,49,583,128,37,13052.83984,12994,212,11569,429,35,34,13052.83984,12994,212,11573,429,31,34,13052.83984,12994,212,11573,429,31,34,13052.83984,12994,212,11573,429,31,34,13052.83984,12994,212,11573,429,31,34,13052.83984,12994,212,11575,429,29,34,13052.83984,12994,212,11575,429,29,34,13052.83984,12994,212,11579,429,25,34,13052.83984,12994,212,11583,429,21,34,13052.83984,12994,212,11585,429,19,34,13052.83984,12994,212,11585,429,19,34,13052.83984
428,Sanggau,134310,98269,2948,191,450,6,134482.9043,134310,98355,2923,191,446,1452,30937,6,134482.9043,134310,97959,2850,190,444,6,134482.9097,134310,97900,2849,189,421,6,134482.9097,134310,98172,2853,187,407,10,134482.9097,134310,98251,2852,187,407,9,134482.9097,134310,98317,2848,185,403,9,134482.9097,134310,97999,2803,27,394,9,134482.9097,134310,98000,2807,27,384,9,134482.9097,134310,97691,2750,28,354,5,134482.9097,134310,97560,2658,27,332,6,134482.9097,134310,97394,2581,28,325,6,134482.9097,134310,97239,2513,26,318,0,134482.9097
429,Sarmi,147909,2887,170,0,73,0,148151.4572,147909,2797,164,0,73,828,144047,0,148151.4572,147909,2740,123,0,73,0,148151.4483,147909,2592,116,0,73,0,148151.4483,147909,2211,113,0,73,0,148151.4483,147909,2081,107,0,73,0,148151.4483,147909,2081,107,0,73,0,148151.4483,147909,2135,107,0,73,0,148151.4483,147909,2135,107,0,73,0,148151.4483,147909,2132,92,0,73,0,148151.4483,147909,2132,87,0,72,0,148151.4483,147909,2112,83,0,71,0,148151.4483,147909,2081,82,0,71,0,148151.4483
430,Sarolangun,61841,39876,1875,8,38,1,61963.45703,61841,39802,1858,8,27,4,20141,1,61963.45703,61841,39799,1868,8,17,1,61963.461,61841,39781,1867,8,16,1,61963.461,61841,39711,1855,8,16,1,61963.461,61841,39558,1837,8,16,1,61963.461,61841,39441,1832,8,16,1,61963.461,61841,39218,1813,8,16,1,61963.461,61841,39218,1814,8,15,1,61963.461,61841,39093,1757,3,13,1,61963.461,61841,38977,1740,3,11,1,61963.461,61841,38697,1676,2,11,1,61963.461,61841,38595,1656,0,11,1,61963.461
431,Sekadau,60031,44316,1695,12,61,0,60119.73047,60031,44380,1684,12,61,522,13372,0,60119.73047,60031,44437,1686,8,59,0,60119.73172,60031,44558,1687,8,58,0,60119.73172,60031,44744,1696,9,56,0,60119.73172,60031,44710,1696,9,56,0,60119.73172,60031,44799,1696,9,56,0,60119.73172,60031,45020,1687,9,56,0,60119.73172,60031,45020,1687,9,56,0,60119.73172,60031,44943,1722,9,49,0,60119.73172,60031,44979,1725,8,45,0,60119.73172,60031,44977,1726,8,44,0,60119.73172,60031,44940,1727,8,43,0,60119.73172
432,Seluma,25894,9052,168,0,3,0,25949.94141,25894,8943,167,0,2,98,16684,0,25949.94141,25894,8950,167,0,2,0,25949.93799,25894,9142,168,0,2,0,25949.93799,25894,9138,161,0,2,0,25949.93799,25894,9238,158,0,2,0,25949.93799,25894,9270,156,0,2,0,25949.93799,25894,9225,156,0,2,0,25949.93799,25894,9225,156,0,2,0,25949.93799,25894,10229,181,0,2,0,25949.93799,25894,10423,191,0,2,0,25949.93799,25894,10367,190,0,2,0,25949.93799,25894,10258,189,0,2,0,25949.93799
433,Semarang,10645,3849,2537,243,330,0,10719.66016,10645,3968,2548,245,299,110,3475,0,10719.66016,10645,3970,2555,246,287,0,10719.66016,10645,3973,2558,248,277,0,10719.66016,10645,3970,2558,248,277,0,10719.66016,10645,3963,2552,248,277,0,10719.66016,10645,3963,2552,248,277,0,10719.66016,10645,3956,2551,246,276,0,10719.66016,10645,3981,2557,249,241,0,10719.66016,10645,4074,2567,253,219,0,10719.66016,10645,4084,2576,255,197,0,10719.66016,10645,4088,2579,257,188,0,10719.66016,10645,4093,2582,257,178,0,10719.66016
434,Seram Bagian Barat,52633,4832,308,77,46,0,52801.68766,52633,4812,316,77,35,456,46937,0,52801.68766,52633,4740,318,77,30,0,52801.69101,52633,4698,318,77,28,0,52801.69101,52633,4440,300,77,28,0,52801.69101,52633,4343,298,77,28,0,52801.69101,52633,4319,297,77,28,0,52801.69101,52633,4278,297,77,28,0,52801.69101,52633,4279,298,77,26,0,52801.69101,52633,4143,292,72,23,0,52801.69101,52633,4151,294,72,20,0,52801.69101,52633,4174,294,72,19,0,52801.69101,52633,4154,292,72,19,0,52801.69101
435,Seram Bagian Timur,61316,3699,621,1,280,13,61435.29132,61316,3677,618,1,276,246,56485,13,61435.29132,61316,3677,620,1,273,13,61435.2897,61316,3634,606,1,272,13,61435.2897,61316,3511,581,1,272,13,61435.2897,61316,3471,577,1,272,13,61435.2897,61316,3457,576,1,272,13,61435.2897,61316,2859,501,1,272,13,61435.2897,61316,2859,501,1,272,13,61435.2897,61316,2754,485,1,271,13,61435.2897,61316,2754,485,1,268,13,61435.2897,61316,2730,485,1,267,13,61435.2897,61316,2648,483,1,267,13,61435.2897
436,Serang,15547,3175,3201,9,4962,139,15631.49023,15547,3182,3216,10,4940,895,3164,140,15631.49023,15547,3178,3225,10,4931,140,15631.49023,15547,3161,3339,12,4786,163,15631.49023,15547,3135,3340,12,4781,163,15631.49023,15547,3094,3340,12,4781,163,15631.49023,15547,3020,3350,12,4766,168,15631.49023,15547,3026,3356,12,4755,172,15631.49023,15547,3026,3369,12,4741,172,15631.49023,15547,3037,3383,12,4719,166,15631.49023,15547,3034,3394,12,4704,166,15631.49023,15547,3026,3409,12,4687,167,15631.49023,15547,3004,3421,12,4674,167,15631.49023
437,Serdang Bedagai,20466,12241,4714,0,248,31,20534.66016,20466,12262,4734,0,246,52,3141,31,20534.66016,20466,12299,4742,0,246,31,20534.66016,20466,12305,4743,0,243,32,20534.66016,20466,12537,4754,0,243,32,20534.66016,20466,12537,4754,0,243,32,20534.66016,20466,12537,4754,0,243,32,20534.66016,20466,12522,4756,0,241,32,20534.66016,20466,12525,4776,0,218,32,20534.66016,20466,12554,4795,0,189,31,20534.66016,20466,12556,4804,0,178,31,20534.66016,20466,12556,4815,0,167,31,20534.66016,20466,12553,4825,0,156,31,20534.66016
438,Seruyan,175035,55028,8445,4071,21,5,175213.966,175035,55060,8417,3955,21,1465,104273,5,175213.966,175035,55081,8425,3952,20,5,175213.9518,175035,54618,8350,3928,19,5,175213.9518,175035,54355,8286,3860,19,5,175213.9518,175035,54560,8293,3849,19,5,175213.9518,175035,54558,8285,3822,19,5,175213.9518,175035,53870,8199,2449,19,5,175213.9518,175035,53870,8199,2449,19,5,175213.9518,175035,54442,8204,2425,19,1,175213.9518,175035,54650,8211,2429,19,1,175213.9518,175035,54639,8147,2389,19,1,175213.9518,175035,54323,8079,2361,19,1,175213.9518
439,Siak,82341,38452,9850,907,238,1,82495.97656,82341,38879,9788,906,223,719,31825,1,82495.97656,82341,38890,9830,906,213,1,82495.96686,82341,38850,9775,911,213,1,82495.96686,82341,38658,9748,902,212,1,82495.96686,82341,38465,9704,855,212,1,82495.96686,82341,38167,9620,768,211,1,82495.96686,82341,37857,9449,631,210,1,82495.96686,82341,37857,9456,631,202,1,82495.96686,82341,36838,9263,594,191,1,82495.96686,82341,36519,9220,592,182,1,82495.96686,82341,36180,9100,586,175,1,82495.96686,82341,35714,9037,615,170,1,82495.96686
440,Siau Tagulandang Biaro,2321,211,63,0,2,0,2360.819824,2321,211,64,0,1,173,1872,0,2360.819824,2321,211,64,0,1,0,2360.819824,2321,211,64,0,1,0,2360.819824,2321,198,64,0,1,0,2360.819824,2321,198,64,0,1,0,2360.819824,2321,195,64,0,1,0,2360.819824,2321,195,64,0,1,0,2360.819824,2321,195,65,0,0,0,2360.819824,2321,195,65,0,0,0,2360.819824,2321,195,65,0,0,0,2360.819824,2321,195,65,0,0,0,2360.819824,2321,195,65,0,0,0,2360.819824
441,Sidenreng Rappang,20899,4418,8767,16,232,171,20964.34961,20899,4446,8802,16,201,661,6602,171,20964.34961,20899,4503,8838,16,184,171,20964.35147,20899,4486,8842,16,179,172,20964.35147,20899,4475,8843,16,178,172,20964.35147,20899,4515,8894,16,178,172,20964.35147,20899,4485,8890,16,178,172,20964.35147,20899,4464,8871,16,177,172,20964.35147,20899,4464,8880,16,167,173,20964.35147,20899,4582,8889,16,166,173,20964.35147,20899,4590,8894,16,162,173,20964.35147,20899,4590,8895,16,161,173,20964.35147,20899,4597,8894,16,161,173,20964.35147
442,Sidoarjo,7724,241,2639,0,2430,13,7739.969727,7724,276,2778,0,2249,2051,357,13,7739.969727,7724,292,2848,0,2162,13,7739.969727,7724,309,2964,0,2021,16,7739.969727,7724,310,3000,0,1983,17,7739.969727,7724,310,3003,0,1980,17,7739.969727,7724,312,3018,0,1959,19,7739.969727,7724,312,3024,0,1950,22,7739.969727,7724,323,3069,0,1888,24,7739.969727,7724,340,3172,0,1759,25,7739.969727,7724,365,3353,0,1540,27,7739.969727,7724,372,3428,0,1451,24,7739.969727,7724,386,3499,0,1362,25,7739.969727
443,Sigi,57155,6955,1737,0,194,5,57270.98047,57155,6920,1749,0,181,347,47953,5,57270.98047,57155,6977,1759,0,168,5,57270.98096,57155,6989,1751,0,168,5,57270.98096,57155,6767,1745,0,168,5,57270.98096,57155,6568,1745,0,168,5,57270.98096,57155,6448,1745,0,168,5,57270.98096,57155,6345,1759,0,154,5,57270.98096,57155,6345,1759,0,154,5,57270.98096,57155,6508,1745,0,152,5,57270.98096,57155,6515,1748,0,149,5,57270.98096,57155,6473,1751,0,146,5,57270.98096,57155,6487,1753,0,144,5,57270.98096
444,Sijunjung,32303,12104,299,0,34,1,32365.5293,32303,11861,298,0,34,0,20109,1,32365.5293,32303,11348,296,0,34,1,32365.53117,32303,11374,296,0,33,2,32365.53117,32303,11296,295,0,33,2,32365.53117,32303,11270,292,0,33,2,32365.53117,32303,10817,284,0,33,2,32365.53117,32303,10191,282,0,33,2,32365.53117,32303,10192,288,0,26,2,32365.53117,32303,9777,298,0,13,2,32365.53117,32303,9677,300,0,11,2,32365.53117,32303,9454,302,0,9,2,32365.53117,32303,9138,300,0,8,2,32365.53117
445,Sikka,18066,7030,1449,704,133,9,18129.03125,18066,7065,1449,704,133,320,8386,9,18129.03125,18066,7124,1449,704,133,9,18129.03009,18066,7122,1450,704,129,9,18129.03009,18066,7029,1444,704,129,9,18129.03009,18066,7020,1443,704,129,9,18129.03009,18066,7023,1443,704,129,9,18129.03009,18066,7023,1442,704,129,9,18129.03009,18066,7023,1448,704,123,9,18129.03009,18066,7052,1446,704,120,9,18129.03009,18066,7050,1447,704,119,9,18129.03009,18066,7028,1447,704,118,9,18129.03009,18066,7017,1447,704,118,9,18129.03009
446,Simalungun,46436,24676,6120,250,340,48,46536.05469,46436,24735,6118,249,338,655,14293,48,46536.05469,46436,24933,6123,249,334,48,46536.05176,46436,25039,6138,249,326,48,46536.05176,46436,25614,6213,249,326,48,46536.05176,46436,25538,6210,243,326,48,46536.05176,46436,25489,6208,241,326,48,46536.05176,46436,25412,6190,230,326,48,46536.05176,46436,25415,6220,230,288,48,46536.05176,46436,25679,6196,228,230,43,46536.05176,46436,25759,6212,225,202,43,46536.05176,46436,25742,6222,221,171,43,46536.05176,46436,25775,6214,213,160,43,46536.05176
447,Simeulue,19357,3104,129,0,32,0,19519.39063,19357,3107,129,0,32,629,15460,0,19519.39063,19357,3100,129,0,32,0,19519.3902,19357,3035,128,0,31,0,19519.3902,19357,3059,128,0,31,0,19519.3902,19357,3030,121,0,31,0,19519.3902,19357,3011,120,0,31,0,19519.3902,19357,3027,120,0,31,0,19519.3902,19357,3027,120,0,31,0,19519.3902,19357,3001,114,0,31,0,19519.3902,19357,3001,114,0,31,0,19519.3902,19357,3001,114,0,31,0,19519.3902,19357,3000,114,0,30,0,19519.3902
448,Sinjai,9217,4723,3068,2,50,1,9252.120117,9217,4785,3087,2,47,94,1201,1,9252.120117,9217,4781,3092,2,40,2,9252.120117,9217,4778,3089,2,39,2,9252.120117,9217,4775,3089,2,38,2,9252.120117,9217,4771,3084,2,37,2,9252.120117,9217,4771,3084,2,37,2,9252.120117,9217,4772,3094,2,36,2,9252.120117,9217,4772,3096,2,34,2,9252.120117,9217,4852,3145,2,30,2,9252.120117,9217,4853,3146,2,27,2,9252.120117,9217,4854,3146,2,26,2,9252.120117,9217,4854,3146,2,26,2,9252.120117
449,Sintang,235864,105329,6651,1451,77,0,236102.8667,235864,105285,6641,1446,68,893,121347,0,236102.8667,235864,105282,6650,1434,55,0,236102.8542,235864,104948,6643,1428,52,0,236102.8542,235864,104218,6627,1405,50,0,236102.8542,235864,103338,6583,1374,50,0,236102.8542,235864,103122,6536,1268,50,0,236102.8542,235864,102778,6286,805,50,0,236102.8542,235864,102778,6287,805,49,0,236102.8542,235864,100532,6194,762,45,0,236102.8542,235864,100103,6060,737,40,0,236102.8542,235864,99289,5854,718,40,0,236102.8542,235864,98282,5672,669,40,0,236102.8542
450,Situbondo,17619,4843,5246,1937,106,29,17688.83984,17619,4869,5269,1937,90,173,5250,29,17688.83984,17619,5120,5354,1948,88,29,17688.83984,17619,5119,5354,1948,86,29,17688.83984,17619,5107,5337,1948,86,29,17688.83984,17619,5095,5331,1948,86,29,17688.83984,17619,5077,5327,1948,86,29,17688.83984,17619,5078,5328,1948,86,29,17688.83984,17619,5080,5337,1948,72,29,17688.83984,17619,5135,5342,1948,54,28,17688.83984,17619,5135,5345,1948,48,29,17688.83984,17619,5137,5348,1948,44,30,17688.83984,17619,5132,5351,1948,41,30,17688.83984
451,Sleman,6113,2687,1644,30,875,9,6138.350098,6113,2725,1653,41,811,0,874,9,6138.350098,6113,2729,1653,42,806,9,6138.350098,6113,2732,1653,44,801,9,6138.350098,6113,2732,1653,44,801,9,6138.350098,6113,2742,1653,45,801,9,6138.350098,6113,2742,1653,45,801,9,6138.350098,6113,2742,1653,45,801,9,6138.350098,6113,2748,1657,47,789,9,6138.350098,6113,2830,1693,68,649,9,6138.350098,6113,2874,1710,116,540,9,6138.350098,6113,2883,1711,125,521,9,6138.350098,6113,2886,1710,138,504,3,6138.350098
452,Solok,34189,8667,2320,188,200,3,34271.83594,34189,8683,2332,189,187,291,22504,3,34271.83594,34189,8718,2333,189,185,3,34271.83972,34189,8713,2341,189,176,4,34271.83972,34189,8510,2338,189,176,4,34271.83972,34189,8450,2319,189,176,4,34271.83972,34189,8347,2313,188,176,4,34271.83972,34189,8310,2311,188,176,4,34271.83972,34189,8311,2323,188,163,4,34271.83972,34189,8232,2350,188,131,4,34271.83972,34189,8239,2366,188,112,4,34271.83972,34189,8147,2378,188,95,4,34271.83972,34189,8125,2394,188,79,4,34271.83972
453,Solok Selatan,38021,10533,814,0,8,4,38097.83594,38021,10554,813,0,7,3,26640,4,38097.83594,38021,10331,784,0,5,4,38097.84106,38021,10316,782,0,5,4,38097.84106,38021,10071,761,0,5,4,38097.84106,38021,9695,734,0,5,4,38097.84106,38021,9422,730,0,5,4,38097.84106,38021,9015,700,0,5,4,38097.84106,38021,9015,701,0,4,4,38097.84106,38021,8797,691,0,1,4,38097.84106,38021,8782,684,0,1,4,38097.84106,38021,8883,684,0,1,4,38097.84106,38021,8669,675,0,1,4,38097.84106
454,Soppeng,14381,2642,8001,1,125,0,14413.41895,14381,2644,8029,1,110,66,3531,0,14413.41895,14381,2651,8059,1,101,0,14413.41895,14381,2650,8054,1,101,0,14413.41895,14381,2652,8067,1,101,0,14413.41895,14381,2762,8262,1,101,0,14413.41895,14381,2762,8259,1,101,0,14413.41895,14381,2763,8260,1,101,0,14413.41895,14381,2763,8261,1,100,0,14413.41895,14381,3070,8355,1,97,0,14413.41895,14381,3093,8362,1,97,0,14413.41895,14381,3099,8367,1,97,0,14413.41895,14381,3099,8367,1,97,0,14413.41895
455,Sorong,82114,5788,155,0,60,0,82261.69531,82114,5718,152,0,60,3072,73112,0,82261.69531,82114,5711,151,0,60,0,82261.70996,82114,5641,150,0,60,0,82261.70996,82114,5544,149,0,60,0,82261.70996,82114,5404,147,0,60,0,82261.70996,82114,5256,138,0,60,0,82261.70996,82114,5186,132,0,60,0,82261.70996,82114,5186,132,0,60,0,82261.70996,82114,5260,132,0,60,0,82261.70996,82114,5218,132,0,60,0,82261.70996,82114,5090,125,0,60,0,82261.70996,82114,4877,122,0,60,0,82261.70996
456,Sorong Selatan,59449,2345,614,25,8,5,59571.10938,59449,2283,606,25,8,1856,54666,5,59571.10938,59449,2125,605,25,8,5,59571.11121,59449,1963,604,25,8,5,59571.11121,59449,1809,603,25,8,5,59571.11121,59449,1542,602,25,8,5,59571.11121,59449,1530,602,25,8,5,59571.11121,59449,1243,76,0,8,0,59571.11121,59449,1243,76,0,8,0,59571.11121,59449,1254,80,0,8,0,59571.11121,59449,1257,80,0,8,0,59571.11121,59449,1308,81,0,8,0,59571.11121,59449,1319,81,0,8,0,59571.11121
457,Sragen,10375,1917,7063,684,579,2,10442.25977,10375,1919,7072,686,566,67,63,2,10442.25977,10375,1920,7072,687,564,2,10442.25977,10375,1920,7072,689,562,2,10442.25977,10375,1920,7073,689,561,2,10442.25977,10375,1920,7073,689,561,2,10442.25977,10375,1920,7074,689,560,2,10442.25977,10375,1920,7074,689,560,2,10442.25977,10375,1928,7107,700,508,2,10442.25977,10375,1964,7208,706,365,0,10442.25977,10375,1978,7224,709,332,0,10442.25977,10375,1987,7228,717,311,0,10442.25977,10375,1989,7235,719,300,0,10442.25977
458,Subang,22988,5267,10940,10,2066,597,23063.12891,22988,5338,10987,10,2018,382,3654,599,23063.12891,22988,5348,10990,10,2013,600,23063.12891,22988,5348,11004,10,1995,601,23063.12891,22988,5347,11005,10,1993,601,23063.12891,22988,5347,11005,10,1993,601,23063.12891,22988,5347,11005,10,1992,601,23063.12891,22988,5715,11021,10,1991,601,23063.12891,22988,5716,11085,10,1924,603,23063.12891,22988,5749,11153,10,1853,605,23063.12891,22988,5749,11185,10,1816,608,23063.12891,22988,5748,11195,10,1802,608,23063.12891,22988,5748,11203,10,1792,610,23063.12891
459,Sukabumi,44164,23128,9061,237,431,38,44261.56641,44164,23139,9069,237,404,117,11160,38,44261.56641,44164,23143,9078,237,393,38,44261.56726,44164,23156,9099,237,346,39,44261.56726,44164,23131,9099,237,344,39,44261.56726,44164,23158,9099,237,344,39,44261.56726,44164,23325,9120,237,343,39,44261.56726,44164,23592,9235,237,342,39,44261.56726,44164,23594,9243,237,331,39,44261.56726,44164,24344,9389,238,297,39,44261.56726,44164,24366,9410,238,265,40,44261.56726,44164,24369,9418,238,251,41,44261.56726,44164,24381,9429,239,233,42,44261.56726
460,Sukamara,34603,18284,2370,4170,7,0,34680.4375,34603,18555,2376,4170,2,78,9076,0,34680.4375,34603,18632,2378,4166,0,0,34680.43994,34603,18625,2364,4167,0,0,34680.43994,34603,18591,2361,4155,0,0,34680.43994,34603,18496,2359,4155,0,0,34680.43994,34603,18506,2359,4143,0,0,34680.43994,34603,18586,2364,4141,0,0,34680.43994,34603,18586,2364,4141,0,0,34680.43994,34603,18858,2366,4137,0,0,34680.43994,34603,18879,2366,4137,0,0,34680.43994,34603,18871,2364,4137,0,0,34680.43994,34603,18836,2362,4128,0,0,34680.43994
461,Sukoharjo,5250,600,2712,727,1100,6,5278.239746,5250,612,2750,740,1037,58,47,6,5278.239746,5250,608,2747,748,1036,6,5278.239746,5250,619,2799,756,965,6,5278.239746,5250,619,2800,757,963,6,5278.239746,5250,619,2801,757,962,6,5278.239746,5250,619,2803,758,959,6,5278.239746,5250,619,2804,758,958,6,5278.239746,5250,620,2818,762,938,6,5278.239746,5250,640,2997,780,711,6,5278.239746,5250,643,3041,784,657,6,5278.239746,5250,648,3078,795,602,7,5278.239746,5250,652,3088,801,580,7,5278.239746
462,Sumba Barat,7584,2490,3436,633,224,0,7624.969727,7584,2481,3433,633,224,47,766,0,7624.969727,7584,2478,3434,633,223,0,7624.969727,7584,2478,3434,633,223,0,7624.969727,7584,2468,3432,633,223,0,7624.969727,7584,2468,3432,633,223,0,7624.969727,7584,2467,3432,633,223,0,7624.969727,7584,2483,3432,633,223,0,7624.969727,7584,2483,3432,633,223,0,7624.969727,7584,2513,3434,633,221,0,7624.969727,7584,2513,3434,633,221,0,7624.969727,7584,2513,3434,633,221,0,7624.969727,7584,2513,3434,633,221,0,7624.969727
463,Sumba Barat Daya,15003,8477,3833,1655,29,4,15039.81055,15003,8554,3833,1655,29,89,839,4,15039.81055,15003,8569,3819,1670,28,4,15039.81055,15003,8569,3819,1670,28,4,15039.81055,15003,8569,3819,1670,28,4,15039.81055,15003,8569,3819,1670,28,4,15039.81055,15003,8569,3819,1670,28,4,15039.81055,15003,8569,3819,1670,28,4,15039.81055,15003,8569,3821,1670,26,4,15039.81055,15003,8591,3822,1671,24,4,15039.81055,15003,8591,3822,1671,24,4,15039.81055,15003,8591,3822,1671,24,4,15039.81055,15003,8591,3822,1671,24,4,15039.81055
464,Sumba Tengah,19364,2043,9899,4333,2,7,19420.36914,19364,2059,9903,4333,2,67,2993,7,19420.36914,19364,2068,9893,4346,2,7,19420.36914,19364,2067,9893,4346,2,7,19420.36914,19364,2038,9889,4346,2,7,19420.36914,19364,2039,9889,4346,2,7,19420.36914,19364,2042,9890,4346,2,7,19420.36914,19364,2048,9891,4346,2,7,19420.36914,19364,2048,9891,4346,2,7,19420.36914,19364,2212,9904,4346,1,7,19420.36914,19364,2221,9904,4346,1,7,19420.36914,19364,2221,9904,4346,1,7,19420.36914,19364,2221,9904,4346,1,7,19420.36914
465,Sumba Timur,74640,11952,30631,22025,77,9,74740.21875,74640,11988,30633,22025,77,232,9676,9,74740.21875,74640,12034,30535,22142,77,9,74740.21777,74640,12027,30536,22142,76,9,74740.21777,74640,11978,30536,22141,76,9,74740.21777,74640,11982,30536,22142,76,9,74740.21777,74640,12007,30538,22143,76,9,74740.21777,74640,12036,30538,22143,76,9,74740.21777,74640,12036,30539,22143,75,9,74740.21777,74640,12404,30541,22143,75,8,74740.21777,74640,12422,30545,22143,71,8,74740.21777,74640,12422,30545,22143,71,8,74740.21777,74640,12421,30544,22143,71,8,74740.21777
466,Sumbawa,70775,7273,22228,1362,37,281,70988.32813,70775,7304,22369,1363,36,680,38740,283,70988.32813,70775,7212,22515,1367,31,283,70988.33032,70775,7239,22518,1367,31,283,70988.33032,70775,7174,22461,1367,28,283,70988.33032,70775,7146,22416,1367,28,283,70988.33032,70775,7145,22388,1367,27,283,70988.33032,70775,7183,22348,1367,27,281,70988.33032,70775,7183,22348,1367,27,281,70988.33032,70775,7657,22278,1366,27,279,70988.33032,70775,7664,22273,1366,27,279,70988.33032,70775,7643,22246,1362,27,279,70988.33032,70775,7697,22236,1362,27,279,70988.33032
467,Sumbawa Barat,18677,2904,2104,219,44,92,18735.27148,18677,2904,2098,219,44,219,13101,92,18735.27148,18677,3048,2131,218,40,92,18735.27148,18677,3045,2132,218,35,94,18735.27148,18677,3032,2135,218,32,94,18735.27148,18677,3021,2127,218,32,83,18735.27148,18677,3010,2127,218,32,83,18735.27148,18677,3000,2124,218,32,83,18735.27148,18677,3000,2128,218,27,84,18735.27148,18677,2871,2129,218,23,84,18735.27148,18677,2849,2129,219,19,84,18735.27148,18677,2787,2124,219,17,83,18735.27148,18677,2785,2125,220,15,83,18735.27148
468,Sumedang,16509,6716,3456,132,787,6,16566.07031,16509,6773,3466,136,739,314,5075,6,16566.07031,16509,6769,3483,137,731,6,16566.07031,16509,6783,3494,138,705,6,16566.07031,16509,6775,3495,140,702,6,16566.07031,16509,6767,3495,140,702,6,16566.07031,16509,6778,3499,140,702,6,16566.07031,16509,6906,3703,140,702,6,16566.07031,16509,6911,3712,141,687,6,16566.07031,16509,6957,3713,143,663,6,16566.07031,16509,6951,3717,148,649,6,16566.07031,16509,6939,3721,149,636,6,16566.07031,16509,6885,3719,151,626,6,16566.07031
469,Sumenep,22144,1429,14594,2444,279,37,22394.10019,22144,1432,14632,2446,249,1312,2035,38,22394.10019,22144,1430,14635,2447,243,38,22394.09993,22144,1430,14639,2450,231,38,22394.09993,22144,1430,14619,2451,227,38,22394.09993,22144,1430,14619,2451,227,38,22394.09993,22144,1431,14621,2451,224,38,22394.09993,22144,1431,14616,2451,223,38,22394.09993,22144,1431,14617,2453,219,38,22394.09993,22144,1441,14564,2453,199,38,22394.09993,22144,1445,14569,2465,176,38,22394.09993,22144,1444,14569,2468,172,38,22394.09993,22144,1443,14567,2468,171,38,22394.09993
470,Supiori,7065,17,5,0,3,0,7129.969513,7065,17,5,0,3,166,6874,0,7129.969513,7065,17,5,0,3,0,7129.970078,7065,17,5,0,3,0,7129.970078,7065,17,5,0,3,0,7129.970078,7065,17,5,0,3,0,7129.970078,7065,17,5,0,3,0,7129.970078,7065,17,5,0,3,0,7129.970078,7065,17,5,0,3,0,7129.970078,7065,14,5,0,3,0,7129.970078,7065,14,5,0,3,0,7129.970078,7065,14,5,0,3,0,7129.970078,7065,14,5,0,3,0,7129.970078
471,Tabalong,33279,12408,1053,75,712,4,33365.29688,33279,12363,1062,75,697,28,19050,4,33365.29688,33279,12246,1069,75,687,4,33365.30078,33279,12259,1081,75,639,4,33365.30078,33279,12271,1087,76,587,4,33365.30078,33279,12297,1098,77,498,5,33365.30078,33279,12200,1108,78,453,5,33365.30078,33279,11869,1120,30,386,6,33365.30078,33279,11870,1121,30,383,6,33365.30078,33279,11877,1129,30,354,6,33365.30078,33279,11896,1130,31,298,6,33365.30078,33279,11911,1132,31,267,6,33365.30078,33279,11901,1135,31,261,6,33365.30078
472,Tabanan,9160,1525,2625,7,43,1,9202.929688,9160,1536,2624,7,36,118,4838,1,9202.929688,9160,1538,2629,7,29,1,9202.929688,9160,1538,2591,7,29,1,9202.929688,9160,1538,2565,7,29,1,9202.929688,9160,1545,2586,7,29,1,9202.929688,9160,1545,2586,7,29,1,9202.929688,9160,1546,2586,7,29,1,9202.929688,9160,1549,2587,7,25,1,9202.929688,9160,1550,2553,10,22,1,9202.929688,9160,1551,2555,12,17,1,9202.929688,9160,1551,2555,13,14,1,9202.929688,9160,1552,2551,15,11,1,9202.929688
473,Takalar,6053,456,3558,157,675,67,6120.310547,6053,461,3580,157,656,579,552,68,6120.310547,6053,474,3600,157,648,68,6120.310547,6053,474,3601,157,637,71,6120.310547,6053,474,3600,157,637,71,6120.310547,6053,474,3600,157,637,71,6120.310547,6053,474,3600,157,637,71,6120.310547,6053,474,3600,157,637,71,6120.310547,6053,474,3606,157,631,71,6120.310547,6053,474,3620,157,617,71,6120.310547,6053,475,3626,157,609,71,6120.310547,6053,475,3635,157,600,71,6120.310547,6053,475,3641,157,594,71,6120.310547
474,Tambrauw,123583,837,188,58,53,0,123687.9609,123583,764,188,58,53,1002,121518,0,123687.9609,123583,702,188,58,53,0,123687.9731,123583,682,182,58,53,0,123687.9731,123583,570,171,58,53,0,123687.9731,123583,560,166,58,53,0,123687.9731,123583,521,147,58,53,0,123687.9731,123583,521,147,58,53,0,123687.9731,123583,521,148,58,52,0,123687.9731,123583,521,125,58,52,0,123687.9731,123583,521,125,58,52,0,123687.9731,123583,521,124,58,52,0,123687.9731,123583,521,124,58,52,0,123687.9731
475,Tana Tidung,30756,4170,726,0,5,114,30989.88672,30756,4118,702,0,3,2186,23633,114,30989.88672,30756,4061,696,0,3,114,30989.89063,30756,3998,680,0,3,114,30989.89063,30756,3828,632,0,3,114,30989.89063,30756,3667,581,0,3,44,30989.89063,30756,3555,502,0,3,25,30989.89063,30756,3517,367,0,2,1,30989.89063,30756,3518,367,0,1,1,30989.89063,30756,3272,368,0,1,7,30989.89063,30756,3231,365,0,1,7,30989.89063,30756,2690,340,0,1,8,30989.89063,30756,2257,178,0,1,8,30989.89063
476,Tana Toraja,21336,7670,3032,336,33,0,21393.28906,21336,7961,3038,337,28,0,9971,0,21393.28906,21336,8455,3041,337,27,0,21393.29096,21336,8477,3039,337,27,0,21393.29096,21336,8577,3048,339,27,0,21393.29096,21336,8618,3061,339,27,0,21393.29096,21336,8625,3062,339,27,0,21393.29096,21336,8652,3067,339,27,0,21393.29096,21336,8652,3068,341,24,0,21393.29096,21336,8760,3069,341,18,0,21393.29096,21336,8868,3072,341,17,0,21393.29096,21336,8929,3074,341,17,0,21393.29096,21336,9057,3076,341,17,0,21393.29096
477,Tanah Bumbu,49633,19316,7035,120,145,184,49712.22656,49633,19914,7002,120,131,347,21909,178,49712.22656,49633,20417,6960,118,119,164,49712.22656,49633,20233,6939,118,118,164,49712.22656,49633,20117,6923,118,118,164,49712.22656,49633,20234,6915,118,118,164,49712.22656,49633,20242,6915,118,118,164,49712.22656,49633,20219,6877,122,94,170,49712.22656,49633,20219,6879,122,92,170,49712.22656,49633,20303,6738,116,89,169,49712.22656,49633,20246,6537,116,89,165,49712.22656,49633,20119,6509,116,89,165,49712.22656,49633,19862,6347,116,89,153,49712.22656
478,Tanah Datar,13850,6049,1482,0,255,0,13902.18945,13850,6023,1484,0,253,16,6074,0,13902.18945,13850,6032,1485,0,251,0,13902.18945,13850,6045,1489,0,245,0,13902.18945,13850,6072,1489,0,245,0,13902.18945,13850,6034,1478,0,245,0,13902.18945,13850,5913,1475,0,244,0,13902.18945,13850,5797,1473,0,244,0,13902.18945,13850,5802,1497,0,215,0,13902.18945,13850,5704,1519,0,169,0,13902.18945,13850,5635,1543,0,141,0,13902.18945,13850,5598,1553,0,129,0,13902.18945,13850,5547,1561,0,118,0,13902.18945
479,Tanah Laut,40540,15572,14445,1787,71,58,40606.32422,40540,15818,14464,1784,55,225,8122,61,40606.32422,40540,15840,14455,1786,45,59,40606.31976,40540,15843,14455,1779,37,59,40606.31976,40540,15821,14453,1776,34,59,40606.31976,40540,15848,14450,1776,34,59,40606.31976,40540,15765,14450,1776,34,59,40606.31976,40540,15756,14413,1775,32,59,40606.31976,40540,15757,14414,1775,30,59,40606.31976,40540,15640,14213,1747,28,59,40606.31976,40540,15602,14168,1745,27,59,40606.31976,40540,15602,14155,1738,27,59,40606.31976,40540,15503,14001,1687,27,59,40606.31976
480,Tangerang,10866,63,199,0,9784,10,10921.58105,10866,63,202,0,9777,802,12,10,10921.58105,10866,63,204,0,9771,10,10921.58105,10866,65,273,0,9690,15,10921.58105,10866,65,275,0,9685,16,10921.58105,10866,65,275,0,9685,16,10921.58105,10866,65,277,0,9681,17,10921.58105,10866,65,278,0,9680,17,10921.58105,10866,67,280,0,9675,17,10921.58105,10866,67,282,0,9672,17,10921.58105,10866,70,285,0,9665,17,10921.58105,10866,73,298,0,9647,17,10921.58105,10866,76,306,0,9635,17,10921.58105
481,Tanggamus,29365,13372,1011,6,96,0,29453.89844,29365,13422,1016,6,80,279,14562,0,29453.89844,29365,13453,1024,6,68,0,29453.89941,29365,13514,1028,6,56,0,29453.89941,29365,13493,1023,6,56,0,29453.89941,29365,13397,975,6,56,0,29453.89941,29365,13390,972,6,56,0,29453.89941,29365,13375,956,6,56,0,29453.89941,29365,13375,961,6,51,0,29453.89941,29365,13946,984,6,47,0,29453.89941,29365,13943,991,6,40,0,29453.89941,29365,13937,991,6,40,0,29453.89941,29365,13907,990,6,40,0,29453.89941
482,Tanjung Jabung Barat,51902,33997,2865,306,63,4,51981.48438,51902,34009,2732,299,57,524,14277,4,51981.48438,51902,34266,2616,293,51,4,51981.4812,51902,34226,2583,290,51,4,51981.4812,51902,34291,2569,247,50,4,51981.4812,51902,33814,2471,33,50,4,51981.4812,51902,33531,2355,23,49,4,51981.4812,51902,32411,2116,16,47,4,51981.4812,51902,32411,2119,16,44,4,51981.4812,51902,32233,2096,17,43,3,51981.4812,51902,32203,2095,17,41,3,51981.4812,51902,32071,2091,17,39,3,51981.4812,51902,31910,2093,17,39,3,51981.4812
483,Tanjung Jabung Timur,52144,25528,7211,366,10,35,52232.61719,52144,25466,7207,366,10,937,18120,35,52232.61719,52144,26332,7181,366,10,34,52232.6189,52144,26292,7102,359,10,34,52232.6189,52144,26221,7113,286,10,33,52232.6189,52144,26063,7078,193,10,33,52232.6189,52144,25979,7059,191,10,33,52232.6189,52144,25530,6953,113,10,33,52232.6189,52144,25530,6953,113,10,33,52232.6189,52144,25111,6804,102,9,30,52232.6189,52144,25050,6719,98,9,30,52232.6189,52144,24981,6663,81,9,30,52232.6189,52144,24983,6630,77,9,30,52232.6189
484,Tapanuli Selatan,43636,15603,1789,79,30,0,43757.96875,43636,15527,1788,79,30,99,26113,0,43757.96875,43636,15466,1780,79,30,0,43757.97095,43636,15496,1778,79,30,0,43757.97095,43636,15444,1736,75,30,0,43757.97095,43636,15378,1732,74,30,0,43757.97095,43636,15278,1730,74,30,0,43757.97095,43636,15275,1727,72,30,0,43757.97095,43636,15275,1730,72,27,0,43757.97095,43636,14548,1701,71,25,0,43757.97095,43636,14388,1702,71,24,0,43757.97095,43636,14177,1649,70,23,0,43757.97095,43636,13758,1536,70,22,0,43757.97095
485,Tapanuli Tengah,24598,6483,418,12,113,9,24706.99805,24598,6187,414,12,108,322,17546,9,24706.99805,24598,5692,390,12,106,9,24707.00073,24598,5668,392,12,103,9,24707.00073,24598,5539,375,12,103,9,24707.00073,24598,5484,345,12,103,9,24707.00073,24598,5217,323,1,103,9,24707.00073,24598,5252,323,1,103,9,24707.00073,24598,5256,324,1,98,9,24707.00073,24598,5452,332,0,92,9,24707.00073,24598,5438,341,0,82,9,24707.00073,24598,5389,343,0,79,9,24707.00073,24598,5342,345,0,76,10,24707.00073
486,Tapanuli Utara,39103,11705,1576,802,40,15,39185.82813,39103,11869,1579,802,36,107,24694,16,39185.82813,39103,11873,1580,802,35,16,39185.83008,39103,11850,1580,802,35,16,39185.83008,39103,11717,1573,798,35,16,39185.83008,39103,11641,1573,791,35,16,39185.83008,39103,11555,1566,774,35,16,39185.83008,39103,11531,1555,725,35,16,39185.83008,39103,11531,1557,725,33,16,39185.83008,39103,11704,1556,724,31,16,39185.83008,39103,11703,1555,724,30,16,39185.83008,39103,11703,1556,724,30,16,39185.83008,39103,11706,1555,720,30,16,39185.83008
487,Tapin,23099,11644,4497,2879,116,0,23164.41016,23099,12012,4534,2882,115,66,3406,0,23164.41016,23099,12055,4531,2882,115,0,23164.41138,23099,12039,4532,2877,101,0,23164.41138,23099,12048,4538,2882,83,0,23164.41138,23099,12051,4542,2853,61,0,23164.41138,23099,12046,4548,2824,39,0,23164.41138,23099,12038,4554,2824,28,0,23164.41138,23099,12038,4555,2824,27,0,23164.41138,23099,11989,4315,2507,21,0,23164.41138,23099,11981,4260,2461,20,0,23164.41138,23099,11977,4262,2461,18,0,23164.41138,23099,11798,3961,1912,18,0,23164.41138
488,Tasikmalaya,28623,17130,1503,1,157,1,28702.97852,28623,17302,1505,1,140,36,9638,1,28702.97852,28623,17444,1506,1,138,1,28702.979,28623,17429,1491,1,138,1,28702.979,28623,17419,1487,1,138,1,28702.979,28623,17540,1503,1,138,1,28702.979,28623,17952,1511,1,138,1,28702.979,28623,18688,1537,1,138,1,28702.979,28623,18692,1542,1,129,1,28702.979,28623,19104,1558,1,110,1,28702.979,28623,19115,1563,1,100,1,28702.979,28623,19116,1564,1,94,1,28702.979,28623,19108,1565,1,89,1,28702.979
489,Tebo,66040,52818,1804,65,23,0,66118.70313,66040,52819,1805,65,21,531,10799,0,66118.70313,66040,52800,1800,65,16,0,66118.69641,66040,52771,1801,65,15,0,66118.69641,66040,52820,1803,65,15,0,66118.69641,66040,52832,1807,65,15,0,66118.69641,66040,52727,1799,63,15,0,66118.69641,66040,52074,1740,0,15,0,66118.69641,66040,52074,1746,0,9,0,66118.69641,66040,51751,1706,0,3,0,66118.69641,66040,51306,1588,0,3,0,66118.69641,66040,50831,1573,0,2,0,66118.69641,66040,49954,1526,0,1,0,66118.69641
490,Tegal,10547,2314,3823,48,2997,11,10597.17969,10547,2333,3852,49,2955,113,1234,11,10597.17969,10547,2339,3887,53,2908,11,10597.17969,10547,2336,3916,53,2873,14,10597.17969,10547,2339,3917,53,2872,14,10597.17969,10547,2344,3917,53,2872,14,10597.17969,10547,2385,3922,53,2872,14,10597.17969,10547,2402,3924,53,2872,13,10597.17969,10547,2416,3967,55,2813,13,10597.17969,10547,2438,4005,57,2737,13,10597.17969,10547,2477,4137,63,2556,13,10597.17969,10547,2495,4230,69,2437,13,10597.17969,10547,2511,4306,72,2342,13,10597.17969
491,Teluk Bintuni,218634,3709,799,113,81,0,218926.5176,218634,3622,794,113,77,6587,207441,0,218926.5176,218634,3508,756,113,76,0,218926.5214,218634,3274,705,113,73,0,218926.5214,218634,3085,709,113,73,0,218926.5214,218634,2981,732,113,73,0,218926.5214,218634,2908,677,113,73,0,218926.5214,218634,2866,618,113,73,0,218926.5214,218634,2866,618,113,73,0,218926.5214,218634,2892,663,112,72,0,218926.5214,218634,2899,669,112,72,0,218926.5214,218634,2907,670,112,71,0,218926.5214,218634,2931,670,112,71,0,218926.5214
492,Teluk Wondama,67876,113,65,6,15,0,68050.51563,67876,113,54,6,15,926,66762,0,68050.51563,67876,113,54,6,15,0,68050.51926,67876,101,54,6,15,0,68050.51926,67876,94,54,6,15,0,68050.51926,67876,94,54,6,15,0,68050.51926,67876,98,54,6,15,0,68050.51926,67876,98,47,6,15,0,68050.51926,67876,98,47,6,15,0,68050.51926,67876,92,43,6,15,0,68050.51926,67876,92,43,6,15,0,68050.51926,67876,92,43,6,15,0,68050.51926,67876,92,43,6,15,0,68050.51926
493,Temanggung,9254,2164,1486,787,606,0,9299.15918,9254,2136,1487,789,601,0,4236,0,9299.15918,9254,2136,1487,789,601,0,9299.15918,9254,2137,1487,789,600,0,9299.15918,9254,2136,1488,789,600,0,9299.15918,9254,2140,1494,789,600,0,9299.15918,9254,2147,1496,789,600,0,9299.15918,9254,2181,1506,789,600,0,9299.15918,9254,2183,1508,791,594,0,9299.15918,9254,2260,1530,791,586,0,9299.15918,9254,2259,1533,792,582,0,9299.15918,9254,2259,1534,792,580,0,9299.15918,9254,2257,1535,792,578,0,9299.15918
494,Timor Tengah Selatan,42233,23187,14716,0,1030,18,42308.91016,42233,23258,14718,0,1026,36,3177,18,42308.91016,42233,23262,14718,0,1023,18,42308.90845,42233,23279,14730,0,991,18,42308.90845,42233,23302,14758,0,941,18,42308.90845,42233,23301,14758,0,941,18,42308.90845,42233,23309,14762,0,929,18,42308.90845,42233,23337,14811,0,843,18,42308.90845,42233,23339,14814,0,838,18,42308.90845,42233,23406,14817,0,833,18,42308.90845,42233,23406,14817,0,833,18,42308.90845,42233,23396,14817,0,833,18,42308.90845,42233,23384,14814,0,833,18,42308.90845
495,Timor Tengah Utara,27898,14976,11515,0,393,18,27978.00977,27898,14980,11516,0,392,43,949,18,27978.00977,27898,14981,11517,0,391,18,27978.00851,27898,14985,11538,0,366,18,27978.00851,27898,14992,11544,0,356,18,27978.00851,27898,14992,11544,0,356,18,27978.00851,27898,14998,11546,0,347,18,27978.00851,27898,15008,11578,0,306,18,27978.00851,27898,15008,11581,0,303,18,27978.00851,27898,15015,11583,0,301,18,27978.00851,27898,15021,11585,0,300,18,27978.00851,27898,15021,11585,0,300,18,27978.00851,27898,15021,11585,0,300,18,27978.00851
496,Toba Samosir,22616,7728,1686,320,340,2,22685.55859,22616,7824,1689,320,337,99,12345,2,22685.55859,22616,7967,1691,320,335,2,22685.55859,22616,7980,1711,320,286,2,22685.55859,22616,7994,1711,316,286,2,22685.55859,22616,7900,1706,311,286,2,22685.55859,22616,7813,1699,305,286,2,22685.55859,22616,7679,1678,234,286,2,22685.55859,22616,7679,1680,234,284,2,22685.55859,22616,7797,1704,234,263,2,22685.55859,22616,7803,1735,234,232,2,22685.55859,22616,7805,1741,234,222,2,22685.55859,22616,7816,1740,234,219,2,22685.55859
497,Tojo Una-Una,57368,10269,1841,214,28,317,57641.77612,57368,10363,1840,214,23,650,43577,318,57641.77612,57368,10198,1826,214,22,319,57641.78137,57368,10065,1799,214,19,322,57641.78137,57368,9710,1777,214,19,321,57641.78137,57368,9550,1655,211,19,297,57641.78137,57368,9364,1608,195,19,293,57641.78137,57368,8297,1044,51,19,120,57641.78137,57368,8299,1048,51,12,121,57641.78137,57368,7634,970,50,8,112,57641.78137,57368,7572,968,50,8,111,57641.78137,57368,7462,959,49,7,111,57641.78137,57368,7339,951,46,6,111,57641.78137
498,Toli-Toli,37817,2904,1614,0,150,0,37935.33984,37817,2899,1618,0,142,503,32655,0,37935.33984,37817,2860,1595,0,139,0,37935.33997,37817,2831,1602,0,130,0,37935.33997,37817,2727,1471,0,130,0,37935.33997,37817,2745,1419,0,130,0,37935.33997,37817,2714,1385,0,130,0,37935.33997,37817,2475,1000,0,130,0,37935.33997,37817,2475,1000,0,130,0,37935.33997,37817,2458,935,0,127,0,37935.33997,37817,2449,936,0,125,0,37935.33997,37817,2432,924,0,123,0,37935.33997,37817,2429,925,0,122,0,37935.33997
499,Tolikara,38418,3387,49,4,18,0,38489.60156,38418,3319,43,4,18,20,35012,0,38489.60156,38418,3003,43,4,18,0,38489.60156,38418,2996,43,4,15,0,38489.60156,38418,2897,43,4,15,0,38489.60156,38418,2823,42,4,15,0,38489.60156,38418,2823,42,4,15,0,38489.60156,38418,2825,42,4,15,0,38489.60156,38418,2825,42,4,15,0,38489.60156,38418,2721,42,4,15,0,38489.60156,38418,2791,40,4,15,0,38489.60156,38418,2786,40,4,15,0,38489.60156,38418,2642,40,4,15,0,38489.60156
500,Toraja Utara,13063,5385,1074,39,144,1,13103.87109,13063,5400,1076,39,142,0,6405,1,13103.87109,13063,5463,1074,39,142,1,13103.87109,13063,5439,1073,39,142,1,13103.87109,13063,5493,1070,39,142,1,13103.87109,13063,5496,1070,39,142,1,13103.87109,13063,5500,1070,39,142,1,13103.87109,13063,5581,1077,39,142,1,13103.87109,13063,5582,1081,39,135,1,13103.87109,13063,5488,1033,38,124,1,13103.87109,13063,5519,1041,38,113,2,13103.87109,13063,5547,1050,38,103,2,13103.87109,13063,5570,1053,38,99,2,13103.87109
501,Trenggalek,13288,4733,1152,56,77,2,13343.48047,13288,4847,1162,53,75,85,7064,2,13343.48047,13288,4888,1181,53,75,2,13343.48047,13288,4885,1181,53,75,2,13343.48047,13288,4858,1177,53,75,2,13343.48047,13288,4858,1177,53,75,2,13343.48047,13288,4919,1191,54,75,2,13343.48047,13288,5330,1242,69,75,2,13343.48047,13288,5330,1244,70,72,2,13343.48047,13288,5521,1252,70,68,0,13343.48047,13288,5533,1252,70,68,0,13343.48047,13288,5515,1250,70,67,0,13343.48047,13288,5538,1250,70,66,0,13343.48047
502,Tuban,20972,166,17135,2854,258,203,21024.24023,20972,166,17186,2863,197,152,205,203,21024.24023,20972,166,17193,2864,189,203,21024.24023,20972,166,17203,2865,176,204,21024.24023,20972,166,17204,2865,176,204,21024.24023,20972,166,17204,2865,176,204,21024.24023,20972,166,17206,2866,173,204,21024.24023,20972,166,17208,2868,169,204,21024.24023,20972,166,17217,2870,157,205,21024.24023,20972,167,17232,2870,138,206,21024.24023,20972,167,17241,2870,127,206,21024.24023,20972,167,17241,2870,126,206,21024.24023,20972,167,17241,2870,125,206,21024.24023
503,Tulang Bawang Barat,13807,5715,7985,0,5,64,13852.55957,13807,5715,7988,0,2,29,9,64,13852.55957,13807,5715,7990,0,0,64,13852.55957,13807,5715,7990,0,0,64,13852.55957,13807,5715,7990,0,0,64,13852.55957,13807,5715,7990,0,0,64,13852.55957,13807,5715,7990,0,0,64,13852.55957,13807,5715,7990,0,0,64,13852.55957,13807,5715,7990,0,0,64,13852.55957,13807,5715,7990,0,0,64,13852.55957,13807,5715,7990,0,0,64,13852.55957,13807,5715,7990,0,0,64,13852.55957,13807,5715,7990,0,0,64,13852.55957
504,Tulangbawang,32662,10203,16715,568,24,90,32739.12109,32662,10228,16724,541,16,1978,3085,90,32739.12109,32662,10235,16736,541,3,89,32739.11768,32662,10233,16720,515,3,89,32739.11768,32662,10235,16786,518,3,89,32739.11768,32662,10262,16806,519,3,89,32739.11768,32662,10275,16807,523,3,92,32739.11768,32662,10297,16812,526,3,92,32739.11768,32662,10297,16812,526,3,92,32739.11768,32662,10305,16803,528,3,87,32739.11768,32662,10305,16803,528,3,87,32739.11768,32662,10290,16794,528,3,86,32739.11768,32662,10274,16783,526,3,86,32739.11768
505,Tulungagung,12218,5715,3416,53,631,3,12283.58105,12218,5829,3446,60,556,69,2255,3,12283.58105,12218,5953,3459,62,549,3,12283.58105,12218,5954,3460,64,545,3,12283.58105,12218,5999,3461,64,545,3,12283.58105,12218,5999,3460,64,545,3,12283.58105,12218,6015,3460,64,545,3,12283.58105,12218,6085,3460,64,545,3,12283.58105,12218,6098,3468,69,518,3,12283.58105,12218,6129,3475,82,469,3,12283.58105,12218,6131,3486,88,449,4,12283.58105,12218,6121,3489,89,440,4,12283.58105,12218,6125,3498,93,422,5,12283.58105
506,Wajo,26424,5755,16070,14,220,40,26496.70898,26424,5755,16111,14,205,3724,573,42,26496.70898,26424,5780,16177,14,197,44,26496.70898,26424,5780,16179,14,193,46,26496.70898,26424,5780,16183,14,190,46,26496.70898,26424,5803,16185,14,190,46,26496.70898,26424,5815,16195,14,188,46,26496.70898,26424,5815,16211,14,188,46,26496.70898,26424,5815,16216,14,182,46,26496.70898,26424,5812,16202,14,175,47,26496.70898,26424,5813,16202,14,175,47,26496.70898,26424,5813,16202,14,175,47,26496.70898,26424,5813,16202,14,175,47,26496.70898
507,Wakatobi,4905,2442,1231,72,46,0,4973.010254,4905,2441,1235,72,40,355,762,0,4973.010254,4905,2392,1236,72,36,0,4973.009987,4905,2393,1236,72,35,0,4973.009987,4905,2401,1236,72,35,0,4973.009987,4905,2401,1236,72,35,0,4973.009987,4905,2401,1236,72,35,0,4973.009987,4905,2401,1238,72,33,0,4973.009987,4905,2402,1243,72,27,0,4973.009987,4905,2399,1226,68,15,0,4973.009987,4905,2401,1226,68,12,0,4973.009987,4905,2401,1226,68,12,0,4973.009987,4905,2401,1226,68,12,0,4973.009987
508,Waropen,113797,895,30,0,8,0,113946.5313,113797,828,31,0,7,217,112714,0,113946.5313,113797,828,31,0,7,0,113946.5275,113797,697,30,0,7,0,113946.5275,113797,623,24,0,7,0,113946.5275,113797,589,23,0,7,0,113946.5275,113797,587,23,0,7,0,113946.5275,113797,587,23,0,7,0,113946.5275,113797,587,23,0,7,0,113946.5275,113797,587,23,0,7,0,113946.5275,113797,587,23,0,7,0,113946.5275,113797,587,23,0,7,0,113946.5275,113797,587,23,0,7,0,113946.5275
509,Way Kanan,38566,5786,30519,0,6,16,38636.21094,38566,5885,30570,0,4,0,2091,16,38636.21094,38566,5906,30574,0,2,16,38636.20996,38566,5906,30574,0,2,16,38636.20996,38566,5907,30577,0,2,16,38636.20996,38566,5921,30581,0,2,16,38636.20996,38566,5921,30590,0,2,16,38636.20996,38566,5921,30590,0,2,16,38636.20996,38566,5921,30590,0,2,16,38636.20996,38566,6001,30730,0,2,16,38636.20996,38566,6009,30801,0,2,16,38636.20996,38566,6009,30810,0,2,16,38636.20996,38566,6011,30825,0,2,16,38636.20996
510,Wonogiri,20434,7358,5291,4154,120,71,20494.91992,20434,7369,5296,4156,115,816,2611,71,20494.91992,20434,7363,5289,4186,114,70,20494.91992,20434,7363,5290,4186,113,70,20494.91992,20434,7368,5290,4186,113,70,20494.91992,20434,7380,5291,4186,113,70,20494.91992,20434,7385,5291,4186,113,70,20494.91992,20434,7426,5303,4186,113,70,20494.91992,20434,7426,5304,4189,108,70,20494.91992,20434,7446,5311,4192,98,40,20494.91992,20434,7445,5310,4194,94,38,20494.91992,20434,7465,5311,4195,92,38,20494.91992,20434,7465,5313,4197,88,38,20494.91992
511,Wonosobo,10548,3482,762,98,137,0,10591.56934,10548,3458,764,98,132,160,5894,0,10591.56934,10548,3450,765,99,130,0,10591.56934,10548,3450,759,100,124,0,10591.56934,10548,3442,749,100,124,0,10591.56934,10548,3496,749,101,123,0,10591.56934,10548,3499,749,101,123,0,10591.56934,10548,3591,782,102,123,0,10591.56934,10548,3595,783,102,118,0,10591.56934,10548,3754,792,103,109,0,10591.56934,10548,3768,794,103,107,0,10591.56934,10548,3780,794,103,103,0,10591.56934,10548,3811,796,104,102,0,10591.56934
512,Yahukimo,154351,7193,758,314,130,35,154470.2466,154351,6977,733,309,130,326,143881,35,154470.2466,154351,6733,727,285,130,35,154470.2429,154351,6571,616,285,115,21,154470.2429,154351,5938,584,285,111,21,154470.2429,154351,5783,579,285,111,21,154470.2429,154351,5779,579,285,111,21,154470.2429,154351,5727,579,285,107,21,154470.2429,154351,5727,579,285,107,21,154470.2429,154351,5733,578,290,107,21,154470.2429,154351,5965,579,298,107,20,154470.2429,154351,5964,579,299,107,20,154470.2429,154351,5992,579,301,107,20,154470.2429
513,Yalimo,42242,1218,99,7,0,2,42313.45703,42242,1149,72,7,0,589,40387,2,42313.45703,42242,1042,71,7,0,2,42313.45825,42242,1010,66,7,0,2,42313.45825,42242,767,15,7,0,2,42313.45825,42242,689,15,7,0,2,42313.45825,42242,689,15,7,0,2,42313.45825,42242,690,15,7,0,2,42313.45825,42242,690,15,7,0,2,42313.45825,42242,677,15,7,0,2,42313.45825,42242,677,15,7,0,2,42313.45825,42242,677,15,7,0,2,42313.45825,42242,677,15,7,0,2,42313.45825
