asdf_id,shapeName,elevation,tmp2022,tmp2021,tmp2020,tmp2019,tmp2018,tmp2017,tmp2016,tmp2015,tmp2014,tmp2013,tmp2012,tmp2011,tmp2010,prec2022,prec2021,prec2020,prec2019,prec2018,prec2017,prec2016,prec2015,prec2014,prec2013,prec2012,prec2011,prec2010
1,Aceh Barat,272.8765652,25.88171875,25.79534785,26.04238097,26.1757896,25.83037878,25.83199905,26.24033252,25.96258182,25.85897688,25.92183383,25.81385113,25.65311834,26.04435882,302.7603082,255.9384365,267.2418606,232.5168483,255.1244309,195.3854104,210.8038673,167.4834178,200.2275674,229.1431727,177.6482498,196.2058566,229.1538872
2,Aceh Barat Daya,617.8759348,24.70492606,24.64333592,24.92111347,25.04419826,24.67992623,24.65492628,25.11507927,24.82571188,24.70492583,24.75396838,24.67667003,24.50396884,24.91507916,306.2555286,279.7648343,269.6447883,245.3573414,274.4892324,236.6874131,243.3715129,188.2043911,222.0798717,274.6350112,230.2473852,248.2045428,253.6216138
3,Aceh Besar,381.415921,26.46329862,26.39656988,26.61029315,26.70515257,26.38468546,26.41237924,26.75980674,26.51777528,26.44056566,26.47904579,26.39736532,26.2065586,26.62187493,269.323302,205.4436608,235.5063246,195.3044009,242.6813584,178.1778374,186.4903455,152.2118178,183.3939016,159.4466999,133.6870338,144.1520641,207.194102
4,Aceh Jaya,379.2619808,26.18342007,26.10584591,26.32446983,26.43836129,26.12015064,26.12992199,26.49402107,26.25749821,26.1670639,26.1961771,26.11737202,25.93712626,26.33938816,289.3284569,230.4350267,257.3732865,216.6982805,253.6986891,187.4902273,198.6386384,163.9117215,193.7316685,187.0845341,150.0428876,166.423718,220.5653219
5,Aceh Selatan,579.5137208,25.18987676,25.14475464,25.41780305,25.56385992,25.1756037,25.15331097,25.62387527,25.32303271,25.20503622,25.24479531,25.14709886,24.99111839,25.39306173,312.1221253,293.9337356,271.8182983,250.5552425,296.6571796,271.9740864,277.7782802,208.561075,246.4992587,293.6150215,277.7752305,299.3342174,279.4738631
6,Aceh Singkil,54.93280091,26.83673688,26.79232681,27.07840358,27.22080797,26.82228603,26.80741194,27.25625029,26.97270734,26.84422545,26.89348838,26.77270641,26.64053466,27.03188449,308.9716088,293.4159114,263.6508459,245.5696795,302.4353314,288.050125,300.1857226,220.4164735,258.0495299,298.3450947,309.4533499,328.5999829,291.0645194
7,Aceh Tamiang,208.2999732,26.94044586,26.89090419,27.18312046,27.31260795,26.91608756,26.92084973,27.39722168,27.07048342,26.94337764,26.98183972,26.91938327,26.73403659,27.17029955,269.4917335,268.4714409,242.542862,215.9613373,260.5628283,232.9179965,233.6201552,198.524017,219.3436042,258.7323661,230.2652144,253.243242,240.8626203
8,Aceh Tengah,1270.15619,24.12152269,24.06082705,24.35187208,24.46970086,24.09030432,24.07960619,24.53562241,24.23616015,24.12650009,24.17094239,24.08661453,23.90693109,24.33901966,246.7066304,220.1660668,215.6971243,192.887764,216.0258506,179.4542751,184.6179688,144.4021031,174.7633798,213.3916343,168.0142309,182.8643722,194.8278331
9,Aceh Tenggara,1154.091862,24.4798099,24.43713214,24.72542632,24.87012951,24.46747929,24.45962678,24.91983906,24.61964594,24.49825807,24.54421178,24.4465715,24.28602364,24.70764982,312.221271,298.402972,275.2701964,251.9236479,299.6401171,274.4844359,276.9971518,217.8922962,249.7325667,296.9203612,278.3411912,305.099443,282.1418519
10,Aceh Timur,342.2454467,27.02652694,26.97626302,27.28669475,27.40531634,27.0070785,26.9996116,27.48673472,27.1507756,27.0444668,27.08016613,27.0143626,26.80896293,27.26909056,232.4949236,224.067996,204.1626361,181.6319554,217.2436381,192.7348732,192.0940419,159.5742337,184.4664408,215.7427241,184.764862,196.8927316,202.6780274
11,Aceh Utara,170.3653259,27.13490048,27.07788849,27.38927548,27.50594571,27.09809937,27.10621979,27.56712355,27.24518271,27.1454569,27.18761221,27.12115001,26.90893152,27.37392779,208.9650645,189.7272646,181.2354386,160.2587359,184.8378144,159.7031493,162.4367441,134.7971369,155.9530595,175.634161,151.4831882,155.1536182,172.769647
12,Agam,603.1835017,26.27491785,26.24802018,26.55849863,26.68778905,26.27516535,26.24637005,26.64447228,26.43374644,26.26468675,26.31922472,26.21278891,26.1113864,26.48399386,268.6209605,237.6674132,221.3931529,173.1901027,226.063866,258.7711273,247.5291283,201.8964568,205.4239303,214.4561097,205.7006612,224.165269,264.7837487
13,Alor,467.769637,25.05388605,25.07098586,25.14436302,25.01189463,24.98700362,25.05734987,25.24782399,24.99609358,25.02791198,25.00063885,24.77704629,24.68289105,24.9252059,100.71461,76.80988594,82.78528976,68.62802402,89.81001663,126.9544259,114.341234,114.3529649,121.4248934,152.4978483,127.5707855,151.8013494,137.8987426
14,Asahan,155.8206184,27.03171341,26.99964528,27.31188188,27.43804172,27.03682916,26.9964279,27.5008578,27.18814735,27.03424412,27.086566,26.9797611,26.82026788,27.25602654,221.7413722,227.2750088,197.8888256,183.6219981,225.1661334,204.851651,209.2655586,189.5367325,189.1025172,212.6310657,211.7904907,231.6207348,210.8209091
15,Asmat,25.08130101,26.075584,26.19906722,26.32077372,26.30618381,26.24080789,26.13223921,26.13053446,26.24250116,26.2731622,26.17369241,26.18057002,26.11134907,26.40100278,338.4713989,351.2020362,330.1718983,344.2658551,324.8567532,332.6646604,335.7773192,326.6035115,337.1943676,337.0937166,345.3428334,337.295065,356.8113996
16,Badung,276.8749325,26.3575787,26.24091213,26.62919021,26.07113063,26.01591172,26.3273598,26.4375237,26.26746937,26.41591182,26.40602138,26.389081,26.15913594,26.42085729,232.3474558,274.3227488,164.7210329,113.9998867,152.1401058,229.6802802,272.7078154,134.9571249,123.7861888,207.2487418,155.543359,175.5986047,296.0354029
17,Balangan,229.7721789,26.04599568,26.10689248,26.27374347,26.19608916,26.09654586,26.18573961,26.40973225,26.21339562,26.1370211,26.20387096,26.1367457,26.01092245,26.08683784,262.0583436,240.0569058,276.3928118,180.7822369,249.2823601,246.3602505,232.6524964,187.0179161,198.4135806,236.1107588,219.4318406,242.898,265.8549942
18,Bandung,1216.942017,24.17782273,23.96797702,24.22157236,24.30245113,24.18388647,24.22971649,24.10746839,24.10510179,24.15945674,24.30301215,24.28634991,24.06342836,24.26958193,317.4964651,292.5112232,326.0033934,196.9293037,226.8455902,273.342105,301.5082094,195.0708378,229.703587,230.8153787,236.7152909,212.0158174,353.3235991
19,Bandung Barat,870.4064748,25.31477709,25.11287836,25.36680155,25.47311252,25.34596914,25.39168228,25.25668844,25.25871077,25.31287853,25.44811266,25.43990055,25.21680362,25.41882568,300.695494,277.5733577,304.4801138,181.5961403,212.6846416,257.1935588,283.9209444,180.0870866,212.0378784,216.4084994,217.0460896,196.9442068,332.7604117
20,Banggai,496.6237282,24.83663885,24.87965817,24.86598497,24.87200072,24.91656678,24.84414741,24.97895986,24.94397914,24.93409714,24.78103179,24.83083951,24.90689914,24.68040053,136.7029476,129.4271895,133.7400213,117.19246,129.7396712,126.0154102,116.565262,111.842518,114.3284736,117.9447735,121.4001821,114.0384021,138.8876066
21,Banggai Kepulauan,311.0368828,25.68077331,25.7343211,25.70420515,25.71344667,25.75816585,25.70552502,25.77879347,25.78489748,25.80115129,25.64001319,25.70536032,25.79438583,25.55948453,134.7664704,125.6731501,130.665411,115.4015851,127.2350292,122.5871639,113.0910382,109.3186834,111.1187792,114.0482088,117.6416579,110.1333594,136.2281793
22,Banggai Laut,112.5916069,25.19166676,25.23333359,25.20833365,25.21666702,25.28333346,25.23333375,25.25833368,25.32500013,25.35000022,25.19166708,25.23333391,25.33333349,25.12500032,162.4250031,154.7000039,158.4416688,142.6916688,155.3083356,151.8750019,142.4666684,136.7583361,139.391669,142.7166704,146.8416697,139.1333357,162.7000014
23,Bangka,27.2823963,27.33522607,27.39400308,27.63541558,27.77133601,27.49923839,27.49620757,27.70643876,27.5921081,27.41174147,27.49854343,27.40290294,27.33181549,27.53118503,255.4517217,236.915203,248.6793193,172.5169727,225.2688911,227.1136341,243.6720617,157.1075018,168.2965155,253.1607782,238.8818839,231.5490367,295.6581971
24,Bangka Barat,23.26724198,27.49529002,27.54503653,27.78600186,27.92003302,27.6399434,27.62703009,27.84420824,27.74159968,27.56640958,27.6283028,27.55266863,27.48072055,27.6841558,245.5531257,231.0922714,238.4507561,166.7671958,219.5876841,221.8544898,227.0962621,154.390809,164.6746106,245.8058446,234.7607146,226.3545375,282.2118464
25,Bangka Selatan,26.63184002,27.54657122,27.58366982,27.84847864,27.99059735,27.75891989,27.7416007,27.89496577,27.80967355,27.61047639,27.72975389,27.61886041,27.54024606,27.7376362,226.7420076,203.161334,222.7922448,147.4715037,187.8512686,199.8355189,225.3300086,134.6140341,139.1365626,215.1461223,192.034429,192.0096518,263.8278451
26,Bangka Tengah,34.36831338,27.36769182,27.41776198,27.67518381,27.80711717,27.56719822,27.56320903,27.72854607,27.62609321,27.43792952,27.56377055,27.44556241,27.36377076,27.55648772,240.7215901,214.1461648,234.1259968,160.7534186,203.1784447,211.0846675,237.7495079,145.0903781,149.6113224,232.2747109,213.2527782,209.3695432,281.4133143
27,Bangkalan,53.95443786,28.49998842,28.40026482,28.75818525,28.4252616,28.34642967,28.49073998,28.58901944,28.4716884,28.55223681,28.56361632,28.55383267,28.29774781,28.56520302,167.1329759,165.0060431,146.1299293,114.9447136,121.0646253,161.9994451,194.9572848,112.5440772,122.9669011,183.704263,120.2666124,134.9074388,211.0752885
28,Bangli,977.6849985,25.06650277,24.94983628,25.3336317,24.79798645,24.72483604,25.01835245,25.14196511,24.96742794,25.12483614,25.12391137,25.08455665,24.85909451,25.12529869,244.020933,287.3859235,182.424012,129.8334961,165.9429611,244.0434986,282.4984709,152.4763051,138.9070157,227.3590391,173.5735887,191.4635944,305.3553568
29,Banjar,146.7206771,26.61491771,26.65565286,26.85089211,26.71915018,26.61695524,26.74634373,26.95646696,26.7417909,26.68435049,26.78963484,26.71886247,26.54650712,26.66130116,246.3081449,224.2516651,244.5623292,172.0421838,254.1947462,231.1163047,236.9269037,177.5713827,194.6753494,216.5478506,204.9370456,229.4208757,264.6180513
30,Banjarnegara,656.0066205,25.24509463,25.07512472,25.36149653,25.2227405,25.17036043,25.23689353,25.21652539,25.14298063,25.21982965,25.30342891,25.32790014,25.04615332,25.29019858,395.815541,365.3716989,408.4265405,283.4335491,278.0881103,353.179482,419.0729755,258.2090246,316.1422569,334.2240396,319.8130836,295.8011535,470.3322391
31,Bantaeng,520.7209496,26.01090041,25.96669553,26.22538953,25.82865504,25.78735273,26.03300309,26.13553671,26.03010536,26.16379931,26.01235025,25.98263857,25.95003033,26.09712901,322.2569923,300.4422778,245.4164701,205.3838834,250.5693861,261.2389997,234.6141865,224.5306948,192.7531886,273.9412779,190.7828088,241.3819142,311.6414835
32,Bantul,89.70000886,26.77888594,26.58852076,26.91404055,26.68539805,26.66534975,26.75362654,26.76117936,26.6502438,26.74659348,26.82185375,26.82810546,26.56247971,26.82055264,232.4940349,210.2420965,234.0364638,172.4964297,161.8906773,206.6246571,248.6781964,152.3021305,186.6736385,200.9377446,188.1884589,181.4160535,270.7547251
33,Banyu Asin,9.564944188,27.91365566,27.93683769,28.19483139,28.33991739,28.04464526,28.03898571,28.21437182,28.13970732,27.9404249,28.02137731,27.95653499,27.90130228,28.11202863,231.2135874,211.645021,219.0417888,153.2479921,213.5749884,213.0369574,206.2280358,152.9862727,150.4540492,228.6623622,220.0490411,207.5495991,272.7735489
34,Banyumas,270.7768339,26.70349764,26.52629812,26.81758664,26.71857374,26.64137045,26.71207263,26.65962802,26.60668564,26.68057843,26.77617122,26.79737092,26.52494536,26.77028321,380.9936544,343.2953582,387.8605134,236.748843,254.6684748,328.8659912,393.9425409,225.4826547,282.0518535,291.9157464,284.5927913,262.2794097,448.0009229
35,Banyuwangi,332.6089823,25.72413749,25.58551814,25.98059132,25.50519286,25.43430362,25.67815477,25.76433081,25.61459029,25.7577258,25.77555877,25.74862977,25.49126358,25.78114993,226.6501393,257.8063616,177.524895,122.9911093,153.4730223,225.6459173,280.556253,142.055788,135.7711723,237.4430885,159.7528546,176.7518431,312.8383762
36,Barito Kuala,6.036670133,27.01622186,27.05914229,27.24306358,27.12588115,27.03067672,27.15589511,27.3726383,27.13583797,27.08923114,27.20759215,27.11459682,26.93583819,27.06282876,241.1786234,217.9996449,235.4256524,165.0851177,243.7229853,224.091509,233.1804322,170.1507541,187.8327099,208.739918,196.2005883,220.5851567,263.1381331
37,Barito Selatan,57.3258707,26.30046412,26.40429107,26.59439259,26.5438344,26.4066133,26.47609623,26.74643249,26.5171403,26.38511657,26.47997993,26.41118322,26.23521121,26.35300508,241.3983321,222.8659984,249.583597,166.5043856,228.3204483,227.7711917,218.8077059,171.0346037,186.7707361,215.7205105,201.4477513,224.6932976,248.2904809
38,Barito Timur,59.18187706,26.29648365,26.38416843,26.57595708,26.50325174,26.38652423,26.44618368,26.70941003,26.49425267,26.37395955,26.45554322,26.38259625,26.2322948,26.3307836,242.3612452,224.0615123,252.9297679,166.697562,230.4923461,228.3497937,218.9303871,171.7073183,185.754417,218.9055774,202.8571455,226.3419051,247.5376875
39,Barito Utara,112.2241172,26.30480528,26.43532571,26.63541265,26.63013285,26.48110658,26.52091084,26.82801192,26.59039244,26.4117758,26.52552068,26.44963319,26.26097418,26.36889646,290.4169571,267.9662742,308.6570194,203.9858455,260.4869766,273.4189008,248.5238824,202.572437,225.4651608,258.3003883,245.4088198,267.52472,286.0923281
40,Barru,311.906367,26.03392288,26.01858753,26.23392305,25.89491867,25.8699189,26.08658528,26.15759147,26.0852542,26.19575724,26.06375508,26.02909041,26.01158556,26.12692071,335.5192548,301.5656472,245.4321947,212.1282427,251.7074544,263.9309495,230.6758051,224.0869254,189.2353414,269.2744744,185.5806802,234.4838689,313.2065073
41,Batang,473.6590574,26.1425778,25.98841778,26.27781442,26.14581309,26.09334968,26.15546804,26.14486483,26.06285403,26.13425324,26.22137672,26.23822835,25.96190669,26.2001619,329.9596292,310.7910021,342.4170393,247.0732572,234.9832161,299.9833553,353.143291,223.2652685,270.3530224,291.522813,270.8248827,246.1243682,396.2296011
42,Batang Hari,60.266326,28.43372673,28.43974679,28.71977568,28.82770692,28.47520953,28.46239712,28.74591563,28.63258823,28.4149677,28.47307959,28.43368866,28.35997246,28.64429941,268.7344594,254.4959465,247.1428213,170.7759036,240.0552655,260.9477464,226.0733266,192.0096323,197.6499881,254.978416,241.2776982,232.2577155,295.4692543
43,Batu Bara,10.29567573,27.44606967,27.42594379,27.72940265,27.85786193,27.44952885,27.42106969,27.93427718,27.61761053,27.4724847,27.50581803,27.40440273,27.24261027,27.69261024,209.9169842,217.1827095,189.1591224,175.9206011,214.7894703,193.7342789,199.3643111,182.8935568,181.2163568,206.1619533,204.4790928,222.6350688,197.1559801
44,Bekasi,17.60759662,27.96726208,27.77023816,28.02559563,28.18913724,28.05208352,28.08541699,27.95208376,27.94523834,27.97410764,28.12857173,28.11577435,27.90133965,28.08541696,198.2269382,201.5328918,218.9675624,138.591817,153.2007478,182.7979215,189.782742,140.0549125,155.3260447,160.8107184,151.7605666,134.1043183,219.9532751
45,Belitung,29.85259236,27.88970175,27.9588214,28.22009471,28.29852263,28.10391613,28.08185614,28.26470195,28.15342832,27.98430871,28.08479667,27.99215454,27.84509476,28.039702,273.8895339,258.3605122,270.1681245,186.8056763,224.5067015,236.0503912,272.7345385,173.4694615,178.0175429,244.5887793,221.946801,222.2197914,277.2210782
46,Belitung Timur,25.45967157,27.8664807,27.93070003,28.19119021,28.26158527,28.06991745,28.04707444,28.24055027,28.1232986,27.95354344,28.05662891,27.9707941,27.79620144,27.98757527,283.5432713,270.2528439,278.859747,202.570169,238.2054139,245.9775191,280.6948339,192.0430901,196.715584,253.3611334,235.9130975,233.8166152,278.9815492
47,Belu,484.8476738,24.77829084,24.79920141,24.89632289,24.73692625,24.64632278,24.71995744,25.11843914,24.6423793,24.63844271,24.73904755,24.37010823,24.15904916,24.58086499,77.92732854,44.89895406,54.8770652,46.41726522,69.39400816,118.0518097,96.99429365,103.5672778,114.0531714,144.7532198,115.2956116,145.2495116,121.7911094
48,Bener Meriah,991.8594574,25.3506558,25.29681695,25.60131122,25.72312785,25.32565577,25.31797792,25.77696661,25.47181698,25.35964457,25.40964454,25.33080552,25.13398927,25.58464449,221.9525324,200.4637689,193.2662939,172.569666,195.428842,164.6287475,168.4818371,134.3884857,160.5224745,192.9155453,155.0460711,164.7245341,177.7964468
49,Bengkalis,24.20738074,28.07601068,28.0594156,28.36414913,28.5205184,28.10356725,28.05259697,28.52463629,28.25441929,28.11514232,28.14359967,28.01528598,27.90648085,28.27934855,242.8302041,246.4438034,207.8601562,169.597144,218.6331523,224.8842308,210.3403974,190.0174735,186.8093996,213.4005852,205.3538977,216.7684331,234.9490127
50,Bengkayang,146.6715192,26.86024305,27.0233037,27.2506852,27.35585472,27.09275947,27.08095665,27.45163676,27.21765745,26.93105886,27.10908584,26.94711304,26.78017551,27.01054981,279.6154877,302.068651,284.1377772,257.5165725,294.1029849,319.038807,387.5890259,289.5774878,255.3613914,288.7022116,312.8192599,296.4752908,302.0852983
51,Bengkulu Selatan,325.1937293,24.81532938,24.78538826,25.04259021,25.21349289,24.93806871,24.96561075,25.04414567,24.99414348,24.74089641,24.91292822,24.85134766,24.86688291,25.06123446,265.4547401,237.5353927,253.8906404,189.2597948,247.0979611,237.1722878,222.4424872,208.9875656,202.6967553,255.3850528,258.9291521,224.9796945,313.1958581
52,Bengkulu Tengah,218.1787103,26.98281844,26.96431848,27.22698529,27.30315152,27.0424847,27.06081798,27.20598537,27.14948524,26.94715169,27.04448461,27.00148508,26.99481839,27.20731833,246.0781871,228.2102122,235.6491635,187.4542824,236.490816,227.9273636,208.4785113,201.5387962,201.3146365,236.3089707,246.5729684,217.562147,274.7588209
53,Bengkulu Utara,290.6019689,26.90967851,26.88930286,27.1632229,27.21707558,26.93925502,26.94052354,27.13225131,27.06429681,26.85517568,26.94268255,26.91591364,26.90277618,27.11043076,252.6056197,239.0041774,238.8941214,193.5688221,237.429142,235.9183718,219.5371082,207.3258675,210.7828572,235.7198226,243.3186189,221.5955077,270.5283632
54,Berau,245.710326,26.9325891,27.12143632,27.23292006,27.31439019,27.18743287,27.12660942,27.5159552,27.22447912,26.95308835,27.07942621,27.03338759,26.86565904,26.87609784,233.2965482,211.6794336,226.2753079,191.4530824,211.4021911,219.0139851,184.0126014,165.5471513,191.1156047,223.4785861,229.5143736,236.7762734,205.063778
55,Biak Numfor,119.4423973,26.58152613,26.72556382,26.89697205,26.92736058,26.9521463,26.83856979,26.8699631,26.97226146,26.96579542,26.86241886,26.83806546,26.74273463,27.10875479,238.1352249,229.4370171,213.714298,195.0397604,183.0042046,270.2573344,242.7994843,195.2810783,222.1807109,227.4922899,236.9514801,257.7313735,224.9770614
56,Bima,398.0659144,25.37076773,25.30664063,25.64041757,25.11846472,25.03446563,25.35815132,25.54242318,25.31993392,25.45573929,25.38275956,25.3348009,25.18971311,25.45311536,171.9369431,205.7193292,160.2765482,117.2265955,147.3187591,194.9663824,178.1533085,128.910615,98.23858214,177.0643081,149.2520212,184.9279137,183.8131069
57,Bintan,20.01938573,27.5144207,27.59631976,27.84829067,28.02696551,27.66334585,27.61836357,27.99488502,27.81137374,27.59855934,27.66764597,27.53924159,27.43547924,27.71486978,260.6828039,287.7603196,238.0868431,160.3045816,222.6768449,233.850903,230.7146346,167.9761502,195.448524,260.4508675,240.348225,257.9489464,252.2565261
58,Bireuen,345.0607927,26.87588597,26.81551621,27.0903227,27.19759095,26.82046245,26.84952669,27.26881169,26.96706917,26.87472217,26.92220304,26.83189287,26.64584835,27.07985787,231.2097014,196.4235088,200.0038624,172.0390058,198.4739358,159.4791961,167.3614482,134.5531138,162.64045,171.0204636,145.1830812,151.1550767,180.7585397
59,Blitar,325.8001603,27.34253461,27.17204118,27.56821463,27.21028137,27.15596284,27.30057396,27.35508066,27.23851189,27.32233543,27.38194472,27.36596436,27.11567033,27.38694176,234.6554993,236.6927774,200.9529903,154.3703005,165.5672225,223.2670753,263.0368765,155.3527318,176.0538109,226.7304997,164.371586,183.7880496,283.4855759
60,Blora,114.5523599,27.44510292,27.30870491,27.61856467,27.35794109,27.32518277,27.45190799,27.49970393,27.35085412,27.44788409,27.50631011,27.51598071,27.25267231,27.48771908,189.1134855,171.9702805,182.5476693,145.6154867,132.4022382,173.5553832,220.2231793,125.96285,151.879497,178.8734917,144.5582649,151.5540751,235.1845733
61,Boalemo,295.2232606,24.23342965,24.31816734,24.30515228,24.36067633,24.36357908,24.17912248,24.55196858,24.31882264,24.15290546,24.09092034,24.17631359,24.12050847,23.93193152,196.1197428,209.5039194,188.7313766,154.7718667,182.25827,205.0010165,184.6081863,144.4656475,172.9563191,193.980321,205.3794051,188.0754133,191.0768017
62,Bogor,425.0659427,26.48750974,26.27786099,26.51838951,26.70526791,26.5558918,26.58808747,26.44036608,26.45015138,26.46390499,26.64477929,26.59256756,26.4178798,26.60588556,335.0643921,321.2714719,336.204365,190.4100728,236.2741199,288.133601,319.9901683,191.5240638,233.1275573,246.0987587,224.2265823,210.4966875,385.0678339
63,Bojonegoro,88.03289252,27.79864892,27.64888794,27.97785556,27.68349115,27.64801462,27.7768248,27.84928458,27.69960225,27.79484004,27.8409511,27.84801458,27.59222121,27.83960116,176.416456,161.4052267,168.287953,134.1636229,125.7200117,165.8562824,204.189729,120.6848283,144.7124821,171.8645562,133.7123853,144.7276775,215.7595174
64,Bolaang Mongondow,543.0426954,23.95946248,24.02773641,23.96845062,23.96333171,24.02976014,23.80440325,24.18791487,23.93386715,23.81499826,23.72702235,23.8323198,23.79648656,23.55059381,202.4040097,234.7163684,190.0573114,124.8101752,183.9080294,228.3985284,183.7577545,113.5363842,166.3169872,198.5571001,227.9470412,202.7942818,197.8193754
65,Bolaang Mongondow Selatan,597.0655745,24.25524728,24.32835722,24.27303083,24.26830588,24.32792755,24.11607215,24.47363188,24.22870058,24.12234347,24.05791108,24.14399326,24.11684567,23.88239587,179.9256366,207.626291,169.7846269,113.0322675,164.2903122,202.502866,165.3618226,103.8519903,148.8707795,176.2323413,202.1548436,180.0782891,176.1999707
66,Bolaang Mongondow Timur,569.0494829,24.46733499,24.53300185,24.46183509,24.43566817,24.51516853,24.30316836,24.65883492,24.41416841,24.30716831,24.23016843,24.34283525,24.29083513,24.0470018,217.0836117,254.3547682,204.0641156,132.2898044,198.0316197,246.979603,196.9209538,121.7881408,179.3332906,213.6662778,247.0609343,220.5687772,212.5001154
67,Bolaang Mongondow Utara,403.7553903,24.10104201,24.16406295,24.12343781,24.13645863,24.1854169,23.95312535,24.35781287,24.0947921,23.96979194,23.87812542,23.99583381,23.94947959,23.71145875,198.2411487,225.2614613,185.8552123,127.9854195,179.7869824,220.0640669,179.8442743,115.0947943,163.6015655,194.0473983,218.2213602,195.0223992,193.6078173
68,Bombana,184.5335467,26.04466737,26.04276146,26.18611417,25.98078336,25.98039914,26.1300166,26.14205415,26.18345154,26.27844036,26.05736083,26.02037948,26.13547011,26.16438607,283.5845918,273.6568308,233.3311844,166.5278668,223.3082294,208.9569746,199.6680158,176.8775205,163.9348469,203.2033103,168.1132634,180.147017,307.5853288
69,Bondowoso,760.7463639,25.58806429,25.45188234,25.84903173,25.40133994,25.31745613,25.55287135,25.63236526,25.50770321,25.62260273,25.64190353,25.61690355,25.37293894,25.64541101,220.7004333,247.1582012,181.1206998,137.0999355,159.4446338,224.9813455,258.5343648,145.7018112,144.4811949,238.3208471,167.2939117,181.3574748,278.5098555
70,Bone,237.7615666,26.28673349,26.2578394,26.48129841,26.14158953,26.1202432,26.33304633,26.40368732,26.34071977,26.45921032,26.30033324,26.26903384,26.25660194,26.37844271,323.6174139,301.6935361,245.8334323,199.3610969,246.3593086,258.9356069,222.2084797,206.4129421,184.2178226,251.7576783,176.1172257,215.4782795,324.8515353
71,Bone Bolango,537.5899576,24.28794892,24.35471623,24.31395277,24.33594077,24.37559952,24.16023831,24.54437392,24.2934711,24.16666362,24.08905412,24.20160387,24.15953575,23.92198585,176.0046222,198.0109047,165.8173712,117.2956683,160.4179956,193.9156551,161.8777031,106.1384373,146.5534101,172.243497,192.1466113,172.1245166,172.2754442
72,Botang,,,,,,,,,,,,,,,,,,,,,,,,,,,
73,Boven Digoel,71.59140204,25.97635864,26.062165,26.14684248,26.14215679,26.09590292,26.02563335,26.01409823,26.09813431,26.11669691,26.04386802,26.06114181,26.01161797,26.22009646,407.882475,393.5001723,368.1486173,387.2991326,355.8193328,365.0557924,384.4380629,355.6435379,394.8028988,389.6609269,403.9008299,386.3584187,449.3363182
74,Boyolali,428.6128729,26.81528919,26.66304913,26.98487565,26.75485175,26.71714879,26.82905445,26.85326597,26.71636035,26.82416339,26.8957208,26.89572238,26.61833593,26.87548035,225.0831966,201.9465194,221.273328,173.2637604,157.4980186,200.9185217,248.3990902,148.6399877,177.9740858,200.0156249,176.8338087,178.6829619,270.901111
75,Brebes,211.1893749,26.76751925,26.59748124,26.87148454,26.82228964,26.73012488,26.80681077,26.74669584,26.69292201,26.75968416,26.86414774,26.87248082,26.61186823,26.83805582,314.0101194,294.5968241,330.7441931,210.8161102,224.1129189,277.1652822,316.3921456,203.2075893,243.3518221,246.3229708,247.0123637,219.8590826,364.1923661
76,Buleleng,437.489282,25.41846027,25.29208887,25.68059089,25.16339702,25.09229985,25.37689925,25.47921969,25.31782743,25.46708892,25.47616066,25.43185677,25.20042239,25.47225785,224.7252167,262.1562276,170.4250023,119.8853391,151.0222611,223.0496888,264.0951517,139.0199398,129.4972587,213.7394536,158.5357608,175.18091,292.0211019
77,Bulukumba,217.1854895,26.37843509,26.33385086,26.58675954,26.20581428,26.16441234,26.40872293,26.50329829,26.41388341,26.54179172,26.36811469,26.34006938,26.31996489,26.46943575,314.5488995,297.5746665,242.1138386,191.6532068,242.9546777,257.1875109,221.242923,203.6645084,185.0494038,253.2403358,176.6872355,216.250192,322.4623943
78,Bulungan,234.7625721,27.00346042,27.1923141,27.30969484,27.39023325,27.2562952,27.17701268,27.61078503,27.29511852,26.99329989,27.14265133,27.07688488,26.90794256,26.91877674,298.8352349,263.4930426,268.0869129,231.0165076,271.5028116,287.1116564,221.0696752,198.2546835,236.3978603,275.8061621,285.5857699,310.4671789,258.661215
79,Bungo,276.4969743,27.78265494,27.78793082,28.08479107,28.17809167,27.81401984,27.79940482,28.11037777,27.9641459,27.77963952,27.8299745,27.75966391,27.71209229,28.00932997,278.2480033,262.7557331,240.351441,173.6884073,239.0584171,263.7292642,231.0633254,200.4436875,215.7770046,247.1293711,235.1391098,229.594803,288.9062821
80,Buol,473.8163524,24.4882244,24.60350171,24.63744625,24.67711286,24.64139108,24.51505804,24.87911165,24.61705768,24.44355824,24.4458922,24.49344757,24.42128098,24.28044732,166.1273148,168.10106,164.9479688,159.3065105,163.6162283,167.2610484,164.4074571,157.4513765,162.1238207,165.7780343,167.4272201,164.2358464,165.1495205
81,Buru,539.3197458,24.90518691,24.94456797,24.97001606,24.97266113,24.99564523,24.98941801,24.95330382,25.02158683,25.05953571,24.97369127,24.95774242,25.03485092,24.95926507,207.8558754,219.9007111,211.9994048,217.1788597,205.7798538,217.8173868,211.9702809,208.7918454,213.7382389,211.9702814,214.2928052,214.8518536,211.9333654
82,Buru Selatan,579.0886912,24.60292927,24.63640223,24.64613358,24.6486496,24.67257908,24.6789116,24.64627047,24.71331652,24.75186552,24.66866728,24.64078288,24.71257678,24.644041,214.4471499,226.1556179,218.5018,223.4471377,212.4273415,224.0441068,218.3003748,215.2223398,220.0222806,218.2942311,220.5721317,221.1028072,218.4584102
83,Buton,228.7015332,25.62078897,25.64177385,25.74197239,25.60532824,25.60412481,25.74107161,25.70653207,25.81155506,25.88916541,25.65030806,25.62581185,25.78605358,25.74508708,239.8087426,231.9719815,206.9449167,149.9182715,202.5087682,163.2472656,183.6967709,164.8810649,150.6023953,173.6408023,168.1302806,161.2107109,268.5615708
84,Buton Selatan,206.5965452,25.55076459,25.56111979,25.69040963,25.51945297,25.50379713,25.65379706,25.63510877,25.70581894,25.78081873,25.56844219,25.52147469,25.67248577,25.66844213,232.6133928,224.8733766,201.7635623,146.3835823,198.5439635,159.0151896,181.568,162.1663979,147.1789728,173.583657,164.9283552,160.5779889,259.7535771
85,Buton Tengah,79.87034154,25.98188428,25.98079741,26.11340609,25.9309785,25.93405825,26.07481911,26.06376842,26.13931195,26.22083355,25.98623228,25.95960184,26.09456557,26.10090636,247.3831544,238.0087017,209.6954768,151.9402182,204.8014515,174.9856916,184.2090601,166.4588801,151.0094223,182.1505476,163.8264503,165.4362349,271.2183
86,Buton Utara,187.4021736,26.13291329,26.16075296,26.24114936,26.14304922,26.1488267,26.26653171,26.22022106,26.33840713,26.42335083,26.17922223,26.16634499,26.34314745,26.26596398,249.4492889,244.4496594,214.6322158,153.7942241,206.0277117,171.5580172,185.0643718,166.098932,154.9900203,171.3708909,170.7836891,161.6372321,282.3443804
87,Ciamis,371.4088951,25.64245631,25.44379501,25.72445022,25.70223441,25.60912634,25.67404222,25.58566719,25.55933146,25.62959791,25.74986476,25.73906182,25.49194269,25.71375083,330.4429416,300.525167,339.2000506,198.2709713,226.2435308,281.7797449,328.2341465,194.9024365,241.259588,242.7728683,242.1599858,218.8837939,380.4922219
88,Cianjur,593.8446319,25.29815313,25.08092517,25.34323917,25.45700772,25.32993752,25.37952307,25.22181627,25.23087137,25.27973477,25.43081693,25.41130604,25.1994528,25.40234986,338.7063023,306.6042244,335.1049535,190.450637,231.6110571,284.5524522,320.8027007,189.6237825,230.7041093,235.8740527,233.8225761,214.7166725,376.5898386
89,Cilacap,122.4731388,26.8140513,26.62560813,26.92450321,26.84790941,26.75682283,26.84622465,26.76727481,26.72341658,26.80287289,26.90916071,26.91347112,26.65301931,26.8913164,347.6182302,306.531782,346.7401821,196.7529537,226.3584264,291.6055964,356.2163705,189.9300154,246.1286943,253.395382,243.3864388,226.7309065,410.1778401
90,Cirebon,42.94205675,27.0142766,26.84746884,27.10325906,27.11201712,27.01724348,27.082921,27.01003977,26.9638534,27.0195026,27.12854214,27.13376817,26.88659328,27.10636699,235.3781281,237.7163675,264.7324783,186.7842997,188.6529217,218.3735564,226.7280735,179.8640966,200.075132,198.3944271,208.8874135,176.9714374,262.0370276
91,Dairi,968.4865624,25.12213728,25.07905251,25.38029256,25.51522216,25.10192419,25.09093109,25.54678237,25.26433597,25.14235072,25.17266842,25.06841342,24.92054175,25.33951294,300.3283813,293.6599366,265.9816703,245.6445861,299.162204,276.8537552,285.295727,230.9015904,253.1214498,295.9767561,297.981086,322.7010153,285.9908687
92,Deiyai,1342.795904,22.24556634,22.39759921,22.53713196,22.50379846,22.42666476,22.31213196,22.32585058,22.42077038,22.45654277,22.35379857,22.3373357,22.25644126,22.60989692,281.6323085,279.3206358,267.0178566,267.8175202,254.1264242,281.2261303,272.8665828,261.3597218,264.406426,274.5420134,287.8810326,299.3046929,299.1801211
93,Deli Serdang,212.6071699,27.02704674,26.98912596,27.30607295,27.42683484,27.01440644,27.00204666,27.49265369,27.18086111,27.04752783,27.08940632,26.98516807,26.82273967,27.25176643,233.1670512,240.2133517,212.2735112,195.5346893,237.7481361,216.5814858,220.686202,196.9321631,202.9740528,238.0989504,232.1067268,253.3264906,217.7605373
94,Demak,9.992969572,26.98786364,26.84053503,27.15232468,26.95060066,26.90610406,27.01899778,27.0325156,26.91726982,26.9939912,27.07386859,27.0809452,26.80327445,27.03801588,239.508409,225.3105597,240.7231673,199.9815001,175.1925387,223.3852035,270.6967607,169.0013907,198.8115044,227.1129202,198.0659707,191.4863923,294.3623129
95,Dharmasraya,206.6154542,27.68498244,27.68224407,27.98766098,28.09444767,27.70849436,27.69033951,28.03040036,27.86670866,27.68093544,27.72795846,27.64658908,27.59480294,27.91408924,283.1994756,270.0211374,236.5362824,170.9235927,238.849956,266.4077044,236.4632573,201.9129246,217.4885795,247.5074959,228.2128647,230.403387,286.8051491
96,Dogiyai,1521.582024,22.53396894,22.673738,22.82391041,22.7771506,22.71074218,22.59157044,22.61596125,22.70249605,22.73479335,22.6388055,22.60850203,22.5091966,22.88457957,278.9478139,277.2313983,263.4365602,261.1691247,247.284051,290.827102,274.8534972,249.4878777,253.6614323,269.9212778,293.7446995,310.652873,318.4494133
97,Dompu,341.1519581,25.49959171,25.42609131,25.78088003,25.23210437,25.15806611,25.48347167,25.64869345,25.44084381,25.59673087,25.5185823,25.49379891,25.32801471,25.57958455,167.7652555,202.1695032,152.9382947,111.9104839,138.8152563,189.7555294,177.3033851,124.320629,93.74200546,168.2654335,144.9748656,172.9323644,177.5841605
98,Donggala,447.4616229,25.52303576,25.60072655,25.64757177,25.6616832,25.61961738,25.62459627,25.76603437,25.70374627,25.62977126,25.5861826,25.57160694,25.56177871,25.51735497,138.9239901,133.3750756,144.3468518,126.2737753,129.6404568,135.4083948,124.1316189,123.0876444,127.5685671,131.0690152,131.3697968,131.7711218,132.6624606
99,Empat Lawang,572.4280529,25.74575287,25.72587652,25.99674838,26.11463562,25.84017023,25.8530902,25.99116645,25.94529454,25.69843039,25.82380994,25.77702156,25.77075152,25.99078256,248.1752246,223.5392113,235.6561805,178.2900756,235.9673041,226.2987782,206.9465069,191.699483,186.6010054,242.8315331,250.2533907,217.4734222,290.3480665
100,Ende,486.5033883,24.80440117,24.79728488,24.96760323,24.68623641,24.58848339,24.81441977,25.00814645,24.84625507,24.89044987,24.73305285,24.62462584,24.65374578,24.87219136,216.3591816,207.0153578,152.5200388,107.3234113,178.5864251,237.3519692,168.8640492,166.4519689,132.058992,261.6195757,195.4863351,236.4100232,231.6597387
101,Enrekang,831.3179575,24.68090668,24.69919807,24.85976395,24.64473247,24.62481468,24.77115054,24.83110895,24.80916024,24.88619217,24.74879176,24.70773698,24.73741415,24.80468562,374.2021533,328.497667,286.4217573,246.365071,285.5577344,305.2004886,255.3486356,245.6952068,219.8930359,289.295092,207.4004912,253.6288465,348.209379
102,Fakfak,191.4829558,26.35860292,26.49637716,26.6272044,26.58776925,26.51338008,26.41347455,26.44447744,26.51523769,26.53888441,26.45534042,26.42316513,26.32590216,26.68825752,247.8647013,239.5804921,256.7456873,240.0596237,244.9045263,284.9472397,265.0147397,219.1136025,223.5295683,243.4521243,277.4336114,300.6456131,288.132513
103,Flores Timur,296.981438,26.09885862,26.09934872,26.20274749,26.02661003,26.0047728,26.11820241,26.24723997,26.1432024,26.19150539,26.06148768,25.93486922,25.94927425,26.1016146,144.1583486,124.3760055,109.9220262,83.59447526,114.9407907,155.0430265,136.8527537,129.4683502,123.4507637,183.8857549,146.8581994,171.639043,168.8818122
104,Garut,825.0408264,24.4698409,24.26125997,24.51753949,24.56487331,24.45902496,24.51039031,24.39229713,24.38209991,24.44061924,24.59098646,24.56853785,24.34826205,24.55734194,330.0645585,298.7526874,333.5725617,191.4422692,225.2521641,279.009352,319.9692054,190.0549808,232.8995915,233.5858417,235.9317091,213.2252017,373.7281869
105,Gayo Lues,1475.784448,23.53002769,23.47726422,23.76818198,23.89860237,23.50390811,23.494603,23.96530417,23.65910311,23.54366911,23.58656997,23.50181365,23.32853456,23.75820503,281.2070413,264.7163705,248.471622,225.0290896,260.1957545,228.1089789,230.0146551,182.637173,213.9483192,260.6329972,221.2587727,243.022297,239.4733083
106,Gianyar,344.1894475,26.13255123,26.01588468,26.40338145,25.84922856,25.7908843,26.09920698,26.21171493,26.04087926,26.19088439,26.18255662,26.16170954,25.93254583,26.19504852,234.382079,276.5995887,167.8065653,116.7595982,154.5458679,232.1837106,274.414273,138.0106221,126.4216662,210.7538566,158.6859294,178.3637856,297.6598199
107,Gorontalo,288.1518181,25.00047666,25.09119107,25.06349266,25.1151589,25.12634959,24.919207,25.31555602,25.06460379,24.90904823,24.83968321,24.93404826,24.89293711,24.67754042,207.8769119,226.6315111,197.3467725,152.9324336,190.6297948,221.9786498,191.4952125,139.7165152,178.2899631,204.7937393,220.4558924,200.0780451,202.2900269
108,Gorontalo Utara,388.9030325,24.74027804,24.82768563,24.80277824,24.85101868,24.86444476,24.65750034,25.0547227,24.80213008,24.64638921,24.57768565,24.67370415,24.62592616,24.41314851,205.021855,223.4302812,194.7334289,151.1078745,188.1452807,218.8954671,188.9861156,138.1193542,175.9837998,201.9892625,217.4040799,197.4218554,199.4915786
109,Gowa,568.6176579,25.26128911,25.21629,25.47841947,25.0768458,25.03869838,25.28434643,25.38879005,25.27471663,25.40851261,25.27758658,25.25092054,25.20147538,25.34378949,368.1364274,336.4761087,275.2392282,244.8411432,286.4418823,292.7698041,270.5662978,269.8132684,220.9247984,321.8457164,224.0279056,289.6647156,334.223391
110,Gresik,33.95422053,28.36704357,28.26990554,28.6067006,28.30423962,28.23466683,28.37593154,28.47041695,28.33997735,28.41063164,28.44017556,28.4302301,28.17691817,28.42347705,177.0050849,172.4691319,165.2590136,131.8565546,133.9370819,172.85974,209.6907958,123.9457391,141.3626812,191.043524,132.1167236,145.2216844,224.6830243
111,Grobogan,73.56871696,27.1446906,27.00497317,27.32376464,27.08263443,27.04469183,27.16454987,27.19894519,27.05692642,27.15851887,27.22554034,27.23156847,26.95373404,27.20337413,212.0365569,191.6982206,206.3340509,164.8798926,148.7604345,191.9302574,240.0518478,140.8272,168.0377747,193.2958904,165.0385095,169.0132549,259.3919666
112,Gunung Kidul,234.0496215,26.987152,26.80324319,27.12893324,26.87500782,26.84179659,26.95880583,26.97812758,26.84525626,26.95821804,27.0395838,27.03310358,26.77083627,27.02280385,224.9241471,202.3764479,224.2028326,171.5337913,158.1466435,201.3855148,241.163864,153.8458175,183.8328828,201.917311,181.8747376,179.1058618,260.9408984
113,Gunung Mas,179.8905067,26.07261334,26.21041269,26.4324227,26.43475604,26.2679558,26.3063679,26.61402061,26.37411244,26.18035502,26.31408549,26.21632775,25.99387685,26.13816012,273.2172307,256.2741245,269.2780441,221.6063313,258.9753162,264.7751707,267.0977494,224.3747845,235.499619,244.0776618,240.6168013,255.0119636,287.5865337
114,Halmahera Barat,272.4938143,25.44212018,25.46512968,25.46461295,25.47316728,25.52685201,25.42405159,25.58894531,25.49344464,25.4320169,25.42405195,25.44868201,25.3983158,25.35156046,198.823632,210.187508,192.7482086,162.4589508,187.8196238,206.3155661,191.9648216,158.6852448,180.9802719,194.88423,205.980654,193.4064221,196.9528575
115,Halmahera Selatan,253.7820699,25.67687088,25.72501307,25.75179271,25.75584003,25.76176056,25.69626199,25.73769318,25.73438445,25.72857248,25.69501874,25.70259121,25.70084537,25.71388955,184.900966,192.9724062,184.1990618,177.3380698,179.3763965,190.2639993,183.8265684,173.1488791,181.7986652,185.4759774,193.283208,188.4736681,183.8473934
116,Halmahera Tengah,211.5003137,25.82094912,25.8621258,25.8855853,25.89812045,25.91471704,25.85575316,25.93334394,25.9033025,25.86429706,25.84426865,25.86051517,25.83432472,25.85078186,184.0771844,187.1812122,180.8812497,170.9697126,178.1052052,184.8999103,180.8213814,170.0838169,177.636691,182.7308309,191.3609247,185.2372792,180.2294635
117,Halmahera Timur,332.5674288,25.30210936,25.34062581,25.35929387,25.37700954,25.40925949,25.35863663,25.44131337,25.39495533,25.35125442,25.34538162,25.35663536,25.32307295,25.32743595,183.1797001,186.236252,180.6457308,171.5329663,178.4264263,184.5246056,180.475156,170.2851048,177.4061111,182.128621,187.690819,182.6927474,180.9157779
118,Halmahera Utara,237.8710941,25.46132315,25.48228243,25.48851921,25.49984525,25.55682815,25.46067278,25.62124667,25.52464219,25.46830847,25.45353849,25.48108212,25.42310293,25.3875229,197.0119743,206.524981,192.0589965,167.1909366,187.9470887,203.350978,191.2656073,163.9453209,182.4392411,193.8898154,203.021016,192.6708385,195.4873093
119,Hulu Sungai Selatan,110.9912335,26.14333574,26.20166941,26.35479425,26.25229483,26.15646109,26.28177318,26.51479415,26.27052349,26.22656458,26.31198138,26.23562722,26.08281466,26.18541873,248.6916553,226.3194924,253.3958394,167.8255491,244.7159843,232.9008353,227.9599908,174.3267959,189.940537,220.8443838,205.4341754,230.1287565,258.0656048
120,Hulu Sungai Tengah,276.1446349,25.79136127,25.8608782,26.00671284,25.90594661,25.81647216,25.92864168,26.15890522,25.93313873,25.88247922,25.95638259,25.89289512,25.74421137,25.83609752,259.7255243,236.2137245,268.2531864,176.4060959,251.8954224,243.1051986,234.1215839,182.9658171,197.0755233,231.5554081,215.2902478,239.8956973,266.3914525
121,Hulu Sungai Utara,8.145424049,26.37571924,26.43564895,26.61277846,26.53175229,26.42377222,26.51171204,26.75781246,26.53848883,26.45586108,26.52979586,26.45497364,26.30125054,26.4101157,241.0831093,221.1657567,248.4786835,163.1450038,232.7088611,226.2166863,219.6449714,168.9201121,183.6841887,216.0622778,199.7550767,223.9972361,248.4920562
122,Humbang Hasundutan,1057.126319,24.79044888,24.75398076,25.04228384,25.18716143,24.77905759,24.75528065,25.22554039,24.94052533,24.78547942,24.84381285,24.71881275,24.6006933,24.99557134,287.4527864,280.2591287,250.3353173,229.8820898,283.3341012,263.0649122,273.8695973,216.3559447,239.8566538,279.4420723,279.9991599,304.1916005,274.0744879
123,Indragiri Hilir,19.02036614,27.82547308,27.85129386,28.12432502,28.27481784,27.90370551,27.85688769,28.21564784,28.04671715,27.84967036,27.89609387,27.82514567,27.73265847,28.03013241,241.6718091,247.2032297,212.9290277,147.5073082,214.7311589,230.7226055,202.9911477,165.1882562,181.6333439,229.4509678,210.5894153,215.500396,248.3116447
124,Indragiri Hulu,74.62827683,27.79533802,27.80132893,28.09406001,28.23255882,27.84794742,27.80984836,28.16863494,27.99728202,27.79890607,27.85127557,27.76445435,27.69198349,28.01067378,250.7991348,251.2051817,213.6270719,150.7629842,218.5037753,240.7405119,210.2945612,175.5753841,188.7541267,230.5838493,213.1408169,217.1315949,253.9644737
125,Indramayu,16.23615704,27.22439647,27.05936578,27.2972486,27.3781856,27.26263274,27.29020742,27.21873564,27.18651455,27.23479541,27.36245997,27.3522328,27.1138319,27.31872359,213.7818252,218.7311338,242.933582,168.0293543,173.3472273,201.0887708,203.9149556,166.5194188,180.7051525,180.2669647,187.6518598,158.5396796,233.3646891
126,Intan Jaya,1789.284562,18.59582443,18.75415761,18.90441036,18.87604416,18.80554642,18.66691022,18.66387982,18.80260211,18.84140522,18.72221312,18.73909192,18.65786215,19.00958827,275.424183,279.409623,249.490067,251.109807,222.2340655,282.0783435,267.2345601,247.9479663,259.1793407,264.1809436,277.7568855,296.0151459,293.7231784
127,Jayapura,305.2679359,26.14552917,26.27521641,26.40675091,26.39497281,26.32995023,26.19961188,26.19951859,26.33530324,26.36028799,26.25498066,26.26390362,26.20879826,26.51070878,195.7501944,297.4798604,209.2059743,257.1333618,202.6537037,225.8542769,214.5929999,206.3247774,216.3255063,218.0645692,244.4917124,221.8257745,248.2609633
128,Jayawijaya,2515.791709,17.52529084,17.65672749,17.79643102,17.78396427,17.71695748,17.58816418,17.58362419,17.71695747,17.74649733,17.63999298,17.64832651,17.59195744,17.90097104,230.2455136,311.3197398,239.3830071,276.7124135,234.4263464,254.2167957,242.996841,237.1963775,244.2370928,245.7882639,265.1424979,250.9194634,265.9575447
129,Jember,345.9941318,26.00760763,25.86212175,26.25581485,25.81542378,25.73932293,25.95593098,26.03926421,25.90228713,26.03694896,26.0503169,26.03017782,25.77977473,26.06918086,285.412453,311.7376017,220.9962085,152.8902631,193.547899,279.1823042,339.4485891,170.0336037,174.1441544,299.0058614,192.6638148,219.514792,380.4749011
130,Jembrana,276.7872663,25.85850742,25.7243057,26.11684049,25.61197978,25.5444448,25.82430622,25.90763925,25.75763914,25.89930589,25.91597258,25.86857659,25.63263928,25.90850744,207.1390688,239.5345527,158.2737869,109.6829873,136.8239626,203.5974,246.6697956,125.7428842,119.7482657,199.1597252,143.8531272,159.6625019,279.1057333
131,Jeneponto,159.3466653,26.19287342,26.13923033,26.4038123,25.99773747,25.95225403,26.20016931,26.31231947,26.19166241,26.33089718,26.19791119,26.16527268,26.12273725,26.27446974,310.5456278,289.7007277,236.0206153,205.2795151,243.6656396,253.6330439,234.4730289,228.0070452,189.7535227,275.7174298,191.6237374,248.6310165,290.2483593
132,Jepara,155.5041672,27.19807061,27.06208058,27.36107385,27.17508399,27.12174239,27.2337387,27.25608189,27.14074397,27.20507538,27.28140372,27.29207208,27.02174212,27.24207239,241.7592521,232.263305,246.3378275,211.4989384,182.1279118,230.5889883,276.2920383,178.1752664,207.0366899,238.4157397,205.9445241,195.2335779,300.0187423
133,Jombang,146.9818205,27.46291601,27.2894109,27.65963984,27.33791607,27.27602046,27.42780142,27.48257264,27.35280143,27.4459632,27.49624937,27.48613485,27.23941106,27.4911922,202.6641556,197.9755979,186.2094673,149.3995683,148.7760518,197.6741526,229.5949716,143.9605669,162.8230934,206.2437749,152.8114531,166.4794156,243.4539283
134,Kaimana,373.2682698,25.73784014,25.864393,26.00948896,25.95485169,25.88793257,25.77344299,25.82816273,25.87916382,25.90705632,25.82864681,25.77572567,25.65448826,26.04295878,241.4748547,237.3157152,241.9816856,231.6665406,231.1365732,274.6733214,252.8575088,214.9614453,218.0812747,236.5119593,260.5451801,284.4087256,298.880291
135,Kampar,105.935482,27.82099248,27.80242409,28.10507099,28.25758075,27.83720856,27.79734576,28.23003118,27.986777,27.82411018,27.87612972,27.75911058,27.66189498,28.03758098,262.7434778,251.5308988,218.2778268,173.0302177,229.5676947,249.3385884,234.1664844,202.955855,199.3101399,220.5006357,212.8913555,223.7106633,257.8694523
136,Kapuas,64.69282226,26.29676536,26.40179761,26.6040831,26.5594992,26.42147491,26.48489641,26.76814405,26.5253155,26.38664481,26.50698031,26.41474096,26.2194193,26.35802728,254.3782734,235.1374304,253.8743144,185.0849874,243.0129158,241.1160267,240.3684245,189.2175459,204.6527474,225.4947161,213.9084793,235.4801929,268.9468066
137,Kapuas Hulu,327.086695,25.66032427,25.85731145,26.05802956,26.18981396,25.96808806,25.95767748,26.30731782,26.06873085,25.78604154,25.9678795,25.84820905,25.61125016,25.75894094,321.9078969,299.0417118,304.6658884,262.5428052,312.6633763,334.8479198,333.2632852,287.1390705,280.9812066,284.0868895,294.9458052,292.5039156,309.8506995
138,Karang Asem,537.4399475,25.71290529,25.6015573,25.98116593,25.42549545,25.35740804,25.66556179,25.79003056,25.61503064,25.76804539,25.76113273,25.73914662,25.5199969,25.76804546,228.9794211,270.2691041,166.3215862,119.7299128,157.2171836,230.6077836,268.4791024,139.5840274,125.3788422,209.057938,160.316525,177.4318517,283.9281984
139,Karanganyar,516.8329742,26.44155581,26.2791558,26.59659851,26.33381079,26.29853872,26.41966258,26.44388866,26.30629109,26.41753076,26.49039812,26.48342292,26.23089941,26.46888662,219.9020421,197.9612868,214.5879434,173.6538786,157.0218893,200.1516978,241.8797431,152.4916633,179.681618,200.8453795,175.1334817,179.2550847,260.3737827
140,Karawang,30.74370449,27.73734529,27.53937726,27.79141024,27.94324258,27.81051831,27.84222442,27.71824209,27.70624918,27.74710179,27.89019172,27.88043575,27.66376896,27.84832058,199.3820893,201.2006946,219.7233049,140.2465268,154.0236334,183.1305752,190.6159882,141.5113712,156.5726665,161.1654503,154.6180772,136.078277,219.9291776
141,Karimun,26.22229323,27.6117352,27.65323167,27.92142856,28.08061264,27.71275541,27.66420115,28.04948968,27.85195581,27.67091873,27.70765345,27.6096094,27.50459256,27.81275558,242.270314,260.0200958,209.1662662,151.7228593,215.4122818,222.5478418,201.5636321,166.4090512,180.2171873,228.093944,210.9962251,221.7649455,234.7208208
142,Karo,1007.359784,25.55315339,25.50859884,25.82369689,25.94721276,25.53813672,25.52741029,25.98475321,25.69754285,25.566933,25.61148571,25.50521548,25.34878054,25.77460544,299.3268539,295.3388688,268.0660575,246.9107928,299.0530627,275.6464835,281.1960521,235.7074754,251.9569038,295.3562713,291.8880167,319.2354414,284.3601273
143,Katingan,122.6822293,26.58071412,26.69062978,26.90461087,26.87824018,26.7275518,26.77882729,27.06682596,26.81321095,26.66535209,26.80360615,26.70904947,26.48751682,26.63786626,270.5480925,251.5895244,264.9811714,207.1849514,255.9195145,251.9200506,270.4524082,210.8208098,221.9968896,232.0522691,229.145629,241.6966086,295.2521381
144,Kaur,576.5236703,24.73311139,24.67174005,24.94876545,25.15752886,24.88354146,24.91383339,24.92637989,24.91782141,24.63876727,24.85419584,24.76144735,24.78876419,24.97275288,275.2339372,252.4128445,266.919471,192.9059481,250.791348,245.6211896,240.3119299,216.3345283,210.9751894,263.023903,256.4317208,227.0658571,325.9164232
145,Kayong Utara,60.95108669,27.61219221,27.74385131,27.9975995,28.06530316,27.82734411,27.83200972,28.11554293,27.92072573,27.69783824,27.86195338,27.73555803,27.51514277,27.71813345,286.9398557,298.7085148,303.9137933,222.2412739,277.5100079,267.8154397,326.7903513,239.7395616,222.1821907,270.6839608,286.9168063,258.3128258,287.998346
146,Kebumen,95.96736462,27.23941195,27.04358076,27.35816209,27.20555844,27.15295439,27.22587069,27.19670489,27.11649702,27.2164952,27.28837096,27.30764221,27.03212102,27.2951402,312.8488022,278.2137697,315.4017034,205.0002889,208.0765116,273.0153188,330.1394711,186.5423332,235.1946512,244.0735872,241.8402407,227.3665748,366.1265904
147,Kediri,264.1721862,26.80205203,26.61590476,26.99642424,26.67402196,26.60486578,26.76287454,26.8017277,26.68246337,26.76871857,26.83246336,26.81882659,26.57131634,26.82423798,230.7450563,222.7531609,210.6460951,166.0982265,165.2894316,220.1555656,261.2984974,160.26149,183.2146842,227.983541,171.0892932,187.1020925,279.3196955
148,Keerom,349.1087484,25.79620118,25.92120111,26.03239169,26.02328611,25.95826444,25.8454536,25.84352589,25.96783446,26.00386587,25.89378387,25.91469241,25.84303891,26.12051014,219.5171283,333.5015407,234.6680076,286.5129891,229.2641981,252.1111496,239.07611,230.3656371,240.2508841,243.102761,271.3976487,246.5943484,274.4802055
149,Kendal,285.6915593,25.89491649,25.74988576,26.05485495,25.89877351,25.83578812,25.91687907,25.92184815,25.8180003,25.8987644,25.98065904,25.99556049,25.7107884,25.96254416,277.26022,254.42964,280.5603968,210.415707,194.7768218,247.4031984,303.0675223,182.2071557,223.4961465,247.0660896,222.1049723,211.217228,336.7532479
150,Kepahiang,755.0165137,25.44064298,25.41647633,25.69022629,25.79460084,25.52793392,25.5300175,25.68105971,25.62939262,25.39939302,25.51335062,25.46460091,25.4633509,25.68710096,233.4599916,212.945408,222.9105842,172.927497,224.4959956,215.2737422,194.8134582,186.4898231,182.8252609,228.2626668,238.102429,206.2688587,269.1098231
151,Kepulauan Anambas,117.5144585,27.43333387,27.55000051,27.76666673,27.90000041,27.56666724,27.53333378,27.90000025,27.70000029,27.49166695,27.63333352,27.45833365,27.32500013,27.60833375,217.466671,225.7833398,214.3083351,147.2583348,172.6750018,204.2333393,203.066672,146.5666688,194.1500015,210.0000032,215.8500036,234.9416695,213.4500039
152,Kepulauan Aru,32.20481337,26.73923376,26.81063855,26.89492384,26.76003487,26.7232871,26.67337327,26.94022327,26.68125857,26.65931246,26.73057188,26.50360192,26.2651096,26.70015418,224.9614277,224.6179361,225.1438397,226.861493,223.469487,258.1833135,256.2579093,214.5251947,212.8057572,223.6966001,227.7125086,261.7376104,327.9879982
153,Kepulauan Mentawai,82.39717239,27.47045714,27.45707212,27.73283227,27.8081323,27.46366561,27.46249821,27.73714409,27.6210394,27.4362268,27.51366929,27.44385403,27.39730306,27.65791879,335.3469126,291.6204895,273.4251884,206.0444392,262.614948,286.8772701,298.0242674,245.9921545,257.2807951,265.0426849,257.7546231,259.2487151,314.3188137
154,Kepulauan Meranti,17.16176562,27.81467669,27.8347352,28.11196357,28.26748683,27.87964767,27.82993959,28.25086836,28.02301055,27.84762269,27.88517088,27.78260388,27.66676045,28.01947338,241.1547665,250.8214794,203.96398,154.6835679,211.4950249,220.8311075,199.81525,173.6983754,180.3121404,218.3615711,203.6029755,212.0330425,232.4044606
155,Kepulauan Sangihe,231.5598903,26.24345271,26.28988134,26.24672644,26.25357167,26.29196473,26.00208353,26.50505996,26.20863146,26.00357192,25.95714302,26.11190523,25.90208386,25.81220265,315.1253068,348.4732221,299.7431589,251.5607202,312.2166719,385.1178688,268.6509002,227.5202438,294.666074,315.8875075,324.2000045,305.5601276,336.0553628
156,Kepulauan Selayar,118.0762797,26.68797522,26.6510465,26.92342741,26.51198683,26.46248683,26.71329652,26.82734411,26.71329641,26.84271306,26.65987969,26.64321306,26.61740343,26.77915352,260.0768538,249.2214785,200.5704995,153.8416261,196.3944872,210.2006679,198.323895,167.7661697,152.570965,221.6214164,168.5321194,204.9258109,248.3337432
157,Kepulauan Seribu,8.66357948,27.97702782,27.81661544,28.04578501,28.27079057,28.093706,28.11870048,27.98953651,28.00412412,27.97077923,28.17077927,28.09993715,27.92494859,28.11453069,239.2170741,244.171165,256.5395782,151.3730746,180.7836689,220.2764142,229.2846649,154.0043327,176.151394,189.0588837,170.5105133,156.9156452,273.6172462
158,Kepulauan Sula,195.0087318,25.37465753,25.41615993,25.42106132,25.42776043,25.45888882,25.4524322,25.42759829,25.48029135,25.52489828,25.42154986,25.42620774,25.51468569,25.37326331,160.2733042,165.7928791,160.8118505,155.803911,157.7503025,164.9816068,160.1176174,152.8409921,158.3412686,159.9632777,163.2723719,161.0501173,161.0337645
159,Kepulauan Talaud,116.8321299,27.03333378,27.05833371,27.05833356,27.11666679,27.2166667,26.95833365,27.35833391,27.12500032,26.93333387,26.91666698,27.02500041,26.81666692,26.80833387,238.4750029,257.466671,224.375007,204.0666695,236.9833349,281.466671,197.825002,188.9833355,228.4833361,234.7750041,228.3166682,230.9166679,260.2916718
160,Kepulauan Yapen,316.6602481,25.89195848,26.03193502,26.19195838,26.20670204,26.1813524,26.05635237,26.06998871,26.19481396,26.20163207,26.09417293,26.08280922,26.00716828,26.36486053,266.4997138,260.2067055,236.1606113,219.2120656,198.0433618,296.1608433,269.169352,217.812764,245.5435357,253.1621242,268.4441776,293.9138155,263.7236046
161,Kerinci,1248.311135,25.5983093,25.58877719,25.88689289,25.95778657,25.61189395,25.60002195,25.89117843,25.78244176,25.55927011,25.63335531,25.58061461,25.53603649,25.81046893,260.3368754,242.3544819,222.7046101,164.595243,220.8036623,240.6939711,217.3920851,189.0123606,204.1760056,223.8781269,216.1809255,210.0282334,264.3802145
162,Ketapang,99.59314713,27.35823861,27.4783663,27.72205079,27.75338153,27.56497508,27.57243395,27.84241674,27.63339154,27.43619786,27.59951603,27.49192757,27.25916509,27.44009528,293.7440566,291.6310492,303.4458804,220.3219299,266.8154957,261.5116715,306.5187735,234.3542319,226.8987674,260.2745716,278.1016576,248.1799431,283.0269518
163,Klaten,230.7195353,26.99615432,26.81816275,27.13632532,26.89764986,26.87414571,26.98482952,26.99316285,26.85747924,26.96965852,27.05149596,27.04615432,26.78632499,27.03782086,218.6538505,196.469448,217.8012866,170.2918828,154.6596178,195.8662409,235.4852637,148.3160282,176.5899581,194.3707288,175.9207289,175.4258552,256.5901739
164,Klungkung,181.8334778,26.83521031,26.72618178,27.1133338,26.54181028,26.48590524,26.80430544,26.92548624,26.75048639,26.90118151,26.88208643,26.85951491,26.64597201,26.90118159,220.6571894,259.3840992,151.4712756,103.4235365,143.5130143,218.2991453,260.8309441,122.3524337,112.3204245,189.4977465,142.8264639,164.4534654,277.9756553
165,Kolaka,485.9896347,25.23749421,25.22897213,25.36913441,25.17590368,25.17834905,25.3247157,25.31838083,25.38367365,25.47477537,25.26005047,25.22609257,25.34921359,25.35397213,318.950622,301.2020592,261.4203394,186.9732235,246.2509431,237.687106,216.611039,195.4270121,180.0182555,221.0324543,179.4761913,194.9416992,344.4218566
166,Kolaka Timur,655.9698286,24.67448841,24.66898054,24.7924168,24.62351618,24.62692845,24.77073844,24.74836405,24.83019117,24.91747069,24.69870789,24.66669257,24.79744262,24.78959265,324.8300236,303.3282277,269.0299183,194.082461,253.2584916,242.0095078,220.5032354,203.5542458,185.449704,224.4702923,185.7523564,199.1734498,350.758866
167,Kolaka Utara,758.9197892,23.93097118,23.91995485,24.03538567,23.88500569,23.89473748,24.02582776,23.9992607,24.08388483,24.16715953,23.9508826,23.92342184,24.05402063,24.02252241,339.0756258,303.7256958,286.461552,214.0466609,271.1821647,258.2574715,226.3391324,218.83301,197.5155545,236.4433393,193.7377747,210.4899157,359.0651643
168,Konawe,389.2949781,25.32527093,25.33300227,25.42791357,25.30708696,25.31047782,25.43974364,25.39723129,25.50182163,25.58981509,25.3542947,25.33342728,25.49179659,25.44118759,297.2781707,279.139215,252.0639514,181.7755772,234.996382,218.2696408,203.1310232,191.2133012,174.6839653,200.2851321,178.4086777,181.1050351,327.5854364
169,Konawe Kepulauan,206.6437175,26.09052186,26.10603138,26.17894771,26.12223475,26.12408666,26.23404031,26.1514019,26.30209567,26.38589221,26.14908665,26.13566062,26.33728116,26.23033649,258.9229242,254.4784174,223.127099,158.5738731,211.1434525,178.379473,187.1483408,169.1530529,159.6516226,170.7189822,174.8899895,163.286538,295.6617853
170,Konawe Selatan,134.0189104,26.48659611,26.49461268,26.5962879,26.46336267,26.47106211,26.60240248,26.56327183,26.67192273,26.75992095,26.50715799,26.49216738,26.66082732,26.6108717,268.1299126,260.7513631,226.4231114,160.882235,211.8602402,191.1556363,192.033536,173.0387284,160.5042187,182.7751492,170.8015742,167.9357527,299.5042372
171,Konawe Utara,447.526657,25.67045751,25.67993513,25.76915118,25.6615707,25.66484926,25.78743783,25.73917685,25.85130135,25.9395317,25.70296108,25.68487198,25.85442293,25.77910162,286.6554173,269.6084004,244.7965718,176.1810335,227.2854579,209.1987323,194.7309431,184.7118843,169.4716182,189.8034607,173.7429909,173.0590027,318.5110691
172,Kota Ambon,193.9272464,26.87500016,26.92500035,26.95000029,26.91666714,26.94166708,26.90000041,26.95833333,26.89166705,26.90000025,26.90833362,26.84166686,26.80000035,26.89166673,213.7333364,226.2750034,218.0250034,223.4166711,211.5416703,224.1000042,218.0250034,214.7166704,219.8666706,218.0333373,220.5416698,221.1000029,217.9166705
173,Kota Balikpapan,31.18558955,27.87816136,27.98563267,28.14224184,28.11724162,28.00229911,28.0672417,28.29224178,28.11982796,27.98160982,28.04310401,28.00804626,27.87988531,27.94655222,252.6313272,221.9241409,277.7798885,172.2238535,219.9034511,235.3652306,187.8853479,170.4770159,185.0083375,217.3410976,212.9589111,220.0089124,237.2818997
174,Kota Banda Aceh,6.737816095,27.19166692,27.12500048,27.34166686,27.40833394,27.10833375,27.14166721,27.47500022,27.22500054,27.16666683,27.20833381,27.12500064,26.94166692,27.35000054,277.1500034,205.8333359,239.3416704,197.0916716,252.9416707,182.3250025,191.6333389,154.5083362,189.0000046,156.5583366,132.1833359,140.8583382,213.4166683
175,Kota Bandar Lampung,131.0065537,26.79793715,26.65002487,26.93231731,27.2469024,26.99273236,27.00939923,26.88960988,26.93127668,26.71252205,26.97814758,26.80731129,26.80522948,26.97085512,202.8161158,206.9826819,221.6913285,144.7420837,174.6531264,203.7720895,205.1186572,148.2772467,146.5386574,187.4806059,165.7848496,156.4087098,236.1193756
176,Kota Bandung,724.4513598,25.10000054,24.90000025,25.14166705,25.25000032,25.11666695,25.1500001,25.05000035,25.05000035,25.1000007,25.22500038,25.22500038,24.98333375,25.18333371,280.3833383,268.99167,297.4000012,190.9500073,213.1000032,249.9416731,264.7916724,189.6500028,213.1083385,215.2333368,222.6666666,196.0083352,309.6166725
177,Kota Banjar,55.82004617,26.22435919,26.04423127,26.32628211,26.28397477,26.18525681,26.27051321,26.1858976,26.14807745,26.22179512,26.33269261,26.33012842,26.07435954,26.29807766,345.6903902,312.9359067,354.2070577,209.2455166,235.5166687,294.0589775,346.5801348,203.2820558,252.1173089,253.1814137,253.7942362,230.1961596,401.0916733
178,Kota Banjar Baru,28.34863999,27.32121702,27.35372302,27.56288361,27.41747416,27.31747404,27.45622521,27.66246998,27.4370564,27.38455428,27.50372296,27.4208032,27.23705648,27.36538572,237.2228308,217.1678408,231.4039308,168.7645592,248.430418,221.8296162,238.8003171,172.9376508,189.6821143,207.965138,197.1905105,221.0896941,265.5849739
179,Kota Banjarmasin,6.222496133,27.22500054,27.27500025,27.46666686,27.34166718,27.24166711,27.383334,27.57500045,27.35833359,27.30000019,27.42500003,27.33333349,27.15833378,27.27500057,240.5583407,218.1416699,234.3166701,166.2833376,246.0250026,224.3166695,230.1000029,170.9666678,189.7666683,208.3500048,197.4500036,220.1916726,257.091671
180,Kota Baru,116.9634818,26.69517408,26.74704456,26.92101505,26.78493281,26.70175055,26.81690352,27.02255866,26.84355644,26.79767677,26.85069734,26.78741946,26.65005203,26.75261947,272.6570097,243.7743629,280.5540323,187.2752085,257.986691,253.698717,237.7053261,193.5965613,205.9323911,236.1771698,222.5305274,245.936966,277.2498846
181,Kota Batam,21.38521746,27.62189003,27.66911179,27.9325918,28.11715133,27.75097479,27.70636712,28.07433923,27.88880083,27.68880038,27.7562843,27.62327893,27.52638375,27.82474926,249.2510732,275.0000077,221.4266986,155.6549585,220.2802939,226.8489246,213.9878654,167.5770312,187.2730241,242.9139828,224.6613512,238.8852364,240.3014204
182,Kota Batu,1386.0814,25.99166694,25.83214323,26.2273814,25.87261935,25.79761938,25.95000019,26.00952438,25.90476228,25.98809539,26.02500036,26.00833363,25.75238138,26.03452427,236.6464336,241.8357212,202.2416701,155.7369071,171.06667,230.4678613,265.2750072,156.9892879,171.6404792,245.0214282,169.111905,188.2571467,288.5202413
183,Kota Baubau,209.0111272,25.6048331,25.62720349,25.73246296,25.58553666,25.5758887,25.72588864,25.69518493,25.7899257,25.86492537,25.62851846,25.5995738,25.75659242,25.72851863,240.7657399,232.0945474,207.2425226,150.3966753,202.767324,165.3952892,184.1512799,166.0773633,150.6694032,176.1609301,167.5236499,162.2300848,268.1942919
184,Kota Bekasi,31.16796815,28.02500031,27.84722249,28.08333376,28.28055578,28.11944479,28.15277836,28.01944494,28.02222257,28.02222262,28.20555597,28.16388925,27.96388912,28.15277815,229.6027794,234.0250034,248.5583366,150.3944473,174.2222247,211.0222271,219.363892,152.5888907,173.0083357,182.0583381,167.4027791,151.4305578,259.2055564
185,Kota Bengkulu,17.00000399,27.59166702,27.57500029,27.83333365,27.90000025,27.64166689,27.66666714,27.80833387,27.75000048,27.55833371,27.65000025,27.60833375,27.60000054,27.80833371,250.8750051,233.9000066,240.5333411,192.9833374,241.1333377,232.7083365,213.6250051,207.2416693,208.258337,239.5583369,249.9583352,221.9166692,277.1583417
186,Kota Bima,244.6434646,25.27163565,25.21664116,25.53663767,25.02663934,24.94830934,25.26830572,25.44830074,25.22830443,25.3583078,25.29330588,25.24998294,25.10998111,25.35997254,171.8448442,204.2779479,162.299978,118.9969765,149.0816709,195.1647706,176.8064908,131.1857394,100.4037574,178.6134006,149.4214207,187.0715066,183.5358232
187,Kota Binjai,37.42594881,27.69015202,27.64621246,27.94697014,28.08409137,27.68560644,27.6772733,28.16893959,27.84621259,27.70681864,27.76060636,27.66060662,27.48787923,27.91287905,242.9628831,247.2030362,221.660611,202.0318217,243.7166717,223.9590947,224.1227309,199.6446986,207.9416711,242.1265192,230.2621248,254.0893986,224.557579
188,Kota Bitung,286.946569,25.56388747,25.62083079,25.54722083,25.51249777,25.58888738,25.34027717,25.75902591,25.49235902,25.3534719,25.28333378,25.42916412,25.33472354,25.09861031,267.2431789,314.7881985,251.1584824,162.9849966,244.4445955,304.1430781,243.0980671,151.2927089,221.8960199,264.1646597,304.6736475,273.5431537,262.4056807
189,Kota Blitar,184.2048292,27.46666718,27.30000035,27.70000045,27.33333397,27.28333362,27.42500051,27.48333375,27.36666711,27.45000045,27.50833368,27.49166711,27.24166695,27.51666721,235.8416715,239.6500044,199.0750044,151.8000013,165.4750032,223.8333394,264.0083415,154.0333362,174.6666667,226.1583376,162.8500036,183.1333353,285.2416706
190,Kota Bogor,258.2978703,25.62500048,25.39166705,25.63333368,25.80833371,25.67500019,25.70833397,25.55000051,25.55833371,25.58333381,25.76666705,25.70833381,25.55000051,25.73333359,412.7333412,385.2333349,399.9416784,219.4750048,280.7916727,343.9083392,395.0083478,219.141669,277.408336,293.7333374,264.4916668,252.1083359,479.6000074
191,Kota Bukittinggi,913.5414655,25.65833378,25.63333368,25.94166708,26.07500029,25.66666698,25.63333384,26.02500041,25.81666724,25.65000025,25.70000029,25.60000006,25.49166695,25.86666727,261.0750046,232.8250033,215.4166679,168.633337,219.2833379,251.6083393,239.950002,196.7166713,199.2416687,208.8166707,199.9166673,217.2250061,257.7250036
192,Kota Cilegon,57.50196439,27.44452365,27.26508923,27.51120055,27.781196,27.58897562,27.59786067,27.45897923,27.49675518,27.42341445,27.64007904,27.52174475,27.41119026,27.59341202,255.5166566,263.3798753,272.5746272,157.4804567,196.5268704,238.5073442,246.4065168,163.2209378,186.1287522,204.7871722,181.0383876,170.3389697,296.7688073
193,Kota Cimahi,761.8618767,25.10000054,24.90000025,25.14166705,25.25000032,25.11666695,25.1500001,25.05000035,25.05000035,25.1000007,25.22500038,25.22500038,24.98333375,25.18333371,280.3833383,268.99167,297.4000012,190.9500073,213.1000032,249.9416731,264.7916724,189.6500028,213.1083385,215.2333368,222.6666666,196.0083352,309.6166725
194,Kota Cirebon,17.87416543,27.20833381,27.0416673,27.30000019,27.29166683,27.20000045,27.28333394,27.21666718,27.15833394,27.21666718,27.31666724,27.32500013,27.07500045,27.29166683,224.0833356,228.1000061,252.6166728,181.5750054,181.4333381,209.4083339,216.4916706,173.8416691,193.9416685,193.1000024,201.1083343,170.3000034,252.1416683
195,Kota Denpasar,25.65688117,27.33333397,27.21666733,27.60833327,27.03333362,26.99166679,27.31666708,27.41666683,27.25000048,27.39166689,27.37500048,27.37500016,27.14166705,27.40000041,223.5250028,264.4500054,151.3416688,102.0333344,141.7083345,218.825004,265.3083407,121.7166703,112.3583356,192.050001,141.9166691,163.6083362,288.99167
196,Kota Depok,85.22237144,28.05833371,27.89166705,28.11666711,28.33333349,28.15833378,28.1916674,28.05833387,28.06666708,28.05000035,28.25000048,28.19166692,28.00000016,28.19166708,247.7166672,252.783336,265.6416702,157.208337,186.3583352,227.3166717,236.4416695,159.8250019,183.2166688,194.3250052,176.4333348,161.4333353,281.8666674
197,Kota Dumai,20.19375536,28.175872,28.15452166,28.47253671,28.61126781,28.19936318,28.15047389,28.6371405,28.34793524,28.22523633,28.25182356,28.10928395,27.9883323,28.38340945,230.9903548,236.3895175,202.7792582,171.1471863,214.9226796,214.3799659,203.2895132,188.5165075,181.8465799,205.0541495,200.0075657,214.7765215,223.9475598
198,Kota Gorontalo,97.03723057,24.60740139,24.68147562,24.64443832,24.67406768,24.70647538,24.48888295,24.88425265,24.62869773,24.49443829,24.41573523,24.5277721,24.48517945,24.24906853,190.0112114,211.9861201,178.9788755,129.7911042,173.1464895,207.7009591,173.9520969,117.2532189,159.1798702,186.2547416,205.5232053,184.8760518,185.5621738
199,Kota Gunungsitoli,110.6307389,25.96527825,25.93194493,26.20694476,26.3347226,25.95555576,25.92777803,26.35000022,26.09583359,25.95694476,26.02083384,25.90972254,25.81111134,26.15138952,300.0055627,275.4986185,256.6097263,234.9166714,298.1888943,294.9875004,316.5652816,222.7388926,249.7805604,274.5958376,293.5500036,309.6722264,297.0513929
200,Kota Jakarta Barat,7.189675393,28.05833371,27.89166705,28.11666711,28.33333349,28.15833378,28.1916674,28.05833387,28.06666708,28.05000035,28.25000048,28.19166692,28.00000016,28.19166708,247.7166672,252.783336,265.6416702,157.208337,186.3583352,227.3166717,236.4416695,159.8250019,183.2166688,194.3250052,176.4333348,161.4333353,281.8666674
201,Kota Jakarta Pusat,9.024393208,28.05833371,27.89166705,28.11666711,28.33333349,28.15833378,28.1916674,28.05833387,28.06666708,28.05000035,28.25000048,28.19166692,28.00000016,28.19166708,247.7166672,252.783336,265.6416702,157.208337,186.3583352,227.3166717,236.4416695,159.8250019,183.2166688,194.3250052,176.4333348,161.4333353,281.8666674
202,Kota Jakarta Selatan,32.31181628,28.05833371,27.89166705,28.11666711,28.33333349,28.15833378,28.1916674,28.05833387,28.06666708,28.05000035,28.25000048,28.19166692,28.00000016,28.19166708,247.7166672,252.783336,265.6416702,157.208337,186.3583352,227.3166717,236.4416695,159.8250019,183.2166688,194.3250052,176.4333348,161.4333353,281.8666674
203,Kota Jakarta Timur,26.49892923,28.05833371,27.89166705,28.11666711,28.33333349,28.15833378,28.1916674,28.05833387,28.06666708,28.05000035,28.25000048,28.19166692,28.00000016,28.19166708,247.7166672,252.783336,265.6416702,157.208337,186.3583352,227.3166717,236.4416695,159.8250019,183.2166688,194.3250052,176.4333348,161.4333353,281.8666674
204,Kota Jakarta Utara,3.323435297,28.05833371,27.89166705,28.11666711,28.33333349,28.15833378,28.1916674,28.05833387,28.06666708,28.05000035,28.25000048,28.19166692,28.00000016,28.19166708,247.7166672,252.783336,265.6416702,157.208337,186.3583352,227.3166717,236.4416695,159.8250019,183.2166688,194.3250052,176.4333348,161.4333353,281.8666674
205,Kota Jambi,24.89813755,28.16666714,28.19166708,28.48333391,28.55833356,28.24166695,28.22500038,28.47500054,28.36666695,28.17500035,28.23333375,28.18333387,28.11666711,28.35833375,246.2750041,235.9750023,231.058335,157.1916682,224.9250005,234.7750047,216.0166696,169.6166681,171.5250039,244.3000043,227.6250013,218.5500031,281.2333361
206,Kota Jayapura,195.5820173,26.5901026,26.71510245,26.83242689,26.81510235,26.74975185,26.63176866,26.63176913,26.77343523,26.79843517,26.68242696,26.69843543,26.64010231,26.92409359,184.2268902,283.3189562,194.8567261,239.3957248,192.2029905,210.6834607,199.7073661,192.706717,201.2968553,203.278418,227.5428874,205.9900522,229.497035
207,Kota Kediri,94.34501559,26.78854217,26.60208367,26.9822919,26.66041704,26.59166716,26.7500002,26.78854211,26.66875037,26.75520871,26.81875034,26.80520863,26.55833392,26.81041688,230.8718779,222.1739632,211.1770849,166.4958364,165.155211,219.9437543,261.702089,160.2562533,183.6187534,227.7760446,171.2927088,187.2604201,279.8229196
208,Kota Kendari,70.4774638,26.59695841,26.61450528,26.70134311,26.59915715,26.60617421,26.72678715,26.67546962,26.79257443,26.8838042,26.63512126,26.62459398,26.80485985,26.72897712,263.8176544,256.5849215,225.2908022,160.4355186,209.8517762,186.9506742,188.4855434,172.1905872,159.9006797,176.5827531,170.9644176,164.6482992,297.46577
209,Kota Kotamobagu,365.6336438,24.11666711,24.19166724,24.12500048,24.10833359,24.18333387,23.96666702,24.34166718,24.09166702,23.97500038,23.88333384,23.99166743,23.95833365,23.70000045,210.0916723,245.216671,197.3083363,128.1250016,191.1583379,238.341671,190.4666708,117.1333326,172.8416716,206.4083358,238.1666711,212.091671,205.4500058
210,Kota Kupang,176.4697173,26.71666686,26.71666702,26.8083334,26.75000016,26.59166702,26.65833394,27.05000035,26.69166708,26.69166724,26.72500054,26.44166692,26.27500041,26.64166705,98.03333404,53.25833488,56.64166786,48.56666726,85.14166774,144.9833359,110.4250022,124.4166683,134.8083362,181.1750018,134.3666666,169.0000002,143.5916702
211,Kota Langsa,18.94463909,27.41462216,27.36526136,27.66654029,27.78833796,27.39282432,27.39154555,27.87808115,27.53962211,27.42487344,27.45949102,27.39859477,27.20116299,27.65115765,252.4709059,250.0284985,225.0587584,199.525451,242.0051266,215.5432321,215.4757763,182.044161,205.0206007,240.1710774,210.1446309,228.5150924,224.5617552
212,Kota Lhokseumawe,20.25169001,28.29166698,28.22500038,28.55000019,28.65833378,28.24166727,28.25833384,28.72500054,28.39166689,28.30000035,28.33333381,28.28333346,28.05000019,28.53333378,190.6000004,174.4666665,165.0500046,145.3750013,169.1916717,150.9333366,152.1666698,131.2250032,146.6583363,156.9416669,144.1000023,142.5916704,162.2416684
213,Kota Lubuklinggau,136.9857499,26.75000032,26.73333391,27.00833384,27.08333365,26.79166698,26.80000051,27.01666721,26.92500051,26.70000045,26.78333394,26.75833368,26.73333375,26.95833381,263.7583389,243.2000058,250.8083394,188.1416693,251.8250058,245.4083322,219.5500062,204.2583389,202.2250042,256.0166702,263.5083383,229.891674,302.3000069
214,Kota Madiun,68.79027811,26.52500052,26.33888939,26.70416689,26.39305584,26.33750044,26.49027812,26.5236115,26.39722263,26.49166712,26.55138914,26.5430558,26.30138951,26.54027804,231.9444473,212.2111143,218.1597254,172.408337,162.734725,214.981948,265.115283,159.8152819,188.9694507,221.3250069,174.7597235,188.3750037,284.1847248
215,Kota Magelang,367.7593077,25.53842553,25.38010509,25.69398971,25.50233565,25.45788056,25.54121411,25.54954732,25.44121415,25.53288064,25.60788066,25.62177162,25.33843194,25.60232269,269.3190396,243.2204828,270.8857759,201.8554314,187.3066283,237.4891671,293.9360593,174.5335225,215.5081135,236.2550836,214.3680869,207.8292058,323.9527937
216,Kota Makassar,8.456995815,26.66098511,26.61212158,26.88484897,26.47765201,26.42992444,26.68598511,26.80037915,26.67045487,26.80378853,26.68484859,26.68030343,26.60265201,26.76477355,369.0617471,338.0352372,267.8859918,249.834477,281.8617527,295.23561,271.456065,268.2670554,220.9439446,321.3825822,221.6117501,297.1625059,323.4420547
217,Kota Malang,474.5047649,25.72872994,25.57494473,25.97494483,25.6007073,25.52192175,25.68706327,25.74615942,25.63858862,25.73327786,25.76584854,25.7453966,25.48706332,25.77873,258.7742752,269.0819503,209.3432763,156.9228397,181.8372029,247.4530359,295.4288135,158.7895516,174.6752582,268.1952991,173.4068222,196.4534041,329.9440866
218,Kota Manado,77.87617905,24.7675802,24.82452354,24.74258042,24.7245235,24.79767245,24.53424703,24.99119017,24.70785655,24.54397042,24.47221169,24.61758052,24.52406251,24.28239598,263.4960197,310.7392865,247.7576491,161.8649344,241.6150358,300.7657334,238.7826672,149.7630975,219.4674518,261.3320997,301.1930519,270.8167139,258.2552806
219,Kota Mataram,22.22265311,26.55833387,26.47500022,26.83333365,26.25000032,26.19166708,26.53333362,26.66666683,26.46666718,26.63333368,26.60000054,26.58333381,26.38333384,26.62500048,187.4250035,223.9750044,138.7250007,97.97500194,133.3500028,194.5333377,218.4250043,112.5583338,99.30833556,161.7000021,132.6166669,153.1666718,220.0833371
220,Kota Medan,21.03664159,27.63613704,27.58939922,27.91222426,28.03613711,27.62055775,27.61113694,28.10280358,27.7872244,27.65389117,27.69555758,27.59447035,27.42889087,27.85497878,210.760283,220.9340872,193.0199504,176.4579858,215.3421856,196.7193088,198.4856367,180.0645511,185.8185482,219.3850697,210.3848361,229.7912629,192.6187022
221,Kota Metro,47.66488332,26.8250006,26.68333371,26.96666702,27.28333394,27.02500025,27.04166714,26.92500051,26.96666733,26.74166727,27.00833368,26.83333381,26.83333381,27.00000032,199.2333342,203.2583389,219.8083388,145.3083336,173.2333374,201.2250048,202.1583347,148.4999991,143.8583371,186.6000036,165.0083377,155.5000035,231.3000043
222,Kota Mojokerto,23.35993555,28.38333352,28.22500038,28.57500029,28.25833368,28.21666702,28.35833375,28.43333371,28.28333346,28.39166721,28.41666698,28.41666698,28.17500035,28.41666746,161.5083376,153.158335,154.4500001,127.3500015,121.4416702,160.2000048,186.1583354,118.5833381,136.191667,169.3916682,126.7666687,136.0500024,194.8083378
223,Kota Padang,471.2708291,26.70882846,26.68603985,26.99743407,27.10508741,26.72056383,26.69454303,27.06495219,26.8826381,26.6836589,26.75576737,26.66597126,26.58927056,26.9251559,338.5482353,300.3133218,276.8736046,203.1960314,273.0248622,319.8708073,298.3692246,242.6447275,260.9281137,272.2292919,250.2353356,274.0692847,331.652793
224,Kota Padang Panjang,785.9588768,25.65833378,25.63333368,25.94166708,26.07500029,25.66666698,25.63333384,26.02500041,25.81666724,25.65000025,25.70000029,25.60000006,25.49166695,25.86666727,261.0750046,232.8250033,215.4166679,168.633337,219.2833379,251.6083393,239.950002,196.7166713,199.2416687,208.8166707,199.9166673,217.2250061,257.7250036
225,Kota Padangsidimpuan,417.8111302,26.85833359,26.84166718,27.15000057,27.27500041,26.88333368,26.83333349,27.29166698,27.01666721,26.89166721,26.9166673,26.79166714,26.67500035,27.06666692,276.9250031,259.0833346,230.8416691,202.0500043,256.0083389,261.5000045,262.2833354,212.6666698,213.833334,246.9166698,239.2166716,259.6750062,273.9083392
226,Kota Pagar Alam,1188.961175,23.65391739,23.6230361,23.88259571,24.05857234,23.7752389,23.81567943,23.88970265,23.84215523,23.58136968,23.75857235,23.69558394,23.70734625,23.90979865,268.2557542,237.9035978,256.7833599,187.6694502,249.6245935,239.0667354,225.2781965,206.7102831,198.6015768,259.483263,262.2910437,228.7294806,319.5698421
227,Kota Palangka Raya,32.19293346,26.53499216,26.63980453,26.8548934,26.80080056,26.65941878,26.71056691,26.98923233,26.75762421,26.61128498,26.72823817,26.63527847,26.44504939,26.5852795,246.1737,222.6247826,239.9668666,170.5254954,238.5625856,231.076381,238.8447843,174.9359203,193.7246442,207.5529338,198.1634772,224.3732894,273.0539614
228,Kota Palembang,8.401976995,27.87935681,27.89058766,28.15181888,28.33225437,28.04384544,28.04130747,28.16269022,28.11269014,27.89602354,28.01305001,27.92102348,27.88261429,28.09384537,225.38262,202.7770461,215.4212699,151.0199297,207.7476877,206.389595,202.2471288,149.9110184,143.114434,221.0282009,213.3141088,200.5883297,270.6704696
229,Kota Palopo,410.0585788,25.33777363,25.33777373,25.45531494,25.33602462,25.31935816,25.43163525,25.45224576,25.48470448,25.5439123,25.39303773,25.3491763,25.43163515,25.43645351,334.8627943,298.8826934,287.5252527,237.882266,277.8239945,277.0486605,237.9621262,225.900937,211.6661293,257.0596523,200.8817977,230.1199929,330.1423191
230,Kota Palu,424.9150123,25.71639822,25.78198985,25.83198974,25.83817242,25.7986564,25.83198988,25.9142477,25.89865646,25.85914008,25.79032278,25.77258107,25.77688232,25.74032302,132.2494655,126.1446262,138.5771525,117.7876365,121.0981214,127.9586049,115.2029584,113.9389793,119.2086031,122.9379055,123.4518845,124.1661308,124.3301085
231,Kota Pangkal Pinang,13.0428778,27.20000045,27.25833368,27.50833384,27.63333368,27.38333368,27.39166705,27.55833371,27.4500006,27.26666705,27.40000025,27.28333346,27.19166692,27.38333384,248.2333374,219.8416691,239.7083371,169.2416667,212.4583352,217.7333387,247.5666688,151.341668,155.2500014,242.3750006,225.1250032,218.9666694,292.7083346
232,Kota Parepare,124.2691338,26.28541036,26.28541422,26.48541077,26.17916886,26.15416904,26.35832981,26.41249859,26.36041796,26.45416518,26.3291651,26.2854141,26.28958297,26.39374745,325.0508472,290.2979646,237.2046334,203.5688823,240.9687399,257.3904414,218.4704397,208.5013796,180.1164353,251.3701869,172.5761302,218.0845128,304.6901501
233,Kota Pariaman,21.40121932,26.64166689,26.62500032,26.93333356,27.04166698,26.65833394,26.62500048,27.00833384,26.81666708,26.61666679,26.69166692,26.60000022,26.51666689,26.86666711,336.9083379,298.483338,275.0500056,204.8250046,273.1250064,320.8250046,302.1250051,242.8083363,259.5833384,269.6166712,250.2083397,275.0000064,330.833341
234,Kota Pasuruan,7.944462957,25.64166689,25.49166711,25.89166721,25.52500025,25.45000029,25.60000022,25.6666673,25.56666708,25.6500001,25.67500035,25.65833362,25.40000041,25.69166724,239.5750057,247.7666738,200.4250046,152.5583356,172.9000034,233.8750038,268.2916743,155.6250021,168.2666703,250.9833324,168.8833337,189.0833373,293.9416695
235,Kota Payakumbuh,525.455388,26.26666689,26.25000032,26.55833356,26.70000045,26.2916673,26.26666721,26.65833362,26.44166708,26.26666689,26.32500029,26.22500006,26.13333384,26.5,241.6166687,225.6250032,199.3083375,154.6333367,203.233338,231.6000061,217.2750041,182.6750069,184.5000045,198.7666702,188.6666686,200.9916706,239.341671
236,Kota Pekalongan,6.519392165,27.50833337,27.36666695,27.65833346,27.54166714,27.49166695,27.54166698,27.53333394,27.45000013,27.51666721,27.60833359,27.61666695,27.35000022,27.58333381,263.1500076,256.0416724,276.841671,204.1833344,189.3416702,246.058335,283.8000069,186.0416709,221.7000092,243.3083366,219.1500031,190.6666697,319.2750066
237,Kota Pekanbaru,24.82597246,28.01536571,28.00260552,28.30703239,28.45885507,28.03698063,27.99609501,28.44114667,28.18515753,28.02760542,28.07448031,27.95442845,27.85208492,28.23489695,267.5179836,262.4242214,222.3291952,175.2836857,236.0465454,250.4342124,234.0286441,205.6464829,201.878957,227.72372,218.7036292,227.7588039,260.4466996
238,Kota Pematang Siantar,394.9577125,26.37403654,26.34570171,26.6515357,26.77653585,26.37403664,26.33736834,26.84820096,26.53153438,26.38403344,26.42320095,26.32070179,26.16236822,26.60070009,242.2811531,247.579228,217.6231535,201.9420466,247.3669044,223.0608406,230.1241923,205.2576533,206.8562157,235.4438706,235.0182445,255.9392662,231.402195
239,Kota Pontianak,4.198943817,27.60000049,27.766667,28.01111147,28.11111138,27.82777829,27.81944471,28.15555599,27.95000018,27.66944493,27.84722259,27.69722287,27.51666684,27.75000026,285.0472268,299.7222265,295.4972263,225.5666707,281.5722271,277.4138942,339.4361165,252.6750039,230.50834,274.8222258,285.7583372,266.2805561,292.3750068
240,Kota Prabumulih,42.23476829,27.86135988,27.83635967,28.1113596,28.27769004,27.99702267,28.00835781,28.12002931,28.07235898,27.83102852,27.96935674,27.88635981,27.85535598,28.08335783,258.3536187,233.269896,247.4341805,173.0983549,239.2216329,233.6805399,226.5550831,179.7355014,170.2352923,250.0148823,244.1260497,225.2004288,306.9230456
241,Kota Probolinggo,23.53673524,26.62500016,26.49166695,26.88333384,26.48333359,26.40833346,26.57500045,26.67500035,26.55000035,26.65833362,26.6500001,26.64166705,26.40833378,26.68333371,246.0916708,260.4416716,198.233339,150.2750038,174.3583363,239.4250059,279.3500042,152.8750038,160.2416675,258.3416659,171.6499981,192.7500035,311.6250013
242,Kota Sabang,147.9791799,27.19166692,27.12500048,27.34166686,27.40833394,27.10833375,27.14166721,27.47500022,27.22500054,27.16666683,27.20833381,27.12500064,26.94166692,27.35000054,277.1500034,205.8333359,239.3416704,197.0916716,252.9416707,182.3250025,191.6333389,154.5083362,189.0000046,156.5583366,132.1833359,140.8583382,213.4166683
243,Kota Salatiga,626.9933435,25.95416705,25.8125004,26.12916708,25.92500035,25.8750004,25.97500062,25.99583387,25.87083387,25.97083378,26.04166706,26.05000035,25.76250052,26.02500017,253.3958364,227.9916734,251.2875039,192.6791685,176.4500036,224.4125065,280.5291719,164.8583361,200.8000017,224.7166682,198.8750013,197.6583335,308.2416709
244,Kota Samarinda,29.74812895,27.87863218,28.01196546,28.16217931,28.16666706,28.06217925,28.08269183,28.35427406,28.16581133,27.98247746,28.05341806,28.0164529,27.89508492,27.92799007,222.5829626,193.5774606,247.0916632,153.4232269,183.3538903,207.6977518,152.4044099,144.9838536,165.8973905,190.2742482,191.2428555,191.9905064,193.6679938
245,Kota Sawah Lunto,431.9229904,26.30000035,26.26666705,26.58333365,26.70000045,26.30833371,26.30000051,26.65833378,26.46666702,26.30000067,26.34166686,26.25000048,26.20000045,26.51666689,280.0666707,256.0916716,228.4500014,169.7500045,226.9250062,263.3833338,242.7750053,202.6583357,214.3583368,230.7000033,209.2583364,225.8666681,275.7250036
246,Kota Semarang,112.0097169,26.25449467,26.11250731,26.42212211,26.25771028,26.19488549,26.28206494,26.29232036,26.18142404,26.26378885,26.34488298,26.35674045,26.07277009,26.32436379,251.7427718,230.7225483,252.8693462,194.0215859,176.9257167,225.2231087,277.7176304,165.9563244,202.8615707,227.1854847,200.9176456,193.0011661,307.2689195
247,Kota Serang,44.86784248,27.66548256,27.4635037,27.71270967,27.97778751,27.78691506,27.78691506,27.67024855,27.70358188,27.65794351,27.85040441,27.74207098,27.617071,27.80794373,254.3694683,261.7303404,272.0799938,154.3593251,192.6328252,232.9875256,245.8903288,159.4392728,186.9555428,200.5813463,176.4157921,165.939302,296.7720114
248,Kota Sibolga,72.23212266,26.60833359,26.58333365,26.85833359,27.00000032,26.61666695,26.57500045,27.03333362,26.76666705,26.61666679,26.67500035,26.55000019,26.42500051,26.81666724,325.2916718,317.083341,275.3916715,249.1416734,309.5083377,290.166673,308.4250056,235.7916749,266.8666738,313.3750032,306.0500062,334.3250058,308.6083361
249,Kota Singkawang,37.15266142,27.17692325,27.33461532,27.56025636,27.66089727,27.38974353,27.3865385,27.75897443,27.52500006,27.23589762,27.42243621,27.26089729,27.123718,27.3519234,263.6762124,289.6114863,274.0365138,242.9678061,281.6230071,291.7093831,356.4433197,269.9433928,243.5774528,279.6230174,298.8806727,282.9190694,288.8774648
250,Kota Solok,651.5959086,26.30000035,26.26666705,26.58333365,26.70000045,26.30833371,26.30000051,26.65833378,26.46666702,26.30000067,26.34166686,26.25000048,26.20000045,26.51666689,280.0666707,256.0916716,228.4500014,169.7500045,226.9250062,263.3833338,242.7750053,202.6583357,214.3583368,230.7000033,209.2583364,225.8666681,275.7250036
251,Kota Sorong,104.1870725,27.21666702,27.32500029,27.48333391,27.49166711,27.52500025,27.42500035,27.45833397,27.54166667,27.54166698,27.45000013,27.44166708,27.35833375,27.65000025,250.8333371,246.1750018,253.6750031,239.3666687,242.9750048,269.6750043,266.0500018,234.816672,251.5000038,249.6250013,287.3333359,288.1416702,202.4833368
252,Kota Subulussalam,130.8644615,26.46369568,26.42763018,26.70481563,26.85577208,26.43951516,26.43678293,26.90071751,26.59976115,26.48268493,26.51451508,26.41219259,26.26410551,26.65877705,308.7504262,295.7255859,267.314297,248.3191759,301.5316762,283.7895824,292.0521342,222.8100259,256.0041915,299.5129763,303.5725268,325.6745788,288.9516942
253,Kota Sukabumi,541.5868436,25.62500048,25.39166705,25.63333368,25.80833371,25.67500019,25.70833397,25.55000051,25.55833371,25.58333381,25.76666705,25.70833381,25.55000051,25.73333359,412.7333412,385.2333349,399.9416784,219.4750048,280.7916727,343.9083392,395.0083478,219.141669,277.408336,293.7333374,264.4916668,252.1083359,479.6000074
254,Kota Sungai Penuh,1171.297422,26.82500029,26.81666724,27.12500032,27.17500035,26.83333381,26.82500029,27.10000006,27.00000032,26.77500025,26.85833359,26.81666708,26.77500041,27.02500041,270.8416684,250.4000053,230.8833357,167.6666702,227.8416735,245.658336,225.266674,194.6583366,211.8750025,228.6500015,222.6833363,215.4416682,271.3833351
255,Kota Surabaya,7.477824208,28.64166721,28.52500057,28.90833378,28.56666724,28.47500086,28.61666695,28.71666733,28.60833375,28.69166692,28.70000045,28.68333356,28.42500019,28.70000029,162.0083387,159.9333354,143.7083364,115.5000018,119.9750042,160.9666706,186.4750032,112.4583368,121.6666692,178.2249989,120.2333363,132.6666693,199.8166691
256,Kota Surakarta,102.0829818,27.05000051,26.87500032,27.19166724,26.95000029,26.92500035,27.04166714,27.05000051,26.90833394,27.02500041,27.10833359,27.10000054,26.84166686,27.09166702,215.2750049,193.183337,213.9333378,169.666669,152.8916685,193.266668,232.1916746,147.4500027,174.3000006,192.8750021,173.0833357,173.9166671,252.9750023
257,Kota Tangerang,14.66816314,28.05833371,27.89166705,28.11666711,28.33333349,28.15833378,28.1916674,28.05833387,28.06666708,28.05000035,28.25000048,28.19166692,28.00000016,28.19166708,247.7166672,252.783336,265.6416702,157.208337,186.3583352,227.3166717,236.4416695,159.8250019,183.2166688,194.3250052,176.4333348,161.4333353,281.8666674
258,Kota Tangerang Selatan,41.88311202,28.05833371,27.89166705,28.11666711,28.33333349,28.15833378,28.1916674,28.05833387,28.06666708,28.05000035,28.25000048,28.19166692,28.00000016,28.19166708,247.7166672,252.783336,265.6416702,157.208337,186.3583352,227.3166717,236.4416695,159.8250019,183.2166688,194.3250052,176.4333348,161.4333353,281.8666674
259,Kota Tanjung Balai,4.950560652,27.67778767,27.64723099,27.96112076,28.08889759,27.68612082,27.6472312,28.15000777,27.8388978,27.6833415,27.73890033,27.63056415,27.46945407,27.90834129,202.1680263,208.4984273,180.0288747,167.1955062,204.8650892,187.2875078,190.1512603,175.4174881,173.0316191,193.2758812,191.8119753,210.2484302,190.5682889
260,Kota Tanjung Pinang,11.59558645,27.49743613,27.5551286,27.80705184,28.00384657,27.64038498,27.59551327,27.94359009,27.77179524,27.55705168,27.63205181,27.51025683,27.41859021,27.7038466,260.4179547,285.3218031,238.2218011,158.9615408,227.7346175,235.8320549,227.4859026,169.7089759,196.2801315,258.6968008,235.2070544,252.162185,258.1480769
261,Kota Tarakan,32.64819659,27.73333375,27.90833378,28.00833384,28.07500029,27.95833365,27.86666711,28.32500045,27.99166711,27.69166708,27.82500013,27.79166714,27.60833343,27.59166718,327.9916776,283.1833369,285.8583361,250.6916666,302.0166753,321.3333384,249.9333356,207.1166693,262.9833361,302.7583377,321.4750086,356.4000117,269.0000089
262,Kota Tasikmalaya,360.93924,25.07500013,24.86666711,25.14166705,25.14166689,25.05000051,25.10000022,25.00833384,24.99166695,25.05833371,25.18333356,25.16666714,24.92500035,25.14166689,316.0750039,291.9583371,329.3583412,196.4333397,221.7666694,272.5666706,309.4833361,194.2916702,235.0250039,234.8833354,238.5000079,212.5750083,358.8333397
263,Kota Tebing Tinggi,22.70752974,27.32500029,27.30833387,27.60833327,27.73333375,27.3250006,27.30000051,27.8166674,27.50000048,27.35833359,27.39166705,27.28333362,27.12500016,27.57500013,221.7333368,228.9333385,200.7333361,187.0416705,227.4083373,204.8000018,211.7583373,192.0083377,191.9500043,219.4000034,217.4750061,237.025006,209.3666719
264,Kota Tegal,3.967600217,27.71666702,27.55000083,27.82500029,27.77500025,27.66666714,27.72500054,27.70833365,27.63333368,27.69166724,27.80000035,27.80833371,27.54166698,27.76666705,219.6416683,220.4750042,241.3666719,167.0833375,167.5666686,208.4666689,226.3083369,164.0333361,188.3666689,194.8416704,189.4250028,161.0500047,258.9916732
265,Kota Ternate,297.8054867,25.94423823,25.97116196,25.95193114,25.96282865,25.99039294,25.89616204,26.05000742,25.95193103,25.91218805,25.9044952,25.9378286,25.88718812,25.82308555,196.996763,211.2396571,189.0429393,149.4026684,183.1666415,205.9011988,188.2179149,145.20327,173.131419,191.5846058,206.3826195,189.9544257,194.3146887
266,Kota Tidore Kepulauan,316.3117998,25.72764207,25.75851933,25.7637826,25.76913355,25.78255442,25.71246687,25.83088717,25.7671162,25.72466012,25.72027356,25.73220355,25.69930891,25.67352008,191.4406877,199.3629783,186.385813,163.5855968,182.0497818,195.9447535,185.8427435,159.8986696,177.1837961,188.9218698,197.0164346,186.2763387,189.0405166
267,Kota Tomohon,774.5781794,24.62500032,24.66666698,24.60000054,24.56666724,24.65000041,24.39166705,24.83333381,24.55000019,24.41666683,24.35000054,24.47500054,24.39166705,24.15000041,249.9000028,294.2916724,234.808335,152.7500012,228.4416733,284.9750023,226.0166719,140.8416677,207.4500033,247.4000069,285.4583403,255.7083378,244.7000024
268,Kota Tual,39.97820741,26.9500006,27.01666705,27.08333413,26.95833349,26.92500051,26.87500048,27.16666683,26.86666711,26.84166718,26.94166724,26.69166724,26.45833381,26.86666679,215.9416739,212.6583411,216.4166737,226.4666697,208.3583393,244.4750042,229.3333384,196.7500008,202.0750004,225.183335,195.8000015,251.4916693,321.5833397
269,Kota Yogyakarta,105.952922,26.75000032,26.55833387,26.88333368,26.65833362,26.64166737,26.72500038,26.73333359,26.62500064,26.71666702,26.79166683,26.80000019,26.53333362,26.79166698,234.1000015,211.4916693,235.4833374,173.1500026,162.7416714,207.7500026,250.5416711,152.2750019,187.0583354,201.2083363,188.8916686,182.3250002,273.1166725
270,Kotawaringin Barat,33.80397966,27.58890966,27.68698543,27.91516578,27.86741978,27.72508679,27.77361949,28.02794731,27.79210038,27.66415666,27.80103539,27.71967815,27.48060351,27.66097887,295.2508478,267.6192015,285.9089565,199.6637916,239.011971,234.3200842,255.4203117,206.0701888,214.6938821,230.5920138,232.7341401,219.2645958,288.8349092
271,Kotawaringin Timur,58.04012226,27.2103069,27.31567673,27.53615827,27.48883971,27.34415233,27.39882627,27.67499639,27.42354881,27.28889589,27.42679473,27.33421507,27.11325091,27.27706026,275.228769,256.58154,271.9753687,200.7078798,252.4787123,246.1763914,268.9349071,202.3766153,217.2473862,227.4503512,225.2631805,233.5958732,301.811484
272,Kuantan Singingi,128.2641189,27.80642238,27.79778299,28.09613914,28.2392974,27.83444217,27.80902151,28.18421331,27.9868886,27.81643763,27.84763023,27.76142965,27.69854748,28.02974049,271.3080128,263.2392565,223.4253487,163.5801506,229.0385025,255.8479447,229.7555629,195.5563723,205.158687,233.7919315,216.2569347,224.3421285,269.4544933
273,Kubu Raya,13.59334512,27.53733849,27.68926,27.94607996,28.03395263,27.76404366,27.77208871,28.08438512,27.88529718,27.62105572,27.78834727,27.6503062,27.44857759,27.66855859,285.869563,298.7868349,297.8613165,224.1791613,280.3728116,276.2276394,337.8328659,249.5179778,228.2814207,272.8430004,285.3108556,263.107011,291.5442105
274,Kudus,134.9452486,27.10000038,26.95000045,27.25833368,27.05833387,27.01666721,27.13333337,27.14166657,27.03333378,27.10000006,27.1833334,27.19166692,26.91666698,27.14166737,243.7416687,233.2416717,247.0500034,210.6583384,181.7916726,231.5416706,277.6416696,177.3416688,206.5416696,236.9166665,206.1500041,196.7583344,300.8500036
275,Kulon Progo,173.5872296,26.75000032,26.55833387,26.88333368,26.65833362,26.64166737,26.72500038,26.73333359,26.62500064,26.71666702,26.79166683,26.80000019,26.53333362,26.79166698,234.1000015,211.4916693,235.4833374,173.1500026,162.7416714,207.7500026,250.5416711,152.2750019,187.0583354,201.2083363,188.8916686,182.3250002,273.1166725
276,Kuningan,438.6124307,26.51518887,26.3396189,26.60800236,26.5953721,26.49882121,26.57036792,26.4904859,26.45111588,26.51519132,26.62697237,26.62697482,26.3766896,26.59824062,290.2280786,275.2318207,309.4250231,197.7310664,212.086891,256.0310999,285.7929243,191.6384712,225.8024931,225.3540432,231.269404,203.308827,330.4447397
277,Kupang,298.1152628,26.04819066,26.03270204,26.1318251,26.05083789,25.90747711,25.99008919,26.3420775,26.00499252,26.00111354,26.03699059,25.75933489,25.60481901,25.95163961,96.44753847,53.84255514,57.69020636,48.56922806,83.5853516,144.0600729,110.0234063,122.19303,132.4054378,178.3131426,133.3574589,168.6001856,143.7533427
278,Kutai Barat,95.47723041,26.6242979,26.77552896,26.95917421,26.98094381,26.82892561,26.85566369,27.16924752,26.9360123,26.73819267,26.84859321,26.77231362,26.60010175,26.69101398,282.8618938,254.1978261,308.9262723,197.1597646,246.4977632,264.983244,222.114919,189.681991,217.8438389,245.573256,240.2610805,254.6522571,267.1136825
279,Kutai Kartanegara,213.7297522,26.99807489,27.15996669,27.31707595,27.36744783,27.22845532,27.23275312,27.55175377,27.32309992,27.10798805,27.21246627,27.14633831,26.99610433,27.0487171,241.3556784,216.900439,262.6561833,180.820683,207.8574669,228.9435199,181.9255548,168.3276588,193.4736682,214.1601619,215.1519583,217.3623909,219.5418323
280,Kutai Timur,221.3349219,27.2556447,27.42870982,27.55280405,27.62828073,27.50053422,27.46371384,27.8122341,27.55801292,27.31503566,27.42864003,27.37369526,27.22142818,27.24530812,211.5655952,195.4616737,222.7138333,175.6821986,185.5600795,202.5624029,168.8988209,156.1928132,179.7503299,198.3156085,200.5312916,202.6545318,193.86174
281,Labuhan Batu,27.19960053,27.78783167,27.76315416,28.06735334,28.2068249,27.80294789,27.75882668,28.25611215,27.94519565,27.80785692,27.86735361,27.73111209,27.59048108,28.00727531,226.2736185,229.1072307,197.704146,180.5344822,222.9056184,209.6953793,210.3570416,189.6416847,187.517261,208.3564145,206.5805546,226.8284237,217.3698316
282,Labuhan Batu Selatan,53.0224878,27.89382733,27.86865121,28.1857885,28.32516573,27.90603341,27.86477823,28.35157302,28.05028258,27.9211167,27.96841599,27.82674907,27.69863988,28.10808776,228.0349611,225.6429497,197.141847,176.7501844,218.770376,211.5930898,210.9228409,187.0734305,184.5109032,204.9993036,202.3864628,221.0362414,220.7371048
283,Labuhan Batu Utara,145.7535883,27.23193897,27.20945092,27.51489819,27.64492037,27.24908767,27.2073142,27.70287941,27.38941758,27.24801957,27.30726059,27.18081687,27.0388855,27.45458814,232.4237902,236.6945883,204.5638226,187.8756271,232.6614136,215.4700147,218.1841002,194.8721775,194.7712806,217.5985092,215.6047344,237.5776256,223.102992
284,Lahat,465.2742185,25.87523718,25.85744073,26.12456151,26.27519015,25.99756349,26.02342277,26.12292988,26.07614576,25.8132376,25.9743754,25.91214769,25.90838567,26.12020843,274.7076572,244.524568,261.7742753,190.6869619,256.5447972,246.1056435,231.5819825,204.7398632,196.600404,267.8317933,269.4629645,237.2526565,326.8533228
285,Lamandau,142.8227836,27.1387886,27.24492209,27.49055076,27.48579982,27.31748849,27.34213505,27.61373297,27.3866194,27.20765605,27.36569764,27.2695705,27.02640637,27.20680508,302.3213837,284.2481755,306.086853,214.6912978,260.2330506,252.5297699,279.5885023,224.5929511,228.555939,251.5987943,263.2585457,238.9169394,286.6355308
286,Lamongan,36.09604287,28.41828268,28.27200454,28.62079605,28.30594011,28.2588511,28.4023265,28.47913337,28.3375708,28.43324511,28.46065791,28.45945336,28.21658215,28.45704074,158.3140532,149.7808811,150.3654785,123.2143173,118.0618403,156.0247561,183.8298518,114.2663355,132.0724692,166.5826041,122.5087844,132.5171809,193.4013476
287,Lampung Barat,857.6361815,24.20552155,24.10517812,24.38018006,24.65298085,24.37487456,24.40220413,24.33640026,24.38159035,24.10644614,24.34274286,24.20037638,24.22537295,24.40595171,282.1035198,271.1354493,278.9785292,190.8370414,250.5384382,264.2059164,271.4179123,200.0455769,213.140427,263.8293347,240.2203923,222.8711694,328.7008426
288,Lampung Selatan,81.61747276,27.07310718,26.90247498,27.17266236,27.47144462,27.24467592,27.25400598,27.12786365,27.16479089,27.00185163,27.25376606,27.09565724,27.06095757,27.23075817,211.3683,216.4289675,227.0697116,141.3206179,174.9165652,207.5507738,210.2485999,145.0134069,152.7579373,185.441598,163.6414726,154.4660309,247.170967
289,Lampung Tengah,72.86859655,26.80525108,26.69560674,26.98302144,27.27959425,27.01230747,27.01907315,26.9524581,26.98397032,26.74350397,26.97146521,26.81131929,26.80244173,26.97942471,223.1660929,223.1988655,240.8534691,164.3795839,196.4232482,222.296998,226.5096699,165.6863549,159.8949421,213.2917798,188.6899423,178.7957201,257.1306597
290,Lampung Timur,33.13783701,27.409486,27.27420465,27.54592231,27.84268515,27.59909943,27.60772444,27.52063004,27.54655891,27.36571443,27.59114899,27.4368848,27.40134989,27.57370241,201.5011402,205.0416412,222.2748592,145.918397,172.9754022,201.0993408,204.0002226,147.6683459,143.8613456,186.4663858,164.4444724,155.915504,233.2689472
291,Lampung Utara,168.8285937,26.3714453,26.28008609,26.58417693,26.85947784,26.58531066,26.59440223,26.54425443,26.57940359,26.31417709,26.54167467,26.38872125,26.39530964,26.57788667,243.4435676,240.1462931,255.1420828,180.7522134,218.3216752,238.013907,239.891612,182.7905005,176.6462142,235.7714733,211.3013718,198.5973936,278.8843425
292,Landak,134.160367,26.85953352,27.0234825,27.27236995,27.36835847,27.11170713,27.09599842,27.44998329,27.22368951,26.93629316,27.11289821,26.9473441,26.77270648,26.99716274,276.597539,292.5437385,280.1090757,240.6601001,282.1056466,302.0037899,366.7508521,271.1701174,243.6083048,275.1224778,296.4754564,276.1445025,290.8579127
293,Langkat,332.2855555,26.79243209,26.74876328,27.04866948,27.18134486,26.78272071,26.77747049,27.25210656,26.94157897,26.80562205,26.85440971,26.76047382,26.58984027,27.01641416,270.3158306,270.554005,244.7455186,222.4566614,268.3287705,245.8588841,247.0378373,213.6790644,226.965508,265.7688401,252.0341782,277.6917003,250.4303696
294,Lanny Jaya,3071.182426,16.76345885,16.90986547,17.05098842,17.03693548,16.96258871,16.83758877,16.82614996,16.9638411,17.00338544,16.88884127,16.89336149,16.8301257,17.16111918,240.3215497,296.9868576,242.1152889,269.2697561,237.2025316,256.6275092,247.6202613,241.7455889,248.7862301,248.8438758,262.6187621,254.7637633,265.1453665
295,Lebak,295.8315908,26.57444268,26.34375308,26.58662088,26.84963155,26.66341896,26.67792391,26.51228879,26.54939817,26.52739027,26.7344012,26.65369821,26.51527254,26.70166486,370.1032682,368.1280974,377.1077385,210.5332941,269.5620469,327.2951016,353.890684,217.0975803,261.9432893,278.5921187,248.1627133,236.2318162,428.9411837
296,Lebong,1086.546776,25.75025988,25.74699171,26.02251923,26.0639742,25.77905592,25.77589283,26.00258375,25.92103929,25.70764637,25.77810898,25.76829841,25.73538464,25.96017618,250.40314,234.3324863,235.3927467,181.6815882,234.6276154,233.6468498,211.1725762,197.6057758,199.1306339,233.8095309,242.384722,216.2545049,274.4098483
297,Lembata,304.4765857,26.05432453,26.03861025,26.11575083,25.99884753,25.98099282,26.0643262,26.19300884,26.08027715,26.12706639,26.01813506,25.87087346,25.85789792,26.01955973,120.4731598,95.12870445,93.1137285,70.13621913,98.42259261,137.8588349,125.0006487,120.1734595,122.1112958,169.6919836,136.1116555,161.5436733,154.5545955
298,Lima Puluh Kota,609.9345176,26.58428448,26.56208092,26.87041417,27.01560439,26.59619733,26.56314363,26.97293098,26.75022419,26.57874753,26.6380876,26.52550357,26.42628674,26.80604047,247.3005629,227.5921172,204.317733,163.2462549,211.9051507,237.1072208,225.5295332,190.2671175,187.8382589,201.8980457,195.2037499,208.538986,243.6393213
299,Lingga,55.93840252,27.6676818,27.73612991,27.97894145,28.13931087,27.8003158,27.76997227,28.05680443,27.92932356,27.72124463,27.78587559,27.70311434,27.61558271,27.8660279,254.8801019,261.299967,243.639174,156.6757212,232.3620325,231.6614501,223.8926681,159.5039033,186.4446215,257.6787631,227.5118328,231.6526112,279.1263671
300,Lombok Barat,234.3979774,26.29879554,26.20975977,26.57467072,25.99616441,25.93432129,26.26809311,26.40230169,26.20800416,26.37379544,26.34265472,26.3194105,26.12292018,26.36282768,199.5219439,237.0057316,145.2056223,102.6844003,139.9045826,205.1461703,232.9833372,118.4531332,104.9921448,172.2606908,139.2401418,159.932689,236.8984497
301,Lombok Tengah,284.4778298,26.37615255,26.29199831,26.65033171,26.06863968,26.00948579,26.35033167,26.48284429,26.28366523,26.45115239,26.41781924,26.40115251,26.20197315,26.44117789,190.7173969,227.9953024,141.6300541,100.6248371,136.1836607,198.148241,221.9545618,115.4740554,101.562624,165.33296,135.8934688,156.2481613,223.7212189
302,Lombok Timur,565.276734,25.96143796,25.87451552,26.23538222,25.64941285,25.58527635,25.93063488,26.06987399,25.87599671,26.05068033,26.00057124,25.99403857,25.79256076,26.0259934,194.2866312,234.6188051,148.3267867,107.0369964,141.7513909,205.8437083,226.0310899,122.3711643,105.7232432,172.7568081,144.1243323,165.0736689,225.1473068
303,Lombok Utara,555.5523246,24.70833365,24.61666711,24.97500022,24.40833394,24.34166718,24.67500019,24.80000051,24.60833375,24.78333378,24.75000048,24.73333375,24.54166683,24.75833368,220.8583349,264.8000038,168.2250028,124.883335,162.1250037,231.2416676,254.2666702,142.1666692,122.2000026,198.5916703,165.8916711,184.458333,257.025006
304,Lumajang,487.8969306,26.57468198,26.42077084,26.81936385,26.40350504,26.33683624,26.52157052,26.60049015,26.47779958,26.58051115,26.60329581,26.5913487,26.34225512,26.626089,261.1045942,276.5848677,203.3124219,145.2066914,178.0132527,248.9983781,301.9005705,151.7590825,163.978773,268.4918649,170.6117112,196.5079415,343.3257151
305,Luwu,546.2273313,24.91736509,24.91915142,25.05069312,24.88993557,24.87404199,25.00439165,25.03926978,25.054216,25.12688734,24.96980762,24.92998486,24.99945186,25.02652915,351.612945,313.5836479,290.3778558,238.5399906,282.4245815,286.5243889,244.3820772,230.3167477,213.3552885,267.0644795,201.8684493,236.0913412,344.6172394
306,Luwu Timur,625.9734201,24.54007077,24.55376828,24.61819319,24.54555737,24.55683182,24.64166493,24.62126072,24.71620472,24.78167476,24.57696138,24.55290948,24.70162097,24.60652153,287.2107487,252.722963,259.7655052,204.305055,245.5111137,225.0826363,197.0223256,201.5004303,185.0169861,202.9381677,181.7154651,184.8392442,305.397213
307,Luwu Utara,1171.149262,22.0638546,22.09004391,22.1836293,22.10775707,22.08789827,22.18168165,22.19843347,22.23880085,22.28083415,22.13775541,22.09665425,22.18029821,22.1536859,309.8321073,279.0876796,282.6570807,243.4390582,272.3077913,269.8635725,237.5644174,237.3533931,227.0036771,255.8012894,223.1846718,238.9275143,300.6904374
308,Madiun,231.4318778,26.71696795,26.53466319,26.8964991,26.58685291,26.5337861,26.68392818,26.72311526,26.59372597,26.68714677,26.74518621,26.73919439,26.49518658,26.73626952,224.8870871,205.7038998,211.5802616,166.8758575,157.6702419,208.5853711,257.7767185,154.3975273,183.1343054,214.9990887,168.9457839,182.644026,275.9821575
309,Magelang,656.3095421,25.87358633,25.70604131,26.02300074,25.82212211,25.78535431,25.86868771,25.87702091,25.76868781,25.86035426,25.93535423,25.94770778,25.66898042,25.93133382,259.5763138,234.443266,261.0923156,193.9145807,180.5111661,229.2623517,281.931767,168.3760953,207.6379841,226.560019,207.3204851,200.773917,309.8898772
310,Magetan,419.7720506,25.94038476,25.77863293,26.10128241,25.81453031,25.77115398,25.89957305,25.93290609,25.80042757,25.90705159,25.97286361,25.96453039,25.72286352,25.94957321,225.3431667,203.8559865,216.6677365,177.77949,161.8273568,207.8873962,251.078423,158.9322685,186.5335533,210.1442359,178.2004281,185.4519257,267.8215862
311,Mahakam Hulu,520.370945,24.67280793,24.86235761,25.05396561,25.16203492,24.97014373,24.95195625,25.32236642,25.06675587,24.80466692,24.95282405,24.85515415,24.64859211,24.75006666,312.9501927,288.9937245,317.1227947,258.0350514,290.7934278,302.4560928,270.6284504,253.8227517,269.8489616,282.3646154,283.4696108,287.1723987,291.9237749
312,Majalengka,371.5157253,26.41348878,26.23947545,26.49388344,26.5282035,26.42967305,26.46594475,26.38114218,26.35761162,26.41054998,26.53554982,26.53261181,26.29094475,26.51447536,261.4646821,258.1392012,290.027372,195.0742555,203.0346986,237.8208872,251.2144826,190.1663822,212.9777014,210.2345583,223.5295291,190.7198952,287.7149939
313,Majene,465.0974167,25.36951412,25.3872031,25.55605984,25.38604029,25.32507525,25.46673613,25.57272953,25.50972086,25.52989375,25.46264227,25.40606217,25.38501215,25.46322559,343.1383925,294.3956063,280.5504278,230.9219169,261.7327441,293.9545885,234.7856359,232.8046219,224.3646927,277.417812,223.5778561,258.8622468,293.2294734
314,Malaka,210.9441172,25.19027255,25.19933073,25.2935859,25.15779474,25.03841681,25.11356032,25.54658419,25.05722673,25.04573677,25.17287326,24.7743321,24.55924883,24.99745617,77.64522393,40.84504287,51.04267642,42.61587314,68.06531008,120.1374397,97.12458494,105.0772846,116.7354431,149.5990546,116.2818275,147.6542193,123.3225501
315,Malang,623.9771823,26.13240978,25.97160261,26.36955799,25.9988669,25.92252305,26.09074308,26.14413171,26.03080111,26.12783868,26.17138587,26.15015123,25.89391511,26.17934261,261.0053021,269.8959718,211.7933405,159.0923702,181.9403518,247.5025464,299.1924782,159.8244358,178.2745902,265.9924822,173.6621556,196.8552018,333.9386819
316,Malinau,794.059198,24.61044116,24.81625568,24.96700787,25.08866464,24.91034976,24.85266624,25.2657224,24.97929644,24.67106182,24.83769176,24.75252707,24.55910964,24.61147874,304.0944093,277.2021269,285.6792583,248.0695601,283.677131,293.3942779,232.2200956,231.2232368,251.6168811,279.3297521,281.4337653,299.2856454,281.8483688
317,Maluku Barat Daya,343.3625864,25.65072478,25.72878837,25.79538244,25.52680869,25.5478107,25.5644781,25.97277463,25.39912144,25.37096832,25.55655659,25.09217151,24.75783204,25.26782083,143.4905477,139.2657264,142.1432285,143.2396057,139.3487699,144.9152055,137.4831439,135.0542987,138.3789501,152.8490325,129.6364549,150.3461307,166.8242351
318,Maluku Tengah,405.040579,25.16905852,25.24575466,25.30801472,25.26809194,25.24399541,25.197938,25.24483778,25.22987984,25.23223466,25.20720059,25.17968786,25.10256122,25.28280548,206.9867194,220.4995662,209.4527996,213.8493268,200.7375678,217.3094619,210.8619709,206.1022991,212.2566995,210.7383405,224.4552673,222.5823072,208.5106664
319,Maluku Tenggara,152.2198858,26.9500006,27.01666705,27.08333413,26.95833349,26.92500051,26.87500048,27.16666683,26.86666711,26.84166718,26.94166724,26.69166724,26.45833381,26.86666679,215.9416739,212.6583411,216.4166737,226.4666697,208.3583393,244.4750042,229.3333384,196.7500008,202.0750004,225.183335,195.8000015,251.4916693,321.5833397
320,Maluku Tenggara Barat,62.30488138,26.60852076,26.66902569,26.73428934,26.45864251,26.46277707,26.44252663,26.96264562,26.34910626,26.29910761,26.5020704,26.03245472,25.62685783,26.23304288,179.3174939,173.0785933,183.5903106,212.1187642,165.6850321,207.2702091,172.261745,148.8547959,170.3451176,209.3784552,146.3683214,205.2907253,265.8746331
321,Mamasa,1305.303575,23.06607354,23.07936645,23.23234212,23.0817542,23.04484681,23.16408799,23.24246478,23.21012327,23.24147067,23.1488133,23.09781938,23.11607425,23.15873161,363.9719748,316.2738537,296.9878562,254.1938283,285.458842,311.3468485,256.0114942,254.6820714,243.137682,295.907387,238.960955,274.614357,319.0676565
322,Mamberamo Raya,174.4415182,25.44180401,25.59870813,25.74218911,25.72751526,25.65816933,25.52995862,25.52349821,25.65759147,25.69824509,25.57504296,25.58996032,25.51164441,25.86371734,230.51901,275.9611926,209.7676856,235.9874231,190.4654374,244.9533034,233.7850523,209.7879377,230.7353694,228.0887858,244.2138042,249.2668108,257.3902863
323,Mamberamo Tengah,1133.606132,22.34209735,22.47804361,22.62132779,22.6075836,22.53550608,22.41050604,22.40130162,22.53550595,22.56971044,22.45758347,22.46504603,22.40876393,22.72816812,201.2999466,288.6254317,212.0560122,254.06935,204.8251413,227.6641622,217.2808091,209.3983683,218.427388,219.9808031,242.9413729,224.6739151,246.2392007
324,Mamuju,722.2983468,23.57655211,23.60384653,23.73209266,23.62426319,23.59168178,23.6845126,23.76005213,23.73951293,23.76172051,23.67059467,23.61301209,23.64088966,23.67397103,313.7970384,275.4680541,282.6421677,231.2331232,258.01054,278.9714493,229.6389128,230.9590963,228.3010582,262.8614555,231.0529384,248.807703,280.6257504
325,Mamuju Tengah,607.2850351,24.32221259,24.35715925,24.45121466,24.38493825,24.36878901,24.43622933,24.49624216,24.49669513,24.51665651,24.41756059,24.36885341,24.40858118,24.41839864,249.7444615,226.7450107,244.0389035,197.9277688,215.9999926,232.0964006,195.0431321,195.3607538,199.3682431,217.7190175,204.9393986,211.0718706,230.9837603
326,Mamuju Utara,358.0198204,25.06079843,25.09815248,25.17510195,25.14401647,25.1205517,25.17060999,25.23828247,25.23958204,25.2412342,25.14986442,25.11623679,25.1368618,25.13124641,196.1034655,181.3467235,203.1703228,160.9904588,173.2815313,186.3121185,158.3858955,156.774147,164.545879,175.6281444,171.8507188,174.2951199,182.2181756
327,Mandailing Natal,506.0430498,26.62489776,26.60024651,26.9058228,27.03804719,26.62999867,26.59470124,27.03959948,26.78383331,26.64264168,26.68205866,26.55785095,26.45427117,26.83269247,245.0416422,221.4396832,202.2584071,173.5773108,220.4692671,232.5458378,230.8661986,186.596767,187.073074,208.7124928,204.2397645,220.4800121,241.1452792
328,Manggarai,642.7795702,24.52951831,24.50005702,24.75828461,24.34184282,24.24116999,24.53306009,24.73178417,24.52963755,24.61959342,24.47541135,24.40772865,24.36217962,24.61033846,293.055882,322.8171189,232.9618797,164.8593276,244.0212722,291.9599288,236.475735,191.3138529,137.6452276,286.8162591,225.9403054,294.5211407,269.0252778
329,Manggarai Barat,333.3427692,25.21538778,25.17691539,25.44306011,24.99982527,24.90103627,25.20443824,25.42119633,25.19474448,25.2892408,25.16229621,25.10208033,25.02252737,25.28483355,241.4231311,276.809444,202.4456713,144.5515667,205.2923064,249.3213566,210.4644536,161.4718459,117.5466844,240.1306319,191.2301481,251.4058185,232.0559163
330,Manggarai Timur,598.6111899,24.39397268,24.36511717,24.61623083,24.22093998,24.11992365,24.40058146,24.5932514,24.40812841,24.48903467,24.34688424,24.24532773,24.22794811,24.48013798,294.0183272,307.9282719,228.3983039,158.1857801,246.7596751,296.4441502,221.784059,199.5573263,144.480382,305.0235274,239.1804747,300.787063,269.5131977
331,Manokwari,360.9368224,24.31924994,24.45309272,24.63021926,24.67775417,24.7246942,24.61296002,24.64646348,24.74025543,24.73651352,24.6236731,24.60292516,24.49016882,24.86057756,244.076036,231.5845317,234.038651,214.2417775,207.5776114,288.4936049,248.6620258,214.3340553,228.291647,236.926768,252.2532594,274.5257296,218.4998752
332,Manokwari Selatan,639.9411872,24.27523901,24.41236788,24.58461486,24.60715977,24.60091281,24.47479663,24.49719391,24.61497514,24.61772843,24.51356159,24.50433375,24.41326204,24.76489954,255.3420178,242.7625129,244.8025512,222.3901701,216.943443,302.2938047,260.5443367,221.5544486,234.962098,248.9337473,268.1148738,291.9489785,239.6920114
333,Mappi,23.18789099,26.09931867,26.18915238,26.28062331,26.26494318,26.21882314,26.14555361,26.14406309,26.2159999,26.23682263,26.164878,26.17483573,26.11257988,26.33132085,341.9873495,302.5110408,297.9413919,304.4627302,286.4645212,288.4633136,312.6247356,282.7857752,323.2927593,317.3294262,327.1033464,312.6440679,377.1011012
334,Maros,355.7917689,25.22099443,25.18673847,25.43025037,25.04947134,25.01914928,25.24993123,25.35085674,25.24900872,25.37840532,25.24206065,25.21451534,25.17053463,25.30178256,368.9146403,334.3685539,274.3961938,241.4926088,284.3969703,290.8874747,265.5490398,264.773518,217.4864145,315.4473012,219.4515037,279.5952646,338.1758938
335,Maybrat,291.2210278,25.94814076,26.07205336,26.2189731,26.25985623,26.25061764,26.14228402,26.16287737,26.27398767,26.26088281,26.16813019,26.16052061,26.07440906,26.41299635,296.4704968,285.1166881,306.9387492,277.9101651,286.0285817,348.0723978,332.4966517,259.5485608,283.7657578,295.2121989,338.6121982,356.1304421,238.4379081
336,Melawi,237.752765,26.19011249,26.34368212,26.57714327,26.62472976,26.42483578,26.43827574,26.74079777,26.51017845,26.28169453,26.46703636,26.35111754,26.11430118,26.26536908,303.8669159,294.4500021,304.1622718,244.9303966,279.8726093,295.8278428,329.0318211,265.1999241,255.7508494,271.6364379,285.1501518,271.1860331,298.0725505
337,Merangin,537.583348,27.33691814,27.3340128,27.6306417,27.68667686,27.3654827,27.35051471,27.61825418,27.52145814,27.30460178,27.37261029,27.32600613,27.2837899,27.54563553,266.4632423,248.6165376,237.7122974,175.9587203,235.1472419,251.4028846,222.2795874,197.7054357,208.359967,238.1108986,235.8783632,221.9084544,281.4872164
338,Merauke,19.35789575,26.2122974,26.25851627,26.30957662,26.27388472,26.25482743,26.21599125,26.25569065,26.24973244,26.25092521,26.23421936,26.20554356,26.13721905,26.29651756,230.1057847,197.3400998,202.6331759,200.7958326,191.3850054,191.104587,207.5081304,186.6564369,228.3460316,215.1666032,221.7448171,215.9665529,266.4580387
339,Mesuji,15.30028814,27.77993899,27.7244687,28.00930758,28.26303394,27.98073168,27.98358902,28.0171674,28.00660801,27.76319684,27.96057376,27.80176603,27.77946449,27.96621191,230.0160982,221.8539843,237.0460649,167.0277965,202.6899404,217.6653753,224.255096,168.8799605,152.1191304,222.5722697,199.4616409,189.6515367,263.1669854
340,Mimika,403.1441199,23.48031351,23.62403116,23.76566342,23.72899553,23.65731614,23.54514144,23.55911696,23.65596888,23.68477363,23.59075984,23.56774681,23.48014079,23.83584905,283.3272947,285.9378367,276.9011681,278.8598213,270.8487755,286.9319838,281.4399893,270.9059152,272.6984104,279.8178284,290.8075855,296.846479,301.5431919
341,Minahasa,512.2281804,24.72617222,24.76875031,24.70208388,24.66783912,24.75117228,24.49466182,24.93268277,24.65117207,24.51875015,24.45208386,24.57708385,24.4955733,24.25299516,251.326435,295.9623761,236.143622,153.5220066,229.7450581,286.5190128,227.4330785,141.6984387,208.6112013,248.7225325,287.015111,257.1657596,246.1683615
342,Minahasa Selatan,443.880792,24.52251378,24.57397854,24.50460925,24.48208669,24.55810035,24.3142952,24.73388746,24.46271713,24.33377652,24.25855109,24.37960931,24.31114174,24.06710992,236.2795864,277.6080936,221.9668055,144.4451327,215.7819024,269.1992478,213.7739512,132.8296295,195.7513322,233.4725745,269.3837018,241.0019166,231.2994206
343,Minahasa Tenggara,402.1960878,24.6589317,24.70813878,24.63770203,24.60436858,24.68770204,24.45198955,24.84841427,24.58393172,24.46567889,24.39901246,24.52024237,24.44444929,24.20655275,238.0504034,280.0781861,223.7617791,145.2398519,217.5647733,271.4288331,215.565799,134.0855492,197.4213886,235.2261728,271.8292248,243.3196054,233.1218552
344,Minahasa Utara,230.1130219,25.21798905,25.27813302,25.19757851,25.17354377,25.24552515,24.98755482,25.42789179,25.15373695,24.99721724,24.92487481,25.07885821,24.97451251,24.74081588,267.7439084,315.6177778,251.7267942,164.0497025,245.2608442,305.182184,243.2428643,151.9662902,222.7452025,265.2240663,305.6390772,274.6498775,262.7158905
345,Mojokerto,325.0991508,27.0070817,26.84575159,27.22407474,26.88691539,26.82192278,26.97141941,27.03459236,26.91324888,27.00458811,27.04141584,27.03008638,26.77958937,27.04458136,208.396624,207.7289004,185.338559,146.3384328,152.3784669,203.7871689,235.5484143,143.4669242,159.6707846,215.6849158,153.6885596,168.9747226,252.7377613
346,Morowali,458.7261606,25.43694013,25.45657264,25.50708371,25.45373892,25.47019168,25.53625232,25.50253408,25.61292666,25.69385408,25.46937271,25.4665388,25.6423944,25.49934835,263.7140841,236.062085,237.1918983,178.313617,220.2436348,195.7524212,176.0967558,180.7630671,165.3199105,174.2341831,167.4456995,159.4495564,290.4254716
347,Morowali Utara,678.777453,24.24393825,24.27392434,24.30512713,24.28623905,24.29471262,24.33611781,24.3330321,24.41507482,24.46406623,24.27743278,24.27357343,24.40240861,24.26293998,222.1752064,193.8301226,214.2122045,178.5395256,203.6883993,181.1483684,162.7906948,174.0250323,162.2505821,166.1977606,161.2476475,154.6853302,233.9402054
348,Muara Enim,265.4060843,27.01357819,26.99954646,27.27224291,27.43753398,27.1608048,27.17105763,27.26890177,27.22158418,26.97271442,27.12703476,27.04595108,27.03062188,27.24989593,271.6560801,244.4469274,261.4553949,184.174354,251.4929172,244.8482462,235.7691464,194.2965252,184.1805801,263.653328,258.3406372,234.8477802,323.4390047
349,Muaro Jambi,26.50645802,28.16168741,28.18540089,28.46200958,28.56304867,28.23407783,28.21927013,28.47900043,28.37231103,28.17216806,28.22889179,28.17674467,28.10285246,28.36161665,248.9681468,240.1297125,233.1021161,158.5298836,226.6518184,238.1823796,215.5439705,171.0930337,176.525887,245.6565593,228.772051,221.2906763,279.6922571
350,Mukomuko,277.6265472,27.10733959,27.10629242,27.39291285,27.42762931,27.12053066,27.12119647,27.36286663,27.2794843,27.06805381,27.13562652,27.11376717,27.0857658,27.32614908,262.8888945,246.4548063,234.9367839,179.357565,232.1691161,241.2862949,223.7305644,199.8988586,212.6387675,230.1252255,232.9973436,217.9602371,269.2707237
351,Muna,107.478412,26.13482565,26.14643436,26.25357281,26.10819264,26.11161658,26.24985921,26.22351761,26.31109269,26.39636259,26.15283409,26.13170454,26.28795827,26.26272975,248.205919,240.7690931,211.7892688,152.6909801,204.7243374,173.5237381,184.702722,166.6220525,152.6772157,177.0610005,166.8098175,163.1558737,276.3040145
352,Muna Barat,47.25530461,26.42979835,26.43636412,26.5583338,26.40303066,26.40126304,26.54469726,26.5214652,26.59798004,26.67954598,26.44469739,26.4179297,26.57449529,26.55808125,257.2853588,250.0250028,217.3090933,155.7974773,207.7904081,182.9573274,187.5217199,168.3191938,155.5472239,181.4179342,166.6032871,165.7219728,285.2775305
353,Murung Raya,411.402577,25.11819131,25.29053479,25.4945484,25.55912233,25.37335191,25.38479119,25.72096266,25.48181912,25.24321987,25.39403252,25.28931141,25.07404951,25.19193938,312.2963998,294.0491813,313.9704155,261.8316419,291.3487542,305.2106639,288.5406096,262.0727918,274.2716642,286.2782605,283.7532867,291.0172322,300.5365804
354,Musi Banyuasin,30.91850466,28.13875642,28.15881991,28.42307008,28.52521663,28.21926902,28.2137805,28.43090011,28.34268561,28.14428935,28.21086313,28.17008608,28.11108257,28.34450648,258.3636021,238.0443509,242.6444401,166.991627,240.992128,241.4513329,223.3781445,177.912647,174.8684899,252.2270512,242.7780291,226.0209314,301.7806983
355,Musi Rawas,147.664617,27.67694726,27.68176166,27.95025437,28.03766847,27.74254748,27.75280632,27.94122454,27.86725108,27.6500898,27.73228942,27.70148133,27.67471945,27.89470759,277.6525109,251.2844708,261.9598292,190.3798745,261.5947721,256.1853683,232.8697388,204.5735878,200.2158562,269.2342515,271.3044004,241.4842005,323.6658738
356,Musi Rawas Utara,300.4139973,27.66202162,27.66956391,27.94497794,27.99432391,27.68788332,27.69810974,27.93006707,27.8362308,27.64218801,27.69521834,27.68344023,27.62551873,27.86591309,269.9240072,249.0757496,252.5080685,183.8032593,250.3283893,253.8728801,225.6692264,202.1939069,201.826324,254.6110248,255.5701312,230.6207414,303.9309592
357,Nabire,462.5926311,24.18791428,24.34081958,24.48837796,24.45668611,24.38452023,24.25764097,24.25946443,24.38318922,24.41677887,24.30296219,24.30979671,24.22308338,24.58006739,284.573306,281.2948193,262.6449562,253.0095808,235.5162891,308.0166218,280.2475462,248.2522796,260.544021,274.3807646,297.1908145,318.6444524,313.747522
358,Nagan Raya,483.5956746,25.45775617,25.38438924,25.64897057,25.77673023,25.42419794,25.4034195,25.84384747,25.55505397,25.44778893,25.50623598,25.40150629,25.24199324,25.64542407,303.4072666,265.6540531,266.7783333,238.5077204,259.0694877,209.9471005,222.111816,174.645488,206.4891537,251.9657962,199.4977732,216.8242605,236.6253896
359,Nagekeo,380.4125953,24.98341852,24.98242247,25.19025936,24.84908846,24.76600466,25.00717383,25.21711712,25.02433776,25.09175289,24.94000953,24.83317081,24.82832244,25.06625427,236.234371,236.1453854,175.4279311,119.9016095,200.663477,254.645584,176.3236623,174.7787081,131.4914257,275.8829639,210.124304,256.4768571,235.9077936
360,Natuna,44.08507359,27.73140098,27.89550455,28.13717109,28.21537852,27.93396386,27.92883776,28.32883801,28.07819352,27.80127493,27.96794155,27.80896375,27.6705045,27.90896404,255.4615357,246.491512,255.592275,206.7823288,213.893779,255.298888,258.6791556,220.8238348,250.3632962,239.6824032,250.1927782,274.6455022,265.8306254
361,Nduga,1131.535324,20.24508453,20.38392443,20.51987543,20.50868426,20.43924822,20.31160223,20.30591493,20.44093353,20.4722821,20.36364821,20.37140887,20.31256327,20.62673664,270.681002,317.11617,275.2450388,298.1834379,270.2290667,285.313251,278.2873471,274.0405707,279.3152022,279.6128899,291.3154431,283.9420329,292.4210936
362,Ngada,656.3964401,24.56905611,24.55418084,24.78119074,24.41314834,24.31969122,24.58203183,24.78444361,24.5943735,24.66674219,24.52306465,24.41368416,24.40630113,24.65333953,271.3543012,278.399431,206.3843312,141.6180466,228.6441512,282.1222803,202.9453557,190.7714087,140.3340023,296.6773031,229.550349,284.4837847,257.9060948
363,Nganjuk,216.7060919,27.06278716,26.88282162,27.25015131,26.93469774,26.87771443,27.02959052,27.07570133,26.94625967,27.03806325,27.09303104,27.08591073,26.84007645,27.08685008,216.164246,202.7352482,201.2312876,159.0379764,153.7133346,204.182294,247.3165066,149.7102031,174.7997622,211.6697277,161.7618912,176.0149666,263.9560384
364,Ngawi,186.3834243,27.0731636,26.92920773,27.24913424,26.97244681,26.93645863,27.06242394,27.10820056,26.962786,27.06290502,27.12618926,27.13476922,26.87159859,27.11556494,199.8077892,180.1005878,191.2756036,153.353816,140.3742519,183.0170447,227.7961202,134.708806,160.9836459,185.8899207,153.2304563,161.5829403,242.5746312
365,Nias,121.1335536,26.0333434,26.00001008,26.27500984,26.40577927,26.02212503,25.99584305,26.41731716,26.16315071,26.02500984,26.08815089,25.98077922,25.88142015,26.2202023,299.582898,274.8149391,257.1048718,233.184491,296.8575673,294.9359003,317.4096922,225.3410558,248.5479408,271.2951029,290.4983917,305.8277873,299.1508596
366,Nias Barat,98.16826521,26.15809747,26.12966653,26.39486167,26.51446968,26.14633283,26.1120189,26.52402814,26.28334251,26.14731282,26.20589133,26.10172564,26.00148013,26.33481314,293.026904,269.5502044,257.7515567,237.8652084,297.6896042,295.4801635,316.120885,231.4595932,247.6635647,265.7398725,289.5569814,304.7461277,298.3710256
367,Nias Selatan,142.9044116,26.62160957,26.59462589,26.86645086,26.99343475,26.60526045,26.58660992,26.99089483,26.75010175,26.61010123,26.67192697,26.56843472,26.4716095,26.80208535,294.394526,265.4779693,254.9845179,224.1472823,284.3239213,288.1574235,310.2258213,233.8139207,240.6896491,253.0850843,270.0174265,281.8730454,299.985547
368,Nias Utara,64.94378966,26.19444492,26.16111147,26.43611155,26.53769906,26.17817515,26.13730214,26.54642879,26.31190535,26.18611155,26.23690509,26.11269888,26.0206352,26.35436524,291.3888936,269.0492117,257.1269923,242.2238152,300.1793731,295.7928582,314.0051611,229.4043711,249.3353214,269.1940534,294.6107192,310.4448446,294.7793663
369,Nunukan,463.2617991,25.76684303,25.96383,26.07781558,26.16042631,26.02413612,25.93854044,26.38199013,26.0619336,25.74645439,25.90539714,25.8429615,25.64635339,25.67184789,307.8407797,268.525488,267.1447597,229.1476821,272.7922915,298.1403488,211.4910513,197.9008867,240.512518,270.377397,276.2352997,318.5067811,268.8085925
370,Ogan Ilir,18.18591027,27.82485865,27.82515498,28.09386822,28.27661321,28.0041732,28.01024165,28.09072677,28.05497587,27.82084381,27.96828011,27.86243267,27.84364577,28.05855941,238.5541798,218.9348014,232.9498354,162.4125102,218.2783511,218.0900146,215.7660288,165.4591209,155.1133179,231.6985375,221.3624067,206.6420778,283.3115391
371,Ogan Komering Ilir,12.56526686,27.77778012,27.76989929,28.03666084,28.25434569,27.97368683,27.97826709,28.06593748,28.01800641,27.794458,27.94680227,27.82035537,27.79296912,27.98497374,220.7848343,205.2876905,220.2880407,154.3522568,195.8540888,205.0425995,211.9092216,150.935627,142.5239348,214.9142306,198.878202,190.1718924,258.7597164
372,Ogan Komering Ulu,226.069478,26.41519243,26.39126006,26.65975735,26.86275066,26.59049392,26.59384732,26.64304132,26.63140161,26.35955493,26.54669555,26.44552727,26.44298524,26.64771292,269.8629437,248.5331113,267.3698957,185.2600605,246.7430922,244.1733302,237.8010066,201.0234322,187.6440279,260.682982,249.9206259,226.4952727,320.1718529
373,Ogan Komering Ulu Selatan,626.9082804,24.4984609,24.43893151,24.71717165,24.9463775,24.67327631,24.69234752,24.69055268,24.70184272,24.42003781,24.63646755,24.52587213,24.53707258,24.72397475,275.0050675,257.5368592,271.9223843,188.6751368,248.5210095,248.9323038,247.3546296,206.7045727,202.463975,262.0300598,247.1588909,223.9053725,324.268955
374,Ogan Komering Ulu Timur,64.20568255,27.43707494,27.4014795,27.67273694,27.90187144,27.62159839,27.62533841,27.65567402,27.66190932,27.3947894,27.58639661,27.46462983,27.45663199,27.65323222,250.7532987,237.4208484,253.5961893,177.4834861,226.0008707,231.202684,230.1965182,187.2952105,170.6626971,243.169606,226.8857035,209.1802355,292.5313585
375,Pacitan,409.6748296,26.42982132,26.25505907,26.59167525,26.29778038,26.24437898,26.3869813,26.42735549,26.2881547,26.40822256,26.45963415,26.47477053,26.21198102,26.4639715,238.8681486,213.579153,228.0324281,175.4177298,166.2214452,215.6177116,262.6210283,162.4414478,193.0213581,216.4702167,184.6540329,189.9139842,281.2614484
376,Padang Lawas,310.4303712,27.28482139,27.2593992,27.57933571,27.7159393,27.29679336,27.25270106,27.71498934,27.4424164,27.31425133,27.34943069,27.21678326,27.10059171,27.49362945,216.7626726,202.5304147,181.1385021,158.5011525,198.8112618,204.1566713,200.872816,171.2614219,165.723291,187.6945606,183.3469746,199.1375174,211.4765579
377,Padang Lawas Utara,237.4079955,27.39072095,27.36091393,27.67822186,27.81530967,27.40070316,27.35963123,27.83788119,27.54534578,27.41297479,27.45862379,27.32052876,27.19859715,27.60015306,236.0913745,229.4917735,201.6055041,179.0382424,224.4807646,220.5954233,220.3355404,189.0345771,187.1550846,212.0173858,207.8847831,227.0919518,230.4552585
378,Padang Pariaman,256.9259571,26.37486141,26.35465927,26.66337134,26.78041724,26.38685634,26.3542806,26.74190705,26.54354816,26.35579592,26.42208348,26.32612359,26.23445659,26.59354817,309.6167689,274.5044255,253.6003781,191.9934629,254.0109702,295.975092,280.0300195,226.3368506,237.8945589,247.6338129,232.2379168,254.4251691,304.4823452
379,Pakpak Bharat,712.7854217,25.45011052,25.4084438,25.70288679,25.84177699,25.42788897,25.41955566,25.8751104,25.59455564,25.46677498,25.50288884,25.38899879,25.25011056,25.66122018,304.2284211,295.4696543,266.6360657,246.2749338,301.5001702,280.9644118,291.8314101,229.5550074,256.4224904,299.0279243,304.0976208,327.7613644,289.9059657
380,Pamekasan,100.9693242,28.0530789,27.94882716,28.31606665,27.9437878,27.87285726,28.05173349,28.14049104,28.01820308,28.11335453,28.11955766,28.09823951,27.85560623,28.12129707,162.6684873,168.0837627,140.892086,111.5717176,119.5886896,159.785853,188.4015017,112.5367731,116.5870011,183.5638735,122.1399085,135.6276657,201.9495388
381,Pandeglang,124.6019157,26.94409048,26.7251929,26.964065,27.25533732,27.06003496,27.0854251,26.88319966,26.94499501,26.87883286,27.11674926,27.01277381,26.91031098,27.09677488,352.0645434,366.827741,368.3001622,207.8386099,268.2256735,327.6301457,336.7321069,221.1339766,257.7290026,274.5894132,244.3081755,233.3018319,408.2158774
382,Pangandaran,171.8216334,26.4813325,26.27841727,26.57688773,26.5205014,26.43605586,26.50744505,26.42383378,26.38675085,26.45786181,26.58202796,26.57758307,26.33119379,26.57119201,364.0139572,313.7925308,349.7858477,176.9027455,224.773984,296.3546049,372.4341321,175.5992119,244.9367444,255.6031527,229.405666,219.830365,434.5977031
383,Pangkajene Dan Kepulauan,131.398588,25.6666673,25.64166721,25.86666711,25.50833368,25.48333391,25.70000029,25.80000019,25.70833397,25.83333381,25.69166708,25.66666698,25.62500048,25.75000048,358.7916692,323.5333417,264.4666754,230.616669,272.7666705,281.8250027,252.6000055,249.7416688,207.4000051,298.3166769,206.9250022,260.675006,332.9416707
384,Paniai,2201.175904,19.07403001,19.23340443,19.38136559,19.34933451,19.27941361,19.15245841,19.14264904,19.27377148,19.31075018,19.19868317,19.20654094,19.1261578,19.47928418,279.0035795,279.3969409,257.2547087,257.6756808,234.9992657,283.3846457,269.278792,255.8010856,262.2793338,270.1797129,282.1524002,298.6759797,296.3802579
385,Parigi Moutong,500.4690146,24.98290003,25.06800236,25.11244629,25.12965034,25.09290742,25.05651125,25.26052285,25.14366384,25.03659099,25.01017231,25.00717407,24.99486177,24.90250033,140.6817556,139.2482016,142.0146799,136.7486823,138.0435973,139.4228848,136.1061031,135.5814839,136.9562063,137.9442679,138.2556352,137.9722528,139.357797
386,Pasaman,738.6341243,26.34484665,26.3168075,26.62783692,26.76666045,26.34249355,26.30916041,26.73842468,26.50788584,26.34469923,26.39744459,26.26754252,26.17519001,26.55435631,233.6881017,210.0992815,193.5037828,161.6803846,204.9078563,223.8231893,216.5300077,182.2887242,176.7869291,190.8538729,187.0530208,201.8922522,229.2622886
387,Pasaman Barat,239.8723841,27.16375768,27.13763298,27.44770441,27.56222396,27.15435069,27.12526068,27.54934051,27.32060835,27.16207048,27.20977002,27.08742854,27.00639572,27.37669209,241.8932908,211.981562,199.953662,164.2113008,210.8594756,232.6531157,226.5853688,184.8208328,185.2016787,195.8817593,191.7725554,208.2434721,238.0277506
388,Paser,143.4477615,26.68567062,26.77410805,26.94238331,26.89084194,26.78517599,26.85009296,27.08839014,26.90234328,26.80245729,26.85615604,26.7896483,26.66637277,26.73807976,273.5021669,244.4569049,294.8325995,187.673153,254.4776723,257.4590681,228.6906647,191.5169505,205.3834444,239.0127361,230.0673382,248.1019981,272.0480183
389,Pasuruan,491.506242,25.78783805,25.64031574,26.03907711,25.66745521,25.59245522,25.74493269,25.81655465,25.71283824,25.79988751,25.81993274,25.80450481,25.54988781,25.83907712,240.5436992,249.6507951,200.0992165,152.2189214,173.1167826,234.7000041,269.9354801,155.2162186,167.0737645,252.0771387,169.2945946,189.6283823,296.5702728
390,Pati,95.77220289,27.25259511,27.10963903,27.40717285,27.18957058,27.15576567,27.27653923,27.30658735,27.17266754,27.25881608,27.32160937,27.32536562,27.06538982,27.28052977,212.6222653,200.4526963,212.6054308,176.3100136,154.6338443,199.4288353,247.8864187,149.3443412,176.7558608,207.4400247,172.9552749,170.4258145,267.8265119
391,Pegunungan Arfak,1650.29037,20.93406728,21.07933878,21.24624228,21.27798019,21.30126716,21.17874965,21.21698845,21.3179338,21.32177508,21.21249609,21.18962377,21.0925783,21.45309879,261.8651146,248.6077361,253.2901267,229.3346733,226.3560608,308.039044,270.0691265,225.1855103,241.4683682,255.3840658,274.1785023,298.7741049,234.6430343
392,Pegunungan Bintang,1132.684535,22.54055602,22.65358712,22.76166205,22.7538065,22.69346342,22.5985246,22.59241681,22.69178989,22.72516976,22.62940883,22.64999096,22.58633778,22.84146026,392.7157487,520.0016202,405.6713713,470.7789078,391.2415512,430.6378032,413.6607118,401.4785368,416.4145535,418.4865681,452.179025,429.8714916,457.549045
393,Pekalongan,403.58175,25.84936927,25.69068725,25.97597281,25.8469008,25.79459527,25.85469823,25.83962964,25.76303161,25.83448358,25.92207409,25.94139618,25.66427237,25.90292285,356.4539655,334.6680157,370.6521917,262.5939742,253.3754314,322.6406989,378.9896653,239.4640459,290.1657502,309.7799586,291.6753387,265.2481739,425.9536692
394,Pelalawan,35.73276831,27.81418708,27.82586002,28.10807479,28.26290619,27.86525688,27.82762721,28.22809728,28.01669987,27.83785758,27.87055857,27.77902165,27.69290011,28.03284801,249.9873978,253.071104,209.7157083,152.9596459,218.0121223,233.58281,210.0798278,176.8150152,185.877618,224.0869199,207.4999254,215.1860817,245.0136926
395,Pemalang,307.2114854,26.71595519,26.55262427,26.83040312,26.73874461,26.66429396,26.71762837,26.69318853,26.62596187,26.69096019,26.79096124,26.80929008,26.53707051,26.77317792,343.2715455,322.972248,360.5600754,238.4224915,242.7575402,308.7401558,356.3013661,226.7862423,271.8450827,282.6054067,274.8981557,246.0949886,404.1885809
396,Penajam Paser Utara,87.42347707,27.41173702,27.52682055,27.6903182,27.67195122,27.55240825,27.61121069,27.85833694,27.66878139,27.52464806,27.5982412,27.54618688,27.41250048,27.47529347,252.3017207,222.3430453,276.8287723,172.4224401,223.2175767,236.3042064,191.9604759,171.2081775,187.1970469,217.9656373,213.9825374,222.292913,239.1580723
397,Penukal Abab Lematang Ilir,33.29128864,27.88937766,27.89075107,28.15695976,28.30210628,28.00998221,28.02664855,28.16043987,28.10210662,27.86877319,27.98058627,27.92756447,27.89029351,28.11923091,270.0870011,240.5919445,254.141855,179.5933176,250.817495,243.9997297,232.6341636,186.0631886,178.3030248,262.0108139,258.433887,237.3901136,320.2546761
398,Pesawaran,265.7331132,26.55610724,26.39188941,26.67237983,26.98051294,26.73751777,26.75276159,26.6257349,26.67004358,26.46210672,26.72511585,26.56525189,26.5597682,26.72409849,218.0436475,222.0461441,230.5247875,144.8829364,182.8077612,215.4661132,219.0750191,149.2301131,158.2247052,194.2801146,171.7641201,162.747702,256.5400588
399,Pesisir Barat,298.679217,24.88529225,24.76062268,25.02885406,25.31462309,25.05640614,25.08071863,24.97823103,25.03286075,24.76625212,25.02244821,24.86268215,24.89288322,25.0745253,282.1045286,275.8788616,275.1553111,182.7960759,245.3264672,268.8508494,281.0325716,188.6299923,218.3301368,255.9607996,231.8781682,218.4402872,332.3947029
400,Pesisir Selatan,531.3552994,26.30160183,26.28189228,26.58648747,26.67033096,26.31034717,26.29602434,26.60740524,26.47409967,26.26595743,26.34193881,26.27970461,26.22789725,26.51313663,303.341715,275.1967237,249.9694065,177.3514106,244.3415045,274.7174891,251.2585741,212.0319366,233.0550602,249.3479379,230.2003796,236.3653306,297.4443092
401,Pidie,712.3065914,25.70575623,25.62781257,25.85967899,25.9721815,25.63603044,25.65722765,26.03970944,25.78234993,25.6832089,25.72793908,25.63161536,25.45147315,25.86519314,259.6086074,209.3693232,228.1176921,193.0617332,225.9828776,170.7289231,180.244083,144.5859589,175.9929731,175.5997354,141.118144,154.4139759,197.3656653
402,Pidie Jaya,628.8041268,26.38188912,26.30567334,26.54143885,26.64387091,26.30220437,26.34733987,26.72720424,26.4640063,26.36522275,26.42233977,26.30098816,26.120087,26.527204,245.6467333,201.1505816,213.7930928,181.7013982,211.0436373,163.5285587,173.2726948,137.6126244,169.3092698,169.772896,141.595199,150.6990439,188.1691132
403,Pinrang,354.9347525,25.30224181,25.32316721,25.49418239,25.26132107,25.23567405,25.39613136,25.45844584,25.42650335,25.49835339,25.37501938,25.33048381,25.3466896,25.4259435,359.9304066,316.9009393,270.2520326,235.1689392,270.5526171,294.3625835,244.2679622,235.7371374,210.271059,279.252979,198.2482416,244.9312559,331.5549779
404,Pohuwato,466.8063,24.48494782,24.58654144,24.60270718,24.64355411,24.6338548,24.49569463,24.84359936,24.60525753,24.44105014,24.42921021,24.48257996,24.42183334,24.25598636,167.8685988,172.600594,165.1409217,151.894427,162.0401572,170.6178585,163.7136083,147.5600632,158.4903987,167.0701027,171.0485044,163.6058614,165.5374151
405,Polewali Mandar,334.9943203,24.69843522,24.71528092,24.8779142,24.68866924,24.65193125,24.80336318,24.87397285,24.83203823,24.86232372,24.77764636,24.73248517,24.73194829,24.79144525,365.6378539,316.4002675,280.5867751,245.1362445,274.3224726,308.0835833,249.9841185,246.3051996,231.53267,292.358979,224.0391595,268.8116254,313.9864745
406,Ponorogo,433.6199102,26.38936991,26.21228787,26.56089751,26.2571964,26.20603972,26.34909467,26.3841626,26.25453352,26.3595058,26.41633919,26.41656341,26.16726442,26.40846174,232.6574008,211.6066092,219.5049087,173.5279788,163.565631,213.9330276,261.8162063,160.2621469,189.1008552,217.5664842,177.5846158,187.9211973,280.1803074
407,Pontianak,,,,,,,,,,,,,,,,,,,,,,,,,,,
408,Poso,1023.829198,22.72113026,22.75209096,22.80174464,22.77408349,22.77040847,22.81849527,22.83545506,22.90113635,22.92538054,22.79476995,22.75761782,22.85098917,22.77957682,224.2270989,206.9456494,219.2840833,195.658914,211.5613902,201.8227631,187.5546208,192.9155659,186.6684691,193.126858,186.4533801,186.1015542,226.8500148
409,Pringsewu,180.8443396,25.23790385,25.09346163,25.39230722,25.69647336,25.43605339,25.44021985,25.33814009,25.39508278,25.13258186,25.39438604,25.22609866,25.24832383,25.41776639,244.0085131,244.0893162,251.9793783,161.1199411,209.1752999,240.5905915,249.1065321,163.4285121,179.268882,223.2416104,196.6136678,186.7435533,289.4371529
410,Probolinggo,584.3312143,26.34470572,26.20888373,26.60323217,26.1958588,26.11827126,26.29987939,26.39164251,26.27133659,26.37478435,26.3773688,26.36491674,26.1289985,26.4004533,245.0309867,261.7355765,198.5078111,150.5081399,174.7231838,240.668877,278.1448775,154.1367834,160.5349731,258.0165866,173.8689747,194.0025603,307.9184755
411,Pulang Pisau,16.79157263,26.89172776,26.9522425,27.13499666,27.05611801,26.93805775,27.0350516,27.28803071,27.02851279,26.95544551,27.07653846,26.98940594,26.79179421,26.93567405,247.4561706,223.1781954,237.2133086,169.5312928,243.9765063,227.5717842,249.7075298,172.0574763,190.5797659,208.3830891,196.5040288,222.5551292,284.2464173
412,Pulau Morotai,280.6621065,25.66410287,25.68461572,25.71538496,25.73782105,25.80064149,25.73653879,25.88076969,25.80641058,25.72243601,25.71153906,25.73717982,25.65384659,25.66474385,188.9480809,190.9980808,187.9666706,182.9692352,187.1461559,190.3416716,187.6897476,182.2532069,186.0660275,188.4269255,190.348722,188.263464,188.6083368
413,Pulau Taliabu,324.729584,25.0215761,25.07499358,25.06995731,25.06995719,25.10718743,25.08926167,25.09579697,25.15508858,25.17894922,25.047595,25.07607241,25.16797822,24.98272647,162.5389856,159.6816079,159.8605478,147.3327142,157.0837741,158.3979035,150.6140802,142.2854697,147.0562311,150.379033,154.6860981,148.5098361,162.5458147
414,Puncak,1699.037489,19.10659324,19.26390246,19.41109829,19.38860582,19.31605966,19.18347899,19.17544405,19.31422569,19.35640384,19.23628475,19.25174083,19.17007689,19.51910686,261.8165272,282.6730835,244.6123264,256.7620428,229.5929129,267.8354888,259.1990188,244.6958946,257.1352752,256.0714274,265.8878895,273.0770306,277.1263819
415,Puncak Jaya,1270.32755,19.75930802,19.91764135,20.0598669,20.03896279,19.96764138,19.83784498,19.82597466,19.96396272,20.0128452,19.88840386,19.89981163,19.82173734,20.17001527,245.7039791,284.7114708,232.2468185,254.2099077,222.5064789,255.8091978,246.6468136,233.5079444,247.2441656,244.4361357,255.7731059,257.1386417,264.8324763
416,Purbalingga,369.8602826,25.97682958,25.8101631,26.08678919,25.97865876,25.91524404,25.96849625,25.93841509,25.87682996,25.94512243,26.04187035,26.06687,25.79024443,26.03191084,415.0368008,382.7199269,430.9485859,279.4969541,287.9957389,366.8872018,430.2414681,264.1953336,320.8284609,332.0174831,325.8355749,297.1628072,487.1853727
417,Purwakarta,305.4342797,25.9578883,25.76295318,26.01050254,26.12766621,25.99890712,26.0404079,25.91442954,25.91132262,25.96458873,26.09710634,26.09040622,25.86736822,26.0640975,264.8850374,250.6833681,274.3672828,168.3767526,192.6256945,230.8777318,250.2333664,167.4640024,192.6876934,197.3552492,196.1293359,176.647195,292.505162
418,Purworejo,182.7755133,27.13703729,26.94027823,27.26018572,27.07083365,27.03888927,27.11203735,27.10509282,27.0069449,27.1087967,27.17870389,27.19212987,26.92037088,27.18379666,270.6648186,242.7296336,274.0750039,190.0370417,184.5430604,239.5226888,287.1930609,169.6967629,209.9800965,219.0884316,216.5291695,205.2060217,314.4328748
419,Raja Ampat,162.304768,26.61776583,26.72215958,26.84493036,26.87039298,26.88010628,26.79104203,26.80892615,26.8854543,26.87831215,26.79928648,26.79710221,26.72514158,26.98339182,210.1414601,211.3074753,207.3427775,201.4542243,199.8260276,213.1508218,210.4873075,203.2832644,208.6605765,208.6934705,243.0440181,236.1583105,187.3454893
420,Rejang Lebong,757.9613143,26.25878869,26.24164688,26.51617082,26.59283383,26.31009358,26.31449871,26.51474341,26.43688278,26.21104984,26.30045146,26.27223969,26.25307078,26.47628514,253.8593116,234.1251066,241.5308578,183.6596602,242.4688741,235.7349111,211.9568402,199.0463314,197.0359275,245.6476372,254.1392398,221.9208282,289.5081851
421,Rembang,96.34164149,27.49074114,27.36327191,27.65848804,27.41450669,27.37530906,27.51095729,27.55972264,27.41682142,27.50617307,27.55617326,27.55617299,27.30972266,27.51450664,178.6336449,165.4433671,175.1950646,140.4595694,126.4754655,165.8634283,213.3612712,120.441669,146.4501554,175.9168256,137.9271624,143.5021623,228.7952197
422,Rokan Hilir,22.07624251,28.17185217,28.14949998,28.46765101,28.60680638,28.19027613,28.14315335,28.63319774,28.33680674,28.21130474,28.24634947,28.10146362,27.98406798,28.38600586,227.5126552,226.0826207,197.1038111,173.3706663,214.2400224,210.8684014,205.6493108,188.1056403,181.7158411,200.7471766,198.651134,214.7695584,219.7914036
423,Rokan Hulu,98.59066725,27.97320759,27.94618086,28.25528403,28.40086091,27.97723065,27.93647727,28.40080234,28.139959,27.99041459,28.03887402,27.89692229,27.79709421,28.17882917,233.3324824,219.5310349,195.8478515,167.8204955,211.2022141,219.8459244,213.2913761,188.2488843,177.7901678,197.0758041,194.4911688,208.414889,227.0755649
424,Rote Ndao,85.57910817,27.24546651,27.22213253,27.32213242,27.23968941,27.06102517,27.17513574,27.58346002,27.22213479,27.2196915,27.25790941,26.96980386,26.80369703,27.18791134,100.9299624,68.44133793,62.03258221,52.86091381,90.35151836,136.1046511,100.5796029,109.8821907,111.5700031,170.302258,119.9343607,147.1935218,127.8372234
425,Sabu Raijua,91.61494158,26.61225684,26.5855981,26.71893147,26.53503212,26.35003985,26.55226495,26.99057441,26.59393151,26.61893152,26.57447385,26.33171451,26.2033969,26.61059823,104.215167,98.65112169,72.86951133,55.99512814,95.03499475,133.0612739,80.88824374,97.71756383,81.26433622,149.826965,106.8917462,125.9211075,121.7741086
426,Sambas,38.37486584,27.18127715,27.35586666,27.57498868,27.681239,27.41092677,27.40266725,27.78082891,27.55966049,27.2624508,27.44306866,27.27848643,27.12312988,27.35233303,285.0655523,306.675606,287.7017623,269.5450476,302.3230299,334.2263546,401.3792433,303.3847587,266.3454961,296.4523815,319.9731594,313.624489,311.6704839
427,Samosir,1396.913359,24.17914541,24.13502881,24.4369884,24.57841009,24.1746106,24.14348317,24.59924599,24.32865536,24.18306559,24.22436675,24.12546621,23.97926965,24.40279546,277.4962794,275.2290511,247.0864992,227.5018397,278.7719821,254.2318021,262.751032,219.9125518,233.835575,272.3938977,271.7453696,296.2847625,266.0606708
428,Sampang,67.1778984,28.17193,28.07935262,28.43370454,28.08623499,28.01268586,28.16757783,28.26757799,28.14257787,28.23370457,28.24058708,28.22392051,27.9773617,28.24547927,177.5897942,179.6995999,151.203051,116.0083463,126.8785795,169.5149861,208.0088299,116.4766551,125.4481521,196.6092606,125.418351,142.0864399,226.6495965
429,Sanggau,80.42944437,26.86456698,27.04352117,27.28024906,27.37809361,27.13277798,27.12172919,27.45428108,27.24842618,26.96329393,27.14005924,26.99051777,26.78038518,26.98607052,298.4867174,302.9405622,296.1056823,246.2719862,291.0766829,317.3959682,377.8397277,277.2889551,252.304609,279.0952158,301.8348827,282.1783607,301.6812836
430,Sarmi,230.1463173,26.08091136,26.22936542,26.37338446,26.35837202,26.28569601,26.15896541,26.14890146,26.2857715,26.32610349,26.20758329,26.21766291,26.14618185,26.4843609,195.3784187,273.0627613,195.5853926,236.0621962,185.547735,219.2403624,208.1835689,195.7923146,209.6498672,208.6893838,230.1890822,218.661088,237.6323926
431,Sarolangun,169.9105988,28.194586,28.19811766,28.4884137,28.54829403,28.23522616,28.22068301,28.47421752,28.38478063,28.16622469,28.23381803,28.20133959,28.14228616,28.40343452,273.0329786,253.1243531,251.2633481,180.291998,246.9354418,259.9398881,227.7850822,201.1381673,204.5392616,253.4396625,249.1186169,230.8153653,301.0548581
432,Sekadau,117.7067195,26.78606386,26.95653783,27.18516583,27.29669599,27.05729239,27.05635827,27.36612873,27.151222,26.89533099,27.07245046,26.94094883,26.70775934,26.88703372,307.3843891,304.2711342,303.1960334,246.1127531,290.8463875,318.5855429,370.6650027,275.8724148,256.1427574,278.0468051,299.4864952,281.0720445,304.4780207
433,Seluma,344.3791031,26.54786961,26.52931546,26.78623642,26.91170036,26.6462921,26.65588341,26.77931622,26.72412794,26.49189899,26.62491176,26.57617012,26.58135693,26.7818326,251.0983297,228.5531707,239.4808358,186.8099997,237.9506578,228.4817417,209.9168144,202.6587335,199.8796548,241.9121287,249.8698518,217.3374616,288.436482
434,Semarang,553.5298214,25.78712161,25.64545498,25.96075803,25.76136401,25.71000037,25.80727336,25.82606116,25.70378844,25.8024247,25.87393983,25.88363675,25.59545508,25.85863654,258.8796998,233.0766728,257.3877303,196.5266675,180.234094,228.9827336,286.2693987,168.2606086,205.5318195,229.4689406,203.4922738,201.4069693,314.9671243
435,Seram Bagian Barat,378.4156414,25.8796003,25.93939071,25.98920975,25.97305282,25.9601341,25.924945,25.94452011,25.94714395,25.95132832,25.93411316,25.90642278,25.88185975,25.96748801,192.1270268,206.3419167,196.3447982,202.0205306,188.5128787,203.384575,196.4989277,192.7428758,198.7634018,196.7178386,202.9211097,202.6553234,195.2613529
436,Seram Bagian Timur,228.1531487,25.79493673,25.88471469,25.9731224,25.92182903,25.8836776,25.80167945,25.87830361,25.86308787,25.85864368,25.84601001,25.78983232,25.66861335,25.93827729,225.8301779,235.263417,225.751558,227.5463832,218.3791842,243.6436075,241.6712738,218.1605739,221.0546054,227.2342206,246.9134456,247.9775321,254.3530458
437,Serang,99.84749368,27.50271314,27.3100967,27.55731868,27.8270478,27.63471177,27.64160691,27.50865932,27.54544029,27.48662196,27.69409343,27.58039531,27.46325068,27.64926531,262.368166,270.5426061,280.094456,160.2562137,200.2471372,242.7818844,252.8567776,166.2273395,191.9518393,208.2561528,183.8275682,172.9694418,305.0522086
438,Serdang Bedagai,61.07137568,27.09705972,27.07403245,27.37967621,27.50216734,27.09213225,27.0720598,27.57707871,27.26390639,27.12448013,27.1630098,27.05539301,26.89634307,27.33621926,229.5979881,236.3018891,208.2602741,193.3488492,235.0404281,212.3474082,218.6256233,196.7975553,198.9086116,229.8852099,227.0178664,247.2246286,216.4878392
439,Seruyan,91.26171442,27.23094279,27.32627582,27.5459301,27.50499549,27.36018008,27.41489372,27.68099955,27.43240396,27.30431982,27.45443189,27.36442415,27.12587464,27.29628216,282.7518131,267.5992697,280.7017171,209.1566718,249.1199209,246.0194734,276.2238149,211.1408272,219.6509339,235.6037778,236.1547812,230.427168,301.4601758
440,Siak,27.71540502,27.94419413,27.94020659,28.23476165,28.39158664,27.97681186,27.93092744,28.37734795,28.12374421,27.96275196,28.00495551,27.89204709,27.78164302,28.16032433,254.675842,255.0203503,213.5334175,166.9595841,224.8671521,235.3345043,218.0902154,192.3759635,191.80256,222.0288557,210.621351,219.5984245,246.8543063
441,Siau Tagulandang Biaro,286.9620683,NA,NA,NA,NA,NA,NA,NA,NA,NA,NA,NA,NA,NA,NA,NA,NA,NA,NA,NA,NA,NA,NA,NA,NA,NA,NA
442,Sidenreng Rappang,336.6502866,26.02019601,26.0286158,26.20386731,25.94137445,25.92377311,26.10063938,26.15327584,26.12122091,26.21790402,26.07376918,26.0291263,26.0626334,26.13388797,340.3239147,303.9823091,257.2853538,212.86259,255.249847,270.4590781,227.3461804,211.8042633,189.4796457,254.8565255,178.3238653,220.4024665,327.6771594
443,Sidoarjo,6.207550262,27.6814418,27.55206341,27.93890069,27.59066175,27.50688683,27.65118263,27.73934869,27.63145084,27.71610026,27.73057032,27.714781,27.4573252,27.73582934,186.4574994,187.2916719,162.1703428,127.8173466,136.7522476,183.9318946,212.2748683,126.4016874,137.1356445,200.7181764,135.9284035,150.6465922,229.2533011
444,Sigi,1061.620241,22.93582684,22.96805035,23.03153138,23.01086647,22.99605081,23.03212305,23.08505078,23.11216074,23.1226394,23.0131591,22.98279056,23.02952906,22.99597208,200.0628724,189.5028513,202.4125244,177.2556689,186.844023,191.1714656,174.4044711,174.936954,177.9851603,184.5861756,181.727783,182.7399019,193.3775694
445,Sijunjung,377.7467825,27.03418824,27.01851372,27.32816965,27.44999551,27.05025997,27.03881797,27.40766731,27.21216454,27.03947929,27.08293159,26.99516695,26.93425423,27.25826248,273.5211077,256.7014248,223.3322364,166.0125245,225.5168565,257.0643629,234.2440744,197.8917876,207.9610706,229.413849,210.1555544,222.0013876,270.1713804
446,Sikka,395.0609697,25.98326801,25.99441225,26.11439286,25.8895964,25.8374924,25.99170592,26.14451228,26.03176352,26.07453598,25.92955673,25.81218739,25.83799034,26.00003648,164.0390335,149.3677309,116.8663238,87.91822516,133.6861363,181.0978977,140.9566039,137.5667458,120.1775621,206.3897453,157.4932377,187.1487444,186.501911
447,Simalungun,564.3746691,25.95634519,25.92487567,26.23108266,26.35890536,25.95482648,25.92500704,26.41463019,26.11489359,25.97266181,26.00981466,25.91051089,25.74978984,26.18998037,250.3074786,254.0529438,225.4546982,209.0598724,255.0549435,230.5238796,237.7628367,209.6044417,213.9932855,246.4053952,245.5143038,267.4779453,238.9574832
448,Simeulue,75.88966092,26.2236193,26.16749246,26.38914386,26.53301616,26.19028685,26.18195337,26.55858735,26.31030259,26.2164296,26.26144548,26.16757218,26.04861983,26.37639655,294.6057649,276.8681273,277.993126,261.911878,283.6652998,263.4344475,268.7342135,233.8990094,248.1721169,269.3139777,257.993687,265.6879327,271.1933907
449,Sinjai,436.1797993,25.94166709,25.88611148,26.1375004,25.76527806,25.72500029,25.96666711,26.05972281,25.97222305,26.09861158,25.93055583,25.89722256,25.87638925,26.02361161,333.5083376,314.9152815,257.3625042,208.0986132,259.858338,271.9000049,236.1416696,221.831949,197.5208368,271.8208399,190.1888958,232.686117,338.002779
450,Sintang,236.6393605,26.17154635,26.34833724,26.57477823,26.6586171,26.44013055,26.44437509,26.76827492,26.5392154,26.29027665,26.4633104,26.34208778,26.10291303,26.2600097,308.9929827,297.437943,299.5634871,259.239438,293.9667141,321.1268351,346.8518617,282.0570983,270.5112914,278.5818536,293.1078526,285.4954521,304.6031505
451,Situbondo,305.5907216,25.93563245,25.80229927,26.19750991,25.74980874,25.66772078,25.90105418,25.98084335,25.86293134,25.96896587,25.98917649,25.96417658,25.72126477,26.00000051,174.5480889,197.6034526,149.8053665,120.4505794,132.0360162,182.8639877,198.7620738,124.0156169,121.2555579,192.7852523,143.3947347,150.3966506,207.4848693
452,Sleman,305.0702068,26.76818215,26.57752578,26.90202056,26.67601039,26.65883906,26.74419231,26.75252552,26.64217235,26.73535389,26.81085875,26.81818203,26.55202048,26.8098488,232.9590926,210.3820735,234.1772769,172.9388914,162.1447015,206.8722248,249.4295501,151.9825777,186.285103,200.7032857,187.9335879,181.8154042,271.8959653
453,Solok,1013.481886,26.04609042,26.02331209,26.33553442,26.44103539,26.0564237,26.04231305,26.39492479,26.2177013,26.03953545,26.09103448,26.00347891,25.95164545,26.2672012,288.1045278,263.5303005,234.7336727,171.8376226,232.7290875,268.0968042,245.2460797,205.2559913,220.0735863,237.9031644,215.3682217,229.3671579,283.5894321
454,Solok Selatan,674.0150842,26.31837636,26.30786716,26.61153027,26.70680582,26.33302641,26.31407671,26.64778266,26.49645459,26.3025071,26.35866324,26.28238841,26.2324414,26.54411938,282.6517495,263.1949101,232.6755865,168.2330876,232.4668949,261.1456324,234.1664632,199.3395804,216.4923811,239.8859731,219.4377723,223.5545394,282.2038804
455,Soppeng,272.8312344,26.34866847,26.33569137,26.54457009,26.21929857,26.19839744,26.40959894,26.46396804,26.40836903,26.5147887,26.37667435,26.34047166,26.33951801,26.44593687,317.2412758,286.5090728,233.0048401,196.7020427,236.3787355,250.0687017,213.9745862,202.759447,175.6445726,245.5802513,169.1794708,212.6162789,302.3884989
456,Sorong,122.4815691,26.91505953,27.03410343,27.18392139,27.21197827,27.22091353,27.11796205,27.13157305,27.23282681,27.22402267,27.13355825,27.13340019,27.05516045,27.35476947,272.1252841,265.7648796,278.3104892,259.0267267,264.9185802,302.2511792,296.3897751,249.1362694,269.624413,271.5161084,311.9335566,318.1191296,219.4743835
457,Sorong Selatan,53.93928246,27.12879914,27.26170926,27.40886138,27.42233169,27.39751102,27.29251677,27.29174482,27.40218802,27.40788174,27.30123723,27.3154422,27.24184848,27.5591829,301.7900128,292.5317259,312.3514545,285.9827711,295.1342158,348.2081211,337.1702161,266.8402444,288.3630405,300.6789059,345.6378618,362.8456955,260.7413263
458,Sragen,118.5660003,27.05727728,26.91694638,27.23778015,26.98694985,26.94894997,27.06961622,27.1057838,26.96144934,27.06661551,27.13361503,27.13944997,26.86327996,27.11544894,210.085732,188.4285863,203.1046948,161.4975844,146.6614797,189.3566359,236.7298038,138.8683064,165.8509392,189.9992287,162.200403,167.8282813,255.2114425
459,Subang,191.0090323,26.47736392,26.28187968,26.51451463,26.64091158,26.5075783,26.53187969,26.44542775,26.42736381,26.48639591,26.60687972,26.59784788,26.36972913,26.56069718,231.3582303,229.5042409,252.9540669,165.2768531,180.6529334,211.6554835,219.8309151,165.8329047,182.6257022,184.9403721,188.0338791,163.7464181,253.8266777
460,Sukabumi,477.1176571,26.12055354,25.88413255,26.12458291,26.30843085,26.16554777,26.20552579,26.0273504,26.05239112,26.07472266,26.26437336,26.20969143,26.03539924,26.22257031,387.545563,359.8304558,380.8562023,209.2847401,265.9578308,327.1288547,369.0792329,212.1750349,263.1047603,275.1571,256.9592812,240.9380601,439.3278073
461,Sukamara,26.02749356,27.59194844,27.67862662,27.91286862,27.87069502,27.73361885,27.76876339,28.00946937,27.79297306,27.65651521,27.78633737,27.70776231,27.47805813,27.6509609,306.2955231,275.3061649,296.0230908,203.1167304,242.2931793,235.552659,258.291384,212.5529209,217.445187,237.1988275,245.3091371,221.9959536,280.4996774
462,Sukoharjo,122.9974719,27.05000051,26.87500032,27.19166724,26.95000029,26.92500035,27.04166714,27.05000051,26.90833394,27.02500041,27.10833359,27.10000054,26.84166686,27.09166702,215.2750049,193.183337,213.9333378,169.666669,152.8916685,193.266668,232.1916746,147.4500027,174.3000006,192.8750021,173.0833357,173.9166671,252.9750023
463,Sumba Barat,275.4319413,25.46923901,25.43779924,25.7139411,25.27075187,25.09443601,25.44102009,25.7730143,25.45219168,25.51867299,25.41943623,25.31602956,25.17720336,25.52644181,226.9023942,268.5370902,194.0481614,132.6285181,186.1125326,237.8351117,207.9308635,149.6599784,108.5453194,216.2414298,177.7832279,234.2308854,229.1307398
464,Sumba Barat Daya,235.2689505,25.66039293,25.62705969,25.91171737,25.45717369,25.29315582,25.6302789,25.94619139,25.64050699,25.71361235,25.61815604,25.52137499,25.37970852,25.72326972,218.7691609,259.5645487,189.1918009,129.6530063,179.2693857,229.7127922,204.9506114,145.5774275,105.9538667,208.9175455,172.5489557,227.1761428,222.888243
465,Sumba Tengah,343.4882048,25.0953644,25.07084921,25.32850102,24.90505896,24.73851097,25.0802559,25.401016,25.07663081,25.13124772,25.0487927,24.92733628,24.81655869,25.16536817,232.530795,275.7367348,195.1321257,133.4686997,195.3131016,246.7421025,200.1679907,151.4072627,109.2808604,226.1170276,182.4856482,241.1111021,230.0350183
466,Sumba Timur,341.620522,25.01558389,25.01067378,25.23577221,24.86039928,24.67350493,24.99865723,25.37497562,25.0192706,25.0584124,24.95140475,24.80443512,24.71120255,25.08627807,185.4220389,208.6661559,149.085549,101.3968082,158.8637928,200.1594172,144.3058468,128.3158865,91.92264272,196.4287632,153.789323,198.0354957,181.0745414
467,Sumbawa,317.959686,25.68142035,25.59463129,25.95511705,25.38338409,25.30659017,25.65095269,25.81649372,25.60048617,25.77709614,25.70018943,25.67906311,25.493062,25.74264642,179.1290701,216.8073045,148.4114342,107.0903597,136.9134184,195.3721304,197.9774052,120.2897135,96.16915368,166.5246294,143.1640281,167.887993,197.3317457
468,Sumbawa Barat,298.3357033,26.03049764,25.94705162,26.30437282,25.71608263,25.64491281,25.99603947,26.15042791,25.94502551,26.129373,26.06473455,26.04908338,25.84728126,26.09435038,189.5863124,229.6195528,146.3378224,102.8458423,137.5379291,201.9319112,218.3682029,117.6920995,101.4374461,167.5724503,139.8434641,165.1311556,217.0883591
469,Sumedang,517.4464914,25.76036325,25.57380835,25.82025171,25.89669932,25.7788094,25.81280852,25.72003085,25.70903118,25.75969723,25.88469699,25.88403128,25.64236444,25.85336414,269.1575496,262.4311834,292.149518,192.7536251,207.6283976,242.7612835,255.809706,189.6839176,211.9793515,211.7713455,222.3314208,192.5505903,296.2376563
470,Sumenep,63.01253128,27.87284448,27.77782121,28.1405787,27.73915647,27.66575271,27.87604065,27.96664648,27.8363217,27.94164654,27.94359437,27.9198361,27.6875704,27.93383501,143.5183949,154.5592888,128.6755141,108.8789823,112.9593666,147.5010377,162.4525682,109.7941063,106.4628059,163.254138,120.206129,128.53548,169.5169631
471,Supiori,219.0802224,26.39676903,26.53894594,26.71734732,26.771599,26.83095295,26.73860579,26.76785764,26.8559527,26.8345242,26.730953,26.70051075,26.59404798,26.96445619,237.2687109,227.8469433,217.1559551,196.2501746,188.2267046,274.0146293,244.1221121,196.6573148,225.0981344,229.0363983,236.3937115,256.3874185,219.2173493
472,Tabalong,171.1685814,26.18360965,26.26860203,26.44720732,26.3876951,26.27309531,26.34206461,26.59638163,26.38922933,26.27669573,26.3571944,26.27439185,26.13952162,26.22291288,258.9485341,236.9201927,274.4518763,177.8150639,244.7067105,243.9152446,227.6942067,182.5320013,196.6533068,232.1208528,217.5730179,239.8678001,261.5152724
473,Tabanan,500.3422665,25.76063262,25.64055619,26.02767546,25.48886102,25.42389129,25.72198948,25.8325991,25.66460627,25.81555605,25.81480322,25.78221675,25.55286307,25.81953169,232.419303,273.0486014,170.672799,119.3484047,154.6414055,230.3663104,271.3201941,140.2037841,128.9593998,213.2666252,160.4253172,178.8533358,296.7493152
474,Takalar,57.33132432,26.21532564,26.16751917,26.43681764,26.03111601,25.98637919,26.23901097,26.35041431,26.22541427,26.35918613,26.23637914,26.22409962,26.15611599,26.31181795,366.7085481,335.7942703,268.9606694,246.8377697,281.918433,292.9876607,269.9804269,267.5039936,219.8730639,320.0924524,221.4081822,293.4186474,325.3161287
475,Tambrauw,865.9417294,23.75622334,23.88325891,24.05371624,24.10224611,24.14104855,24.04012553,24.07483538,24.16158003,24.14728858,24.04953249,24.02358909,23.92916997,24.28201673,267.6442278,255.2835202,273.7749975,247.6514616,251.466542,314.1261019,292.0544269,236.9218209,256.7014192,265.2112891,298.3644759,313.0449675,207.0551759
476,Tana Tidung,35.91761848,27.41820609,27.60753864,27.70676281,27.77598507,27.65409553,27.5583751,28.00970782,27.68204086,27.37515296,27.52770909,27.47120723,27.28376507,27.29148586,319.650954,279.4888734,280.3446881,242.6097095,284.654957,311.1543601,228.2093622,204.1138626,253.5176034,286.7548512,295.8065308,336.0995556,276.8210736
477,Tana Toraja,1190.618181,22.48108816,22.49905742,22.64011333,22.47119513,22.45201042,22.57570658,22.63169571,22.6201525,22.68073904,22.54975176,22.51025354,22.54619236,22.58863786,397.8012739,346.7801911,314.8738166,275.267557,312.3628414,332.6120982,279.67044,275.7613994,251.0145531,318.0530163,240.0350996,284.7959659,361.8861741
478,Tanah Bumbu,101.2801098,26.72496007,26.75403975,26.960461,26.79775098,26.70669291,26.83871991,27.03555373,26.8447111,26.80464851,26.88633231,26.81532543,26.64822736,26.77122709,257.6233468,231.3158381,258.6649869,177.4348236,258.196341,240.4321039,239.0691866,183.0801078,200.4776114,223.1197275,211.6345271,237.0563326,272.4891522
479,Tanah Datar,776.2649857,26.22070808,26.19844636,26.50880335,26.63761346,26.23725606,26.21344638,26.59570858,26.39058916,26.21523205,26.27058915,26.17392226,26.09058853,26.44404146,269.541622,245.8095408,221.2786321,168.7913408,222.9500459,257.0548389,241.0117404,199.584788,206.2870742,219.5211026,205.4270151,221.6766697,265.9679767
480,Tanah Laut,57.91779223,27.35974075,27.37159886,27.60140771,27.41316226,27.31561819,27.45562865,27.67015835,27.45002029,27.41326545,27.51492174,27.44702681,27.25002013,27.3943021,232.1349127,216.8098596,228.2446462,172.9937884,251.9034846,218.4883224,250.514629,175.4783822,189.9777831,207.3452847,196.8302124,221.6607785,277.600769
481,Tangerang,18.92041856,27.88378829,27.69893981,27.93484907,28.17333365,27.99106104,28.00984908,27.88378845,27.90303079,27.87545493,28.07181861,27.99166692,27.82909111,28.0207581,252.4875772,258.6815182,270.4198531,156.9065188,190.4092449,231.3457622,242.3143972,160.7086387,186.318488,198.3104585,177.5133351,164.4369727,290.5721238
482,Tanggamus,447.9554991,25.18353388,25.03068571,25.315132,25.61775311,25.36721921,25.37706747,25.26041014,25.32392846,25.06850109,25.33032718,25.16698157,25.18179199,25.35865429,261.6442808,260.4861551,261.0128424,162.5339941,219.7648773,253.6365622,265.4943031,165.7791988,194.4963668,232.0028052,205.4594387,195.7013683,312.1870496
483,Tanjung Jabung Barat,50.55764937,28.08053907,28.08808138,28.368206,28.48195702,28.12829001,28.10399713,28.41708222,28.28608144,28.07266504,28.13095598,28.06624786,27.98203919,28.27462248,253.5244605,250.6880324,229.1582382,156.1628612,224.0510787,246.811254,212.3775893,175.8963966,188.5654701,241.1073131,225.2438932,224.4063494,270.832146
484,Tanjung Jabung Timur,12.26445237,28.04435349,28.08428282,28.3515023,28.47211907,28.14245822,28.11793146,28.39155099,28.27910944,28.07827982,28.13424358,28.07354021,27.99233929,28.25094977,243.6139432,240.6081569,228.7264902,153.7685308,221.5588435,230.5772182,210.7331935,162.3140583,173.8344107,242.9270852,222.833082,219.5315417,269.6294732
485,Tapanuli Selatan,611.7752284,26.25385716,26.22807256,26.53548972,26.66563753,26.26917205,26.21882302,26.69006873,26.407697,26.26969643,26.31345562,26.1836566,26.06384923,26.45952923,278.3087687,265.8144669,234.7572583,207.8478796,262.7021267,259.996183,263.3123668,214.6366615,219.3494605,252.7178632,246.4615092,268.0019543,273.3515021
486,Tapanuli Tengah,222.6016592,26.41385708,26.38397063,26.66592571,26.80828088,26.41461047,26.38108729,26.83854315,26.56818067,26.41793014,26.47601284,26.35038602,26.22714127,26.61924605,314.4976859,304.1259636,266.9315866,242.0015594,301.1837694,285.2853157,300.0299593,229.3100434,258.1127361,301.3463931,297.899436,323.6621398,299.698033
487,Tapanuli Utara,1050.321421,24.71667315,24.68935202,24.9860821,25.12036492,24.72120968,24.67595527,25.16023742,24.86804468,24.71846663,24.77447957,24.64905675,24.52785372,24.91994314,275.7865146,271.5354017,238.9472869,216.9255705,269.853704,251.9779877,259.8257453,213.6537326,225.7724599,262.444193,257.5092806,282.1826702,266.1808893
488,Tapin,42.45272992,26.34415013,26.39286903,26.5637793,26.45224194,26.35640992,26.47748352,26.70553,26.46938938,26.42051336,26.51898988,26.43861951,26.27724231,26.38854032,245.7558077,223.2597711,246.9097352,167.0621483,246.2823405,230.3097609,228.9545598,173.6055572,190.1042878,216.5515943,202.7182084,227.4175753,258.2156898
489,Tasikmalaya,443.6015182,25.47966216,25.27474241,25.55315328,25.5463321,25.45602931,25.51012514,25.41709101,25.39428092,25.45616822,25.58663204,25.57542584,25.33785736,25.56339782,349.0894353,310.0243531,344.9441762,185.5513399,226.0345048,289.6463256,348.2388317,184.6439103,242.801712,248.0359688,235.0656562,217.9982229,406.6316652
490,Tebo,101.1047275,28.28664042,28.28533279,28.58840582,28.69471338,28.32559483,28.3027512,28.61781876,28.47530061,28.2738304,28.32739297,28.26203138,28.19997278,28.49539808,276.1585978,265.9193168,241.2492825,169.8119236,238.9640134,265.3733873,228.5747903,195.7709168,209.206776,251.8518769,237.4146452,234.525001,289.800269
491,Tegal,280.4934414,26.86867532,26.70135565,26.97700874,26.90152962,26.81508209,26.87178228,26.84139616,26.77750255,26.84138894,26.94547565,26.96164846,26.69138889,26.92488174,330.7743155,311.5808671,348.6738788,225.8224391,234.5746721,296.6973302,340.215896,217.7759553,260.2950482,267.6582181,263.6014101,235.0183303,387.6018921
492,Teluk Bintuni,223.0537956,26.0554215,26.19521784,26.35122276,26.3566725,26.31806271,26.2047598,26.21030132,26.32702185,26.34477039,26.23445505,26.23244912,26.1492609,26.49832233,265.3148344,252.708016,266.7689234,243.100122,243.808542,312.3072321,281.0853531,231.0989283,243.2584425,260.3487473,291.331259,311.1047586,250.7903266
493,Teluk Wondama,370.8859714,25.35192162,25.50021997,25.65025208,25.62875129,25.56593311,25.44641958,25.45052806,25.56476312,25.59706527,25.48201085,25.48538869,25.40361043,25.75692665,255.0485822,247.7657229,246.8992755,228.1169526,223.2235651,297.8625164,259.8390792,223.0077738,234.8722793,250.9928074,272.3736404,292.3047768,275.0918394
494,Temanggung,858.3636761,24.92246413,24.77753672,25.08260923,24.91195686,24.85471029,24.93587014,24.94094248,24.83695705,24.92644967,25.00253676,25.02029027,24.72971057,24.99311602,302.2909466,274.2644989,305.5547133,226.594927,210.9847867,266.7688484,330.5289923,196.4260902,242.4590611,265.9931191,240.6047129,231.6807974,366.7036253
495,Timor Tengah Selatan,531.72871,25.0396711,25.02820307,25.12912861,25.02579117,24.87090169,24.95428027,25.37774778,24.94510995,24.91918055,25.02731323,24.66829928,24.46732804,24.88863697,85.33114412,42.06572659,52.5825169,43.61622028,73.56775497,135.0176631,106.7829301,116.5059184,130.3555374,168.1616983,128.0296407,163.5338554,138.1715496
496,Timor Tengah Utara,435.4214474,24.84647951,24.85474894,24.94970679,24.81188036,24.70643363,24.78640598,25.17133421,24.7384251,24.73983566,24.81446914,24.48045016,24.2940409,24.68429503,81.24750464,42.81982355,53.22566925,44.19100319,70.92383398,127.2120968,101.9938968,110.083115,122.4490308,157.272565,122.1504255,155.6745252,130.8236585
497,Toba Samosir,1042.833895,24.75079827,24.72804336,25.0302061,25.157209,24.75760992,24.71666428,25.20833065,24.90135926,24.75817069,24.80600792,24.69382653,24.55873328,24.95840888,251.7798106,252.86307,222.5760108,204.3464899,252.9582965,230.933893,236.3550884,205.0272623,209.6555088,240.7716764,238.2717153,261.3512196,242.4857804
498,Tojo Una-Una,675.3957485,24.07728791,24.12742968,24.14465804,24.14219795,24.15429332,24.13621702,24.23189863,24.23829218,24.22749374,24.08234777,24.11040916,24.17401356,24.01898424,166.8953623,153.6035562,164.7591198,148.3323364,160.0124157,148.545932,140.4443733,145.8255895,140.9951842,141.817642,141.4412873,136.7125339,171.9141153
499,Toli-Toli,447.739783,24.88620141,25.00252714,25.03512918,25.07971989,25.03181485,24.93230329,25.27167689,25.03503184,24.8490192,24.86495494,24.89195171,24.83152471,24.7170995,151.1139129,151.3560982,151.1686516,150.4791717,150.6881045,151.1928506,150.7348317,149.9855693,150.8246174,151.2627462,151.3531811,151.0507689,151.1218144
500,Tolikara,1452.28152,20.7573162,20.91112071,21.05429699,21.03763054,20.96263031,20.83763026,20.82247323,20.96263029,21.00815664,20.88763043,20.89232874,20.82398292,21.16581914,217.0842113,284.0904951,216.4851961,250.4565973,208.7887086,236.5443823,226.2254461,216.5395087,226.9615086,226.8845595,244.5642843,235.3887938,249.6318513
501,Toraja Utara,1443.149626,21.20421677,21.22421775,21.34062515,21.21165589,21.18909102,21.30152524,21.34934561,21.35703897,21.3951118,21.27473043,21.22267738,21.27447259,21.29600858,376.3546242,331.4131569,312.6260223,271.6312959,306.0365807,320.0034938,272.4449169,270.5455766,251.7443835,305.9986779,243.9460554,278.2336027,346.4534551
502,Trenggalek,375.1846169,26.9220068,26.73303589,27.10264459,26.77740128,26.73034019,26.87041722,26.90509854,26.78867519,26.89136905,26.94137063,26.94970077,26.6870823,26.94271689,236.4364207,219.6551543,215.4835681,165.6579624,163.8383048,217.5989486,267.8570835,160.0998624,187.6906861,221.7507942,173.561849,186.804002,286.8008378
503,Tuban,90.29633492,27.91563337,27.78944036,28.10776727,27.82666405,27.7776778,27.92092339,27.98814233,27.85009142,27.93082517,27.97582711,27.97767774,27.73230988,27.95359636,163.2155213,150.414779,156.9151398,125.413064,116.7721861,154.0368399,193.0926036,111.3264105,135.1149881,163.7552791,123.4850778,133.9189004,204.845419
504,Tulang Bawang Barat,29.6255517,27.48001246,27.40078982,27.69233995,27.96087846,27.68047812,27.69010133,27.67825733,27.69198628,27.43975674,27.64949637,27.49163232,27.47543553,27.66322843,238.0317332,232.6397563,250.0697429,177.537448,212.22812,228.8074771,231.6841031,181.1393275,163.2739147,231.9008425,208.0761989,195.2853966,271.3829603
505,Tulangbawang,13.81997636,27.70563794,27.62869081,27.91710861,28.19015522,27.91462171,27.91473953,27.9156345,27.91681316,27.67727131,27.88530917,27.72526078,27.69978779,27.88164452,226.088243,221.3257059,239.098956,168.1241266,199.4823687,218.484009,223.4634617,169.7431519,153.7795859,218.3203947,193.7881282,184.5514514,256.849606
506,Tulungagung,250.1305417,27.05794149,26.87044048,27.2496057,26.91461109,26.86766329,27.00822385,27.04572285,26.93210842,27.02738521,27.08071983,27.08099526,26.82294436,27.08016216,235.10814,222.8897138,210.9446671,162.5202614,163.4537446,218.3600564,267.213934,158.5998521,184.685,223.0707908,170.1269373,185.6579167,286.5662235
507,Wajo,34.5055012,26.31630704,26.30617554,26.49235647,26.2051275,26.19716893,26.38079979,26.42809651,26.3982176,26.51413258,26.34484018,26.31293047,26.34461826,26.41443164,318.4538978,289.3438004,242.9861147,193.8764311,239.2403401,251.1977832,211.3679281,192.0179502,174.8579042,233.8515267,164.2838784,201.0446888,316.5169184
508,Wakatobi,58.28735862,25.65000041,25.66666698,25.75833384,25.64166673,25.65833378,25.76666705,25.72500022,25.85000038,25.93333356,25.69166692,25.67500035,25.84166686,25.77500073,236.8416704,230.9333388,205.7083381,148.4416694,201.4916705,157.858335,182.425004,161.8416686,150.0833361,167.8416708,169.1833375,158.8000027,268.4666723
509,Waropen,319.1244007,24.40567938,24.56227674,24.71391049,24.69246318,24.61927989,24.48681595,24.48064108,24.62601991,24.65943397,24.53594658,24.55769715,24.47698806,24.83380877,282.5099499,288.1935248,246.7971432,246.8608181,208.5929932,296.2278797,278.2318119,239.8494045,261.775138,266.4670767,285.0753818,308.6070531,298.341291
510,Way Kanan,134.4471652,26.52706577,26.45453396,26.74698576,26.99640621,26.71799819,26.72915873,26.72046953,26.73775983,26.4718808,26.6791091,26.54467761,26.54991489,26.73644901,254.3434034,245.6564926,260.2851642,183.6488181,228.938011,238.8775032,239.3094795,191.9988294,179.746233,246.2218664,225.3101596,208.580619,293.6521464
511,Wonogiri,363.0966992,26.5418237,26.36926389,26.69154385,26.42216583,26.38462184,26.50868329,26.53667434,26.40015705,26.51223565,26.58639299,26.5803051,26.325815,26.56682243,224.9318953,202.1806608,220.0366063,174.5648595,159.6530354,203.8569808,245.2344266,156.147986,184.4639308,205.2653105,179.5352195,182.0379752,263.6919504
512,Wonosobo,868.9225878,25.61836145,25.44516818,25.74287325,25.58536392,25.5383014,25.60823621,25.59647151,25.51069061,25.59744855,25.67490289,25.69565644,25.41428116,25.66672753,350.3647326,321.1654021,359.5415709,253.5419553,245.1578175,312.3535149,373.3129559,227.8232858,279.5515968,296.2537861,283.5345864,264.913079,415.7721302
513,Yahukimo,1416.607242,21.53782309,21.66179787,21.78231388,21.77088448,21.70962594,21.5853715,21.58722602,21.71512628,21.74506987,21.63822408,21.6537995,21.58854687,21.8745492,309.8297757,411.5185656,322.2342013,373.0025543,311.0875316,341.4189019,327.6348336,318.802649,329.7605952,331.2595769,357.6870744,339.9709085,360.7236012
514,Yalimo,958.9740496,23.30301941,23.43193854,23.5662144,23.55624445,23.49081739,23.36041148,23.36075776,23.4943887,23.51919106,23.41125385,23.41973623,23.36909124,23.66889392,227.8186457,332.0509991,242.702929,293.0004243,233.3716099,260.20774,247.7326186,239.0079391,249.3200922,251.2043296,278.5949507,256.8617849,281.9280375
