id,shapeName,veg2010,veg2011,veg2012,veg2013,veg2014,veg2015,veg2016,veg2017,veg2018,veg2019,veg2020,PopDens2010,PopDens2011,PopDens2012,PopDens2013,PopDens2014,PopDens2015,PopDens2016,PopDens2017,PopDens2018,PopDens2019,PopDens2020,PopDens2021,PopDens2022,PopDens2023
1,Aceh Barat,7322.508286,7437.205313,7339.221451,7365.918993,7296.022193,7241.305556,7188.318434,7141.939588,6435.280419,6188.15684,4467.026826,89.71606537,90.00728069,91.15367336,92.07544668,92.99348439,93.86358893,94.70967487,95.56464971,96.3793568,102.8395381,103.6500726,63.85343003,64.8429132,65.26894895
2,Aceh Barat Daya,7306.507095,7408.122965,7344.154814,7209.871589,7261.859225,7307.91951,6909.243124,7099.503794,6273.541891,5740.19895,5652.616816,89.63687852,89.92573043,91.03598846,91.94623989,91.93444568,92.903365,93.8306839,94.64849134,93.41584699,99.26170778,99.72156643,74.77617119,75.17336731,75.76505755
3,Aceh Besar,6402.362631,6417.933965,6303.477066,6343.368922,6446.498442,6438.742277,6331.926725,6479.316824,5807.276847,5682.315673,3439.521971,134.6308997,135.0600321,136.7199425,138.1045057,139.8150982,141.3083969,142.1104947,143.4126503,143.3688578,153.0049795,154.0329902,137.0785948,139.6367844,140.7203555
4,Aceh Jaya,7505.905094,7606.849646,7563.513199,7419.277978,7562.13506,7405.200817,7261.39089,7370.585473,6661.5229,6290.751409,5759.080084,28.68188818,28.77276393,29.13610427,29.4284019,29.64802725,29.90508767,30.18046,30.42428401,30.63408771,31.34363224,31.5371191,23.29374412,24.19584675,24.44794616
5,Aceh Selatan,7349.850266,7517.315712,7528.890205,7298.568592,7275.812801,7345.899685,7209.665409,7262.461136,6701.94464,5852.473165,4824.814888,45.74705599,45.89009716,45.45082265,45.92659789,46.84750529,46.67273242,47.44979006,47.94650711,48.33089838,51.59816299,52.00160812,44.59091022,46.75613709,47.1074113
6,Aceh Singkil,5812.238867,5968.54564,5986.526175,6020.1846,5784.873045,6028.818364,6043.269357,6101.801908,5587.756685,5364.457737,5335.122352,74.52489703,74.69631792,74.00470117,74.74376253,75.06430514,75.65820507,76.10201655,76.83781674,77.56082535,82.61965133,83.26620295,62.58894634,62.80805457,63.68413896
7,Aceh Tamiang,6356.817872,6187.253953,6492.065489,6328.040086,6293.037094,6177.629288,6266.195671,6126.273113,5747.945027,5551.026856,5764.207361,105.5271536,105.7778748,106.9866889,108.0252694,108.2306363,109.2485215,110.2400369,111.2090151,112.1341679,119.6189402,120.5320318,138.7955176,140.2905283,141.3925067
8,Aceh Tengah,7126.065356,7200.63116,7223.503857,7082.412293,7217.705233,7195.342153,7133.88847,7089.581976,6224.205097,6089.961048,6997.696975,24.82917721,24.90331529,25.25852616,25.46951542,25.87717464,26.44169863,26.70336073,26.93644218,27.22681494,29.06199489,29.29339358,46.38786513,46.67034492,47.02869691
9,Aceh Tenggara,7184.058838,7376.59435,7405.428356,7175.971145,7149.901628,7145.050785,7066.148573,6923.741831,6472.693806,5962.913955,7022.345765,48.28380218,48.42132835,49.01996576,49.55238371,50.03225417,50.48717547,50.62504092,51.06470038,51.17105731,54.5948234,55.01553704,50.71067741,52.06133396,52.427144
10,Aceh Timur,6464.016811,6439.432279,6550.744844,6641.818028,6309.84078,6433.355369,6319.123407,6296.342155,5541.014709,5578.104799,5746.390744,45.78256569,45.92955184,46.50549191,46.97158661,47.2296907,47.66974253,48.12146373,48.54262256,48.93022271,52.20878728,52.60415961,77.71287802,78.3882015,78.98642833
11,Aceh Utara,6516.722138,6585.910354,6507.772319,6609.915917,6359.712858,6508.325033,6393.412379,6351.983753,5585.917899,5659.143207,5995.658907,154.3831809,154.8721289,156.779347,158.3678243,161.8447853,163.5923688,164.789978,166.2215446,165.6949571,176.8026945,178.1930863,217.6439885,221.3780452,223.1604323
12,Agam,6982.141021,6866.825577,6948.644055,7002.780073,6844.752528,6918.928225,6924.483282,6812.513388,5848.338874,5653.323799,6288.229577,211.8995903,212.0832637,209.927583,214.1771857,216.4806342,217.3442204,219.0540534,220.9616615,222.7998897,217.4490428,219.1373911,248.1664346,242.7394459,244.5298542
13,Alor,6017.212731,5510.738205,5794.882664,5866.856575,5785.882249,5763.779993,5861.557306,5617.113771,5106.512,4620.85126,3281.43922,62.58332297,65.07651771,65.87565883,66.54862842,66.00038236,64.85437782,65.40446323,64.19451587,61.47655919,63.62426676,62.40609581,57.50651057,58.1759293,58.74480478
14,Asahan,6826.255283,6827.917995,6858.501511,6745.816103,6553.695212,6654.043442,6593.857038,6726.708295,6227.662701,5726.572198,6062.520553,125.2521096,122.4866466,132.0105609,133.3210248,137.3084174,138.5026256,139.7007965,140.926786,142.0973246,143.0174175,144.107263,196.5071,199.4072786,201.0583605
15,Asmat,7055.289077,6912.938854,6745.740504,6915.205238,6833.138428,6878.061445,7041.889624,7096.094722,6807.639062,6535.246883,6750.655731,0.335512497,0.573587864,0.574810669,0.581044923,0.615595992,0.616535775,0.58509391,0.601115418,0.605684625,0.650953877,0.657156753,4.201247308,4.416559276,4.475999052
16,Badung,5205.452695,5095.491111,5011.511976,5189.37993,4719.798948,4915.829978,5051.998522,4604.740923,4473.825653,3951.387817,3687.833203,934.0004898,1012.871291,1059.51999,1070.244752,1081.332389,1093.571888,1103.307356,1115.433424,1159.76272,1158.089357,1168.756991,1363.098125,1356.443354,1365.193015
17,Balangan,7101.779377,6975.007282,7062.799786,7071.944407,6975.480085,7134.476812,6954.763571,6702.461272,6629.948417,6356.213156,6447.291966,49.25578719,52.52477334,53.18388115,53.6933299,54.68956625,55.1746889,55.70651273,56.19389099,56.67477818,59.65159791,60.12264969,69.87550414,70.67709667,71.22098476
18,Bandung,5987.08473,6072.103795,6262.605257,6207.696742,6121.481742,5738.232162,5842.100444,5374.141612,4852.967443,3881.399226,3092.079119,1630.890494,1723.963137,1721.091289,1738.474874,1751.183264,1768.050585,1777.049706,1792.636299,1808.599592,1860.226324,1880.141951,2064.993664,2077.920738,2094.727385
19,Bandung Barat,6333.317935,5963.508318,6095.605608,6076.282045,6238.262366,5537.058148,5625.462093,5093.172945,4309.136361,3554.95389,4319.151425,1362.599078,1442.000933,1485.774308,1500.81935,1523.329419,1537.318131,1548.029891,1561.606519,1573.275143,1618.617285,1631.896677,1403.701669,1414.915867,1424.745244
20,Banggai,6249.443378,6142.37266,6102.276505,6215.471029,6309.461937,6537.82665,6197.714423,6253.820812,6119.600914,6048.379362,6544.196297,37.30938722,38.82639952,39.30171744,39.70075826,40.11896755,40.53316211,40.85222495,41.19226994,41.47805056,42.8280679,43.05134073,39.38073274,38.38915842,38.73422655
21,Banggai Kepulauan,5387.750851,5058.148312,4792.699513,5233.288641,4923.712053,5543.628929,5446.913562,5508.167136,5323.169987,5137.398358,5022.816052,48.76817882,50.84773216,51.46572362,51.98142247,52.09104997,52.55343238,53.02912402,53.48842896,53.94066249,55.70185012,56.14244492,41.69435713,35.28551935,35.68059663
22,Banggai Laut,2218.391674,1789.143373,1824.109218,2329.492892,1799.614226,2347.670809,2502.978174,2659.067914,2538.848707,2478.759974,3282.534217,39.64904697,41.27910337,41.82367956,42.24176334,43.2855148,43.73437955,43.59876685,43.96993729,44.33881621,45.79646941,46.05828235,73.0422707,68.17168835,68.80085061
23,Bangka,5418.915828,5220.341431,5154.304303,5151.04743,5171.636359,5272.255354,5194.148422,5505.019643,5105.984757,5340.137158,5846.044665,71.0811225,89.27456098,90.32180771,91.30249951,92.00098997,89.98093185,90.78112352,91.55384023,92.0718903,100.1449229,100.8978645,109.2240794,109.1256651,109.9811236
24,Bangka Barat,6098.157005,5839.401151,6074.880939,6034.862494,5679.626048,6153.554457,5962.224805,6088.773439,5325.458078,5319.824446,5597.763563,59.85021296,67.87653978,68.75031725,69.41921727,70.7151858,71.13887594,71.72001592,72.30181793,72.9108691,79.30591322,79.92925508,70.94022133,69.60211197,70.14576028
25,Bangka Selatan,5597.190675,5320.41181,5289.654492,5358.457744,5230.726281,5339.182424,5341.046979,5522.192139,5232.155002,5272.490048,5223.177207,60.4769467,68.52359113,69.43183554,70.07137658,70.83158613,69.29154982,69.86978177,70.44977129,70.96652947,77.19737862,77.80411064,56.39414316,53.53895605,53.94011788
26,Bangka Tengah,4659.957995,4445.219914,4388.662896,4635.249914,4352.59844,4479.910295,4718.849126,5022.979964,4866.141486,5071.371052,5666.544443,60.13498311,68.45181601,69.35843183,69.98390333,70.58629495,82.08874578,82.79374554,83.47901331,83.10333964,90.39130684,91.10021616,87.74507631,88.75589871,89.48779215
27,Bangkalan,5436.451041,4934.221563,4988.55231,5163.699023,5013.515099,4736.760803,5469.336084,5231.546046,4480.608684,4521.150992,6446.265547,718.4652052,679.1963774,687.4868815,694.463535,700.4184559,706.0743144,713.2055705,719.2868801,717.7070655,678.2756532,683.1398823,795.8183392,802.7256364,808.8851172
28,Bangli,6307.410506,6265.971654,6406.522695,6376.139885,6228.313837,6534.216553,6602.877193,6410.789033,5969.196026,5623.282138,6012.548822,426.0179751,461.2368127,465.4031302,470.1128887,474.7464847,479.5503418,483.8743782,490.2501338,502.5518036,501.4696111,504.7968718,499.5500204,499.0576797,502.814534
29,Banjar,6355.655245,6317.883514,6383.126047,6502.640596,6359.085058,6199.338924,6648.893123,6359.514671,6260.387617,5866.547196,5063.512896,102.1144537,108.8756572,110.4502092,111.559806,112.68009,113.6574451,114.7241639,115.7269546,116.4419043,122.4921062,123.4574434,122.1795865,124.2735919,125.2378513
30,Banjarnegara,6667.642037,6627.27456,6524.653592,6820.345085,6618.290777,6717.063325,6165.54244,6015.255043,4348.47517,5112.799815,2237.259781,847.1768528,770.7887065,780.2702691,788.163194,796.2222679,803.8234803,811.1878194,818.29845,825.1658929,791.0694995,797.3041366,888.4750316,895.4349888,901.7583535
31,Bantaeng,6122.696823,5738.301693,6049.037281,5865.638349,5754.211627,5635.798552,6083.734253,5973.270852,5742.627772,4585.207224,2825.247951,464.4236389,456.8727782,463.1790979,467.8297094,476.9489025,496.2900584,499.1000186,503.4861933,507.1298974,496.3570322,499.3914338,465.3607664,464.3185404,467.2145806
32,Bantul,6174.160979,5899.591886,6021.539892,6040.136353,5834.959738,5974.917254,5780.462743,5734.342791,5419.737606,5463.114372,4204.233618,1715.039612,1666.371128,1685.753262,1702.817563,1718.346826,1728.482435,1742.995481,1758.313359,1821.752213,1811.781162,1825.774611,1893.83331,1923.471789,1937.20472
33,Banyu Asin,6014.773852,5492.586972,5665.68669,5830.340813,5677.236031,5939.189828,5897.566107,5855.185802,5637.086779,5746.303774,5472.282996,52.31490917,49.68189419,50.68213447,50.65921966,51.04963625,51.5405342,52.03704577,52.28019889,52.84225559,57.3632346,57.69662958,72.44293296,78.30292079,78.92988424
34,Banyumas,6177.528816,6039.452884,6199.719836,6014.452133,6029.714313,6046.844677,6009.619581,5811.687081,5006.667063,5382.537903,5386.755318,1213.1419,1103.751459,1117.549626,1128.856462,1139.949971,1150.524247,1160.448429,1170.624909,1179.986484,1131.143482,1140.3752,1275.143235,1287.607492,1297.662236
35,Banyuwangi,6217.940869,6055.023052,6155.8592,6127.35215,6061.328893,6003.496725,6213.123043,5774.180166,5329.795714,4400.797145,4900.637919,471.4080697,445.431409,450.8860579,455.4477212,460.1526754,464.5048098,468.7251107,473.5731215,471.4564282,446.9102924,450.6595457,463.3084455,468.9224214,472.512354
36,Barito Kuala,5741.20023,5387.400052,5454.535739,5620.679875,5405.950971,5568.308101,5919.661021,5534.251891,5510.544319,5571.437344,4202.858884,97.73237604,104.1995747,105.0504626,106.1130393,107.167016,108.1742773,109.1184398,110.0798878,108.4507985,113.8175549,114.5104081,130.6585395,132.1916414,133.1999938
37,Barito Selatan,6568.657934,6085.484707,6348.856897,6366.643465,6086.903814,6273.373701,6469.905775,6539.760827,6479.793758,6803.635873,7003.267616,27.04556095,28.2506944,28.52381502,28.85746171,29.13956755,29.40645904,29.77464111,30.02932711,29.81069716,32.2343046,32.48571777,18.89455719,19.29374847,19.41874078
38,Barito Timur,6990.982571,6596.155777,6748.982686,6753.465801,6673.812084,6765.255131,6845.20787,6745.113154,6750.894611,6645.263348,7271.650477,32.42083754,34.17046826,34.64394823,35.00500002,35.34994527,35.67878398,36.44886578,36.78667253,37.0815174,40.00111465,40.31944842,37.51895987,37.93190708,38.23054543
39,Barito Utara,6932.49707,6547.082054,6666.70052,6778.192706,6531.453706,6627.841772,7058.021305,7008.272684,7094.564481,7232.508892,8002.146299,14.00706733,14.64622889,14.81375139,14.97011214,15.12520731,15.26410287,15.43284675,15.56564605,15.69063126,16.96767697,17.10148771,15.87858973,15.98947753,16.11167348
40,Barru,6761.74337,6730.295301,7112.197718,6828.170965,7053.432692,7115.638199,6941.740861,6827.034678,6426.707636,5978.361281,3087.077236,124.0055342,118.9710991,120.3234888,121.5365586,123.2708507,123.4264563,124.0099909,125.1038634,122.3820834,119.6985317,119.7219829,141.9334392,142.9538689,144.105502
41,Batang,6470.8294,5911.022681,5983.79805,6178.376112,6005.550941,5750.146084,6013.852394,5511.106975,3969.129356,4899.791604,5642.344179,891.2343507,810.8659478,820.9150735,829.2187246,837.2900189,845.148807,852.5632581,860.0362536,867.1564989,831.3694781,837.9242105,926.3570421,939.4388645,946.5615287
42,Batang Hari,6605.669194,6289.501259,6496.584305,6710.501817,6401.563184,6566.501411,6697.41033,6693.21136,6255.835643,6370.033316,6985.624507,51.3543212,57.81850552,56.32717261,56.89161462,57.46410623,57.99093463,58.50870526,59.05595024,59.55651883,63.15780769,63.65479246,54.44703848,54.67331665,55.11681089
43,Batu Bara,5805.282421,5929.57045,5931.743539,5927.413164,5645.197717,5707.341813,5545.595133,5761.431053,5362.407037,5463.359452,5642.625695,564.1799641,551.6764916,513.0649283,518.2658447,517.2057956,521.974873,526.5695411,531.1631556,535.4296093,538.8722998,543.0513903,457.430369,459.276065,462.4090381
44,Bekasi,4404.646412,4411.013426,4376.761929,4470.023434,4174.680406,4040.933596,4114.341578,3873.517931,3800.684982,3470.306416,2910.025843,1712.090459,1809.79125,1849.345402,1863.301874,1878.972129,1893.452393,1935.689993,1953.023205,1981.581903,2035.861004,2046.936659,2508.888337,2514.769156,2532.946756
45,Belitung,5257.741866,5312.307247,5114.496437,5205.474924,5060.367125,5093.121452,5613.40856,5310.239923,5341.273744,5683.782059,4877.177597,51.74109566,58.11790701,58.91662169,59.48758641,60.21875839,61.51463408,61.80358284,62.30485918,62.83311877,68.35309977,68.88536809,74.9405381,75.12525466,75.75566677
46,Belitung Timur,4177.498027,3951.567625,4132.495445,3909.661767,4199.295096,3862.213823,4393.704674,4269.50062,4401.28067,5302.014904,5092.21938,43.21154103,48.60525725,49.12597709,49.64799404,50.00231122,50.51974769,50.70210316,50.09969733,50.52461608,54.95939333,55.38282354,48.48047555,48.30026408,48.69200612
47,Belu,6451.541448,5604.566438,5703.044884,6226.534615,5813.601099,5621.007336,6168.513402,5362.838188,4931.107931,4845.491376,6309.235105,146.3810562,150.1713083,154.3914623,155.9689312,155.5702711,154.9095897,155.9928179,157.759331,158.9226364,165.451726,166.5097469,190.572493,191.5752152,193.0556058
48,Bener Meriah,7365.168033,7454.776266,7312.473083,7284.846998,7085.301644,7293.494218,6996.680743,7136.273949,5768.969662,5538.160957,6265.159441,32.6709448,32.7873672,33.08725292,33.52781328,33.47830679,33.64530626,34.25541247,34.54455213,34.71766657,37.01699743,37.30102616,88.09935137,88.24858657,88.89446124
49,Bengkalis,5925.485399,5867.097106,6028.231197,5937.805439,5632.650477,5763.644226,6191.353907,6222.893576,6073.537353,6082.44871,6068.65157,53.40488749,71.04645016,72.64362855,73.35501098,73.82387134,74.58089452,75.26266751,75.95024226,76.58763517,82.760351,83.41861386,63.22936802,65.29663106,65.76242473
50,Bengkayang,7150.95688,7004.259446,7044.594438,7152.385927,6886.164171,6970.003111,6909.604971,6887.615973,6513.214154,6359.508065,6580.376283,60.43078345,57.16613082,55.14365765,55.65115893,56.46860287,57.03111474,56.91346487,57.41568293,57.61294087,59.56591444,59.87494398,50.79011052,50.60457295,51.00009801
51,Bengkulu Selatan,7313.69769,7109.344211,6989.578453,7257.910694,7078.696126,6985.824538,7118.287116,6770.815847,5322.81801,5191.828682,8267.551773,77.07652278,74.23871537,76.02717986,76.73849064,77.05472092,78.4648543,79.18018163,79.86672898,80.54973324,81.55631768,82.13423386,123.3576181,126.4833302,127.2252481
52,Bengkulu Tengah,7320.855781,7322.872324,7175.517421,7438.68634,7276.745539,7234.081217,7207.292198,7151.528455,6266.873761,5547.739589,5904.348096,60.74890415,60.82952832,62.24716386,62.85940977,64.21132233,66.97719652,67.50650852,68.09253625,68.59897508,69.46975879,69.98655781,114.8843535,116.3824114,117.3757833
53,Bengkulu Utara,7032.663628,6835.083794,6709.873089,6861.43376,6750.108264,6881.065082,7080.807855,7038.329835,5785.786146,5615.330128,5681.07154,60.97501809,56.60458434,58.00528205,58.54727979,59.3238965,59.61446428,60.15632634,60.68195888,61.18288504,61.95346788,62.4433218,66.71508508,67.81718659,68.34143862
54,Berau,6651.337128,6406.849891,6518.179887,6501.88056,6572.380008,6544.467332,6681.612524,6849.685351,6681.164363,6850.331485,6673.060593,6.063549681,7.704405504,7.825986998,7.877964031,7.95101025,8.026506225,8.119913181,8.189981828,8.255837334,8.919203235,8.993906964,11.13683719,10.9685537,11.05472196
55,Biak Numfor,5238.1838,5210.303004,5046.718139,5085.622895,5413.549001,5648.756303,5723.15312,5954.090476,6046.836795,5702.892159,5561.836781,57.93758755,86.22155994,87.28260692,88.14416648,88.32747817,87.58334372,88.33572705,89.10778479,89.66881469,95.95164349,95.9137916,51.10628754,51.42003734,51.93220233
56,Bima,5550.184179,5129.635944,5500.906074,5727.610523,5407.78108,5594.42044,5799.331911,5393.036204,4758.851469,4392.615497,3467.219466,127.4941965,125.5679322,126.9031617,128.1839798,129.1611237,128.1068807,129.2726258,130.4069945,129.6358621,130.2806219,126.9020714,112.3671249,112.3543739,113.2718736
57,Bintan,2984.508828,2512.889325,2593.096739,2879.419562,2281.61981,2622.713336,3257.047919,3437.89204,3425.696134,4083.022927,4192.503735,46.01232506,50.54875085,49.13679332,49.65665296,50.13082523,50.64216469,46.13199183,46.51653211,47.02474986,55.7377503,55.75935,78.44368236,94.58094549,95.2962322
58,Bireuen,6636.176949,6643.774461,6632.733277,6614.956116,6481.631192,6656.5527,6531.265096,6524.196029,5659.67023,5289.880334,5878.2638,194.8453496,195.4609228,197.8811361,199.8844727,203.1096648,204.9170289,206.7966721,208.6497024,212.388856,226.7665373,228.5843089,247.591012,249.9591985,251.8527271
59,Blitar,6247.729968,6025.19604,6214.743926,6191.157957,5742.337303,5920.549737,6027.649764,5758.239427,4993.369875,4809.343809,4053.149652,679.7982157,642.9230258,651.0944748,657.6807385,664.1218177,680.9394961,690.5045901,696.6487392,701.8800146,664.0149754,669.2575068,671.2383307,676.8070634,681.7459306
60,Blora,5959.853926,5476.641875,5664.929937,5512.993938,5315.493395,5152.778841,5820.16789,5543.415107,4416.760207,4307.423768,5599.065747,490.8391087,446.729216,452.2575066,456.8251815,461.2011202,465.4736106,476.9031955,481.0795017,483.2953626,463.2389782,466.9623112,471.8760425,469.5541051,472.8107575
61,Boalemo,6869.136144,6710.077791,6753.718016,6652.792379,6619.355746,6690.326118,6660.068278,6750.150474,6518.327016,6392.198459,6058.197535,76.34180963,83.47763673,84.55798839,85.39215837,86.57782833,87.39494922,87.44194984,89.64923187,90.86554802,91.57275644,92.29889339,74.25119706,76.49811755,77.12605757
62,Bogor,6093.59988,6057.781256,6051.686007,6000.166669,5877.485282,5676.790739,5600.555409,4977.926911,4452.207506,4616.972528,4660.139684,1109.683055,1175.153908,1191.346274,1203.400985,1217.385532,1214.789882,1233.741239,1244.534016,1243.805739,1279.025101,1289.531795,1682.375163,1706.080141,1719.445421
63,Bojonegoro,5707.486068,5341.828895,5367.47133,5536.971691,5289.894885,5309.885691,5549.516444,5266.313219,4368.75118,4710.953535,6188.335495,585.3480965,553.3018331,560.1538741,565.8266873,571.2776401,577.6738463,582.6040669,587.7135242,592.4420781,560.5761705,565.0848971,565.6882114,570.8196119,575.3394302
64,Bolaang Mongondow,7290.728588,7213.860854,7329.305598,7210.066921,7336.656066,7373.373791,7153.890721,6975.104409,6757.998692,6802.702194,6551.779795,54.389517,53.85160247,54.51304931,55.06918692,55.34895426,55.86566162,56.61990847,56.97554981,57.15838736,57.19187002,57.63250234,73.94481057,73.97555862,74.54628365
65,Bolaang Mongondow Selatan,6118.470667,6242.086896,5921.60808,6028.004333,5889.725422,6298.635994,6427.957108,6185.337476,6085.971675,6433.405924,5856.925604,17.21059275,17.03492778,17.25297594,17.41489513,18.73806482,18.90676977,19.0674538,19.60074652,19.76493779,19.77742881,19.93290208,33.96354687,34.39286179,34.69360901
66,Bolaang Mongondow Timur,6376.078248,5912.122697,6255.302072,5925.046703,6142.628145,6078.925427,5560.815922,5547.813438,5807.59221,5430.670636,5498.624478,52.80843977,52.29370466,53.02131254,53.55994358,53.91615623,54.33910438,55.41918615,55.90907503,56.13195945,56.15950937,56.59321426,97.3732387,97.35885921,98.05205087
67,Bolaang Mongondow Utara,7243.627594,7392.760539,7494.226882,7368.392188,7373.609276,7241.275334,7124.679872,7093.939295,6726.387451,6876.335515,6755.322173,35.3285344,35.20276391,35.72361451,36.07988545,36.74796838,37.06788529,37.46129198,36.43088573,36.72073971,36.74492581,38.16539191,40.93844204,42.05362366,42.42815003
68,Bombana,5708.49219,5943.14992,6133.650289,6165.355056,6110.590053,5910.965996,6188.405359,5937.830254,5713.942471,5142.814366,4877.99447,44.61020393,47.98774909,48.54251275,49.05849366,47.93376463,46.95556534,47.60404932,48.0202012,47.23892682,51.08187436,50.38228157,41.01067178,41.28351062,41.64606115
69,Bondowoso,6711.35252,6373.250868,6513.952399,6651.076501,6340.252832,6186.256822,6650.926547,6215.42823,5393.263269,4934.739797,5482.227095,492.7561686,465.8410062,471.9198886,476.6970179,481.7448874,486.8000311,491.2643387,495.3890433,498.5080941,470.9496854,474.6377005,495.9450372,499.8433833,503.8347249
70,Bone,5997.156375,5764.844269,6082.182146,5910.943436,5915.009343,5970.422327,6234.595212,6000.119811,6004.639378,5716.310156,5561.949191,167.5887682,165.510159,168.4752198,170.1784331,171.5760665,169.6576361,171.3217874,172.8941223,174.0714548,170.9028794,171.7714164,173.4628094,174.5093364,175.895308
71,Bone Bolango,6963.37814,7332.966135,7312.21579,7273.712734,7305.439918,7503.484886,7144.572827,7012.815978,7320.70356,7528.793804,7670.420204,24.71564092,25.41663903,25.78291469,26.04167929,30.10840367,30.38282935,31.46244508,32.1002605,36.51653504,37.03084002,37.3288522,86.48513076,86.4491301,87.14921025
72,Bontang,,,,,,,,,,,,,,,,,,,,,,,,,
73,Boven Digoel,7080.664085,6951.068106,6906.424941,6903.423583,6958.549972,6995.99992,7010.999131,7041.390336,7101.499816,6912.687994,7060.788193,0.726382627,1.110538541,1.134341079,1.14266877,1.205399732,1.320913622,1.734093054,1.802381167,1.952022306,2.090698206,2.104396268,3.309618075,3.267380745,3.299617073
74,Boyolali,6016.487399,5827.918264,5847.706462,5921.79268,5758.673344,5530.04235,5959.055477,5490.906378,4771.130564,4596.224049,7606.721155,957.5045434,871.3076415,881.3346308,890.2529056,899.2169423,908.2645966,932.4003178,940.5643724,951.9935616,915.2364252,922.8321963,959.6399813,963.257227,970.4860857
75,Brebes,5482.414831,5087.976177,5127.722585,5374.450766,5129.004883,4938.907699,5068.278921,4721.249948,4240.860835,4278.223625,4592.885826,1135.175897,1034.40172,1046.123078,1056.704646,1066.82289,1076.701836,1086.769915,1096.286889,1101.636661,1056.493194,1064.383413,1131.427242,1137.133337,1146.271805
76,Buleleng,5701.502318,5679.734158,5709.786497,5629.926509,5434.740197,5467.317491,5947.390198,5543.964601,5139.43256,4822.732253,4832.883683,445.9317542,482.4843009,474.388024,479.1952231,484.5581837,488.9673556,493.3829143,496.2770439,499.2765964,497.1235181,499.8405831,579.479849,584.4230796,588.9318888
77,Bulukumba,5786.630034,5254.08926,5643.470676,5652.098531,5392.008153,5552.08232,6013.411065,5575.459317,5360.095556,4801.495856,4451.349027,393.9504833,387.5308582,387.2825869,391.2025694,393.2879865,385.0528834,389.3085951,392.721643,394.7789843,387.4925036,389.7524101,362.4463937,363.6646686,366.2327586
78,Bulungan,6491.042678,6359.655368,6374.733797,6351.08949,6429.223643,6407.853785,6475.933686,6695.120082,6671.258524,6712.554844,6398.095793,6.623931316,8.40858884,8.583129459,8.596317568,8.666049488,8.743980619,8.80970634,8.89193297,8.961789843,12.43063786,12.51169251,11.72368033,11.35519748,11.43016913
79,Bungo,6981.350566,6682.578129,6865.410068,7170.890898,6772.210248,6809.967876,6925.245572,6826.203124,6294.594518,5909.667231,6815.957024,50.99285923,57.19472568,59.25047325,59.85787593,60.21298351,60.78488737,61.3307036,61.83953223,62.36092246,66.1269667,66.64909673,78.48353179,78.89060421,79.52430828
80,Buol,7133.182233,7021.149689,7294.754004,7077.613881,7212.386968,7182.983216,6949.23007,6728.319348,6332.203948,6544.434523,6838.386515,29.61911588,30.92439765,31.35661539,31.67516065,31.90132991,32.11717351,32.29230488,31.01607168,31.34241165,32.36221176,32.65788111,32.20321251,32.66095984,32.81595827
81,Buru,6046.728664,6284.825844,6481.497304,6536.905849,6404.941099,6493.329094,6483.454549,6103.284489,6036.410964,5210.70749,5780.437806,22.19335321,24.7658016,25.06826069,25.30862898,25.31108327,25.74127737,25.96137853,26.16139751,24.67472046,25.78228234,25.39987142,26.48428413,26.66675322,26.87650431
82,Buru Selatan,6568.722484,6480.233041,6718.822903,6700.218027,6516.389871,6767.826911,6657.999645,6266.870105,6273.161901,5297.445216,5271.996377,5.273143664,5.89302263,5.973289412,6.055066674,6.415064751,6.383878667,6.455275978,6.513530884,6.613125396,6.929822414,6.976930336,13.96704553,12.01243991,12.16266428
83,Buton,6300.79524,6114.48259,6560.184694,6602.524865,6318.14948,6396.272397,6581.868923,6471.743226,6273.601753,5484.114359,5663.169491,5.796176526,6.232852742,6.331377178,6.387059791,8.064096137,10.27611446,10.46397421,10.50601892,13.77572943,14.25826191,9.812232979,31.12661604,46.77987544,47.30739889
84,Buton Selatan,5420.292183,5110.9614,5686.89899,5598.941935,5698.763623,5660.304539,5912.326515,5747.793693,5253.912802,4167.960388,3340.709963,15.38514124,16.53812769,16.75711559,16.93280397,19.1238561,25.0798576,25.65513087,26.49500912,34.87068076,36.2923819,25.23262947,79.05450806,66.46543185,66.99533995
85,Buton Tengah,5397.53635,5196.04787,5328.937713,5516.609877,5178.896597,5152.875947,5391.180085,5341.029869,4993.210412,4117.768541,4522.897496,56.05133612,60.26071185,61.03491879,61.65799988,60.56867517,48.18480124,50.5370416,50.70569748,30.11335432,33.31201247,33.40446442,96.01001404,82.82120623,83.39022683
86,Buton Utara,5287.671149,5511.290524,5838.645555,5914.298774,5907.065405,5871.202906,5997.782852,5791.851125,5929.004375,5373.967071,5829.705262,47.55074695,56.49179861,60.44043579,61.02583867,61.87144036,64.18751743,63.4704937,64.02804956,64.42543302,70.00248497,70.41562819,33.39911584,32.3651483,32.6569556
87,Ciamis,6355.613804,6371.729964,6386.417872,6422.040679,6455.54394,6472.505612,6446.616238,6113.317277,5881.578076,4486.639694,8383.201627,507.0495266,534.6920141,538.7348256,544.1820241,564.6433621,570.0185044,575.8146648,580.8580273,584.5237459,599.690985,608.9280837,765.9900628,775.6819751,781.2946723
88,Cianjur,6689.120092,6422.101588,6518.066558,6401.95674,6133.707465,6153.412829,6511.071231,5339.75715,4817.348051,4361.7683,3549.301906,618.0803997,653.5081286,663.0001934,669.7046263,676.0911347,682.4411004,689.583158,695.626254,701.4755382,721.5788739,724.4414549,682.0073279,689.5406757,694.591563
89,Cilacap,5921.064847,5834.037639,5849.510286,5847.055769,5772.161517,5786.300893,5749.512313,5621.478168,5251.771499,5013.796995,2377.434733,797.5638361,726.5009005,735.1888635,742.6238133,749.7483905,756.7331422,764.1911582,770.8917713,775.8487174,745.1712834,750.4590709,820.3905595,827.0218394,832.709333
90,Cirebon,4507.389766,4076.63239,4070.039351,4370.141656,4235.020006,4020.779675,4348.816585,3628.036816,3497.777127,3415.433871,1731.041925,2015.514961,2130.303658,2157.64528,2179.475261,2200.903901,2221.576474,2254.732364,2274.511607,2314.936423,2380.927449,2392.383268,2184.389139,2193.917857,2210.308592
91,Dairi,6676.684349,6803.5917,6805.17064,6591.085288,6549.526609,6681.507198,6614.582246,6630.030623,6091.74906,5998.69658,6334.537432,132.7319741,129.8443893,131.5827526,134.6197952,134.5714635,136.5653248,137.7731871,139.0203443,139.980715,140.8852502,142.0012041,156.0965139,157.660537,158.7414798
92,Deiyai,4570.61465,5296.357918,4884.224188,4788.058315,5603.73711,5742.646432,4499.672447,4069.117329,5282.086471,3070.920967,2977.465217,22.12056157,16.07681545,14.93274099,15.07023437,15.37059211,15.52294751,15.48150627,15.35375527,15.36608402,16.47640837,16.60065143,19.42419639,30.50384834,31.3716641
93,Deli Serdang,5911.171504,6044.548669,6153.643129,6012.602689,5969.699866,5798.90043,5815.074094,5923.310284,5473.067775,5448.971205,5443.764052,673.2036618,659.2675242,670.9066475,682.134069,675.9982627,671.9000403,677.965214,683.9105776,690.0591358,694.4800662,700.0298977,764.0391124,774.5153988,780.6973355
94,Demak,5061.857876,5075.729556,5037.693512,5008.01158,4922.783443,4685.723534,4676.519158,4566.121982,4026.810976,3697.153574,4579.841191,1147.330789,1043.882207,1056.791924,1067.483318,1077.599605,1087.218224,1094.941155,1104.545677,1107.720172,1061.897966,1070.449326,1196.642377,1203.777179,1213.608757
95,Dharmasraya,7174.1466,6984.10457,6991.120326,7112.085869,6879.290102,6773.212656,7076.076006,6847.109586,6312.483015,6363.374734,6697.590695,108.1900988,111.1606571,108.5307826,109.5684125,109.6678673,110.6735502,111.8282859,113.005163,113.9510274,111.2842243,112.1899196,79.10343492,80.25517187,80.89393548
96,Dogiyai,6351.819294,6323.662551,6467.766016,6309.111797,6771.919256,6910.341793,6204.771333,5890.445844,5092.52153,5597.642649,6238.781064,9.037866995,13.91914262,14.02666087,14.23007147,14.45262274,14.59303829,14.58299787,14.70276039,14.78939959,15.84492719,15.9703384,24.14201416,25.94159606,26.03472247
97,Dompu,6579.662241,6247.539217,6406.788984,6578.702902,6355.703794,6231.538894,6512.055366,6158.713922,5480.252095,5061.377566,3964.575878,83.3003889,82.04505618,82.32974025,83.1686665,83.95170704,85.99896685,87.09446614,87.857036,88.70750097,89.3330138,88.76901224,99.44440001,100.1324971,100.956558
98,Donggala,6844.340385,6910.693017,6955.042688,7035.105049,6805.839012,6797.183014,6590.34223,6683.390014,6036.324302,5988.51087,6645.884242,32.62283517,32.34049352,32.10873251,32.46064082,33.99503934,34.2581648,34.48841537,34.54669767,35.41391539,36.59138837,34.17694456,51.75461518,52.70523249,53.0771258
99,Empat Lawang,7415.131923,7178.539055,7199.573593,7446.594455,7054.001091,7159.540581,7217.12258,7259.021114,6494.266181,6289.873195,6461.429687,67.19184203,63.99157366,64.73553271,65.37383359,66.11123883,66.60916689,67.19993302,67.77900781,68.28552019,74.10785445,74.69368725,138.090687,138.5782028,139.7197571
100,Ende,6583.161497,6284.116752,6338.807247,6464.462542,6425.1603,6214.429195,6806.069803,6319.608824,5816.809369,5908.953983,4908.670082,112.6020251,117.0829495,118.5277205,119.7295008,119.2042148,116.2687563,117.2829842,118.3066656,117.4456812,121.9886912,120.5233559,119.493969,120.6645526,121.610882
101,Enrekang,6713.409557,6629.87481,6827.11274,6928.008799,6815.224974,6762.479459,6448.938746,6739.216937,6088.044734,5855.589275,6492.107871,17.90991851,17.62183321,17.8445492,18.02256655,26.48509772,32.94462594,33.52497178,33.91068282,34.52859728,33.90060228,34.24162537,125.379433,126.3625056,127.3386216
102,Fakfak,6874.869556,6628.054975,6535.138447,6444.946505,6677.596415,6766.615067,6863.645893,6841.839193,6855.883689,6564.367988,6517.363963,6.726732522,7.977843397,8.140980923,8.159384767,8.177368636,8.229433198,8.35526725,8.440411325,8.48835514,9.481548812,9.526553507,6.813932344,6.175604832,6.478376179
103,Flores Timur,5568.196382,5455.641056,5363.92778,5652.145781,5414.340755,5299.080862,5708.663348,5249.939043,4992.082077,4138.714099,3884.374444,118.9810698,123.7152035,128.59305,129.8930024,130.6647321,131.2303538,132.0736138,132.6933542,133.611535,139.1149675,140.2120399,147.4063513,140.2847011,141.2546115
104,Garut,6284.347718,6502.786827,6547.395636,6487.817344,6407.117036,6227.71695,6413.606036,5793.167247,5794.459505,4260.885133,5413.867693,766.1165405,810.0249126,819.9237629,828.2156387,836.6953298,844.5663011,851.8991972,859.3720523,868.1117077,893.1328446,899.9223759,840.7464772,849.7030932,855.7751479
105,Gayo Lues,7131.01445,7239.44939,7322.349632,7073.181543,7146.044536,7168.340669,7060.562239,7026.577123,6446.628649,5998.971472,6831.045772,18.90889072,18.97029728,19.19678739,19.43367434,19.63655408,19.8218807,19.98485852,20.16229068,20.30576432,21.65897493,21.82926726,18.51575479,18.67870469,18.81260559
106,Gianyar,6388.441478,6326.791717,6382.445666,6211.459604,5966.124379,6179.230126,6379.381843,6205.707037,5933.630236,4916.763526,4557.46938,1210.357186,1311.643305,1329.435031,1342.879761,1356.290059,1368.299959,1381.075647,1394.368864,1386.911673,1379.911396,1389.02177,1353.766823,1408.993466,1419.810414
107,Gorontalo,6897.573607,6789.077321,6720.653622,6828.335749,6739.399265,6731.742513,6550.984662,6426.56838,6497.324494,6336.208653,6205.186673,259.4704662,283.1294309,284.5976751,287.4968654,288.2494717,291.3780785,291.6883114,290.9438408,290.7323937,292.85367,295.1567904,182.6731949,184.2343675,185.6295685
108,Gorontalo Utara,6161.088906,6019.555504,6382.011917,6147.859213,6119.511108,6259.123189,6258.839384,6037.377485,6160.333176,6131.143398,5897.123126,42.20528998,46.50731723,48.97748054,49.46008839,51.38204753,51.60377355,51.86065217,53.19330508,53.83785834,54.21425897,54.55057219,68.67484646,68.358826,68.87223271
109,Gowa,6561.598691,6081.952649,6460.358143,6427.788667,6411.287261,6347.679341,6177.285779,6265.854308,5919.193963,5599.479384,4704.114471,335.1070164,327.2179282,328.7919808,332.1499333,336.8657683,366.1684144,368.3075139,371.5357083,376.233498,369.7623526,372.7036884,427.6296189,431.0474896,434.4013717
110,Gresik,3437.650362,3150.100454,3452.027859,3520.392391,3341.888383,3371.329203,3567.606149,3363.712461,3011.453382,3078.455681,3276.762396,886.4865062,838.0401447,852.9809183,861.6052539,870.3018537,878.0327491,880.0837071,887.6381199,918.7010908,871.6026693,876.7118833,1038.267682,1032.850412,1040.754511
111,Grobogan,5764.593453,5530.838679,5587.07271,5530.190463,5432.397343,5136.845243,5587.602906,5278.540286,4595.573438,4578.880291,5163.955924,746.6156292,679.3098432,687.6254464,694.5819893,700.9359434,707.3679326,716.713358,722.9962692,727.984095,697.4473998,702.9283131,725.8452609,730.3252389,735.581976
112,Gunung Kidul,6086.946422,5568.105174,5674.446767,5824.526895,5463.498566,5583.804988,5905.713594,5702.391986,4887.352977,4710.467848,4587.438145,525.3106701,510.1208772,516.4243782,521.651547,526.5888591,531.3282564,535.4729179,540.175135,541.5327769,538.5583019,542.6576276,505.2332056,512.1407172,516.2152005
113,Gunung Mas,6838.427797,6289.382278,6332.77363,6459.589062,6233.8261,6515.932371,6902.416518,6853.840084,6950.057964,7269.319031,7819.37704,10.82229272,11.23511639,11.36240621,11.4997933,11.59020659,11.7088089,11.75543695,11.86069406,11.97460571,12.95090034,13.05912327,13.59762405,13.74253103,13.85510237
114,Halmahera Barat,7183.248439,7101.095539,7213.664861,7143.868154,7141.87609,7271.757679,6953.734325,6714.797413,6232.639217,6402.486798,6333.237498,56.91721553,66.40681353,68.22306939,68.92520762,69.96741846,72.8425555,73.29917097,73.91722829,74.65026732,80.69890755,81.37168454,53.90449694,57.6309715,57.98290673
115,Halmahera Selatan,5336.690524,4852.332972,4889.955157,5001.521558,5015.683324,5679.743029,5475.957923,5265.017587,5458.946826,5294.018106,4540.128939,5.517916062,6.404390773,6.449490847,6.558296962,6.660171151,6.576754859,6.597796785,6.704688556,6.60171249,7.834936925,7.306371578,17.27695363,16.46700078,16.48589135
116,Halmahera Tengah,5888.634233,5483.943757,5617.194769,5503.842144,5425.841533,5711.123699,5844.256168,5590.585477,5657.107238,5487.989679,5122.465426,6.933674861,8.086852363,8.179209455,8.269260823,8.176901999,8.543920782,8.786304055,8.853151036,6.094728543,6.075616299,5.72725277,18.17343467,18.55537315,18.56360591
117,Halmahera Timur,6891.258676,6311.35679,6457.77566,6510.935433,6518.761282,6691.14673,6488.543647,6231.290144,6388.938459,6146.346158,5742.122495,3.337681396,3.940471691,3.97515048,4.026770087,3.999586335,5.671920857,6.225007738,6.330731154,7.466136406,8.268238048,7.22022538,9.432265561,9.610424223,9.705823474
118,Halmahera Utara,6602.076812,5941.763499,6200.698297,6179.694283,6112.622992,6210.566306,6046.691792,5958.913196,5962.644545,5722.105857,5712.154276,57.51619258,71.16638022,71.77786003,72.49108319,73.02769303,73.56563476,73.8192973,74.44282951,77.61045795,84.04136548,83.74590154,45.91543695,45.91338389,46.36343758
119,Hulu Sungai Selatan,6511.166148,6326.625366,6423.211314,6603.2138,6588.971889,6613.443468,6743.474409,6431.960299,6240.299034,6007.32483,4541.612553,132.6649552,141.399521,143.1958667,144.6683603,146.0730341,147.4337166,148.6527004,149.9662561,151.1820719,159.1241752,160.3770954,136.2800549,137.5693577,138.6276974
120,Hulu Sungai Tengah,6950.144199,6918.503494,6817.172948,6952.097339,6914.392322,7007.529262,6955.403286,6596.835608,6335.78393,5871.746571,6166.827867,170.3113847,181.5380245,183.7397604,185.5862482,187.4872808,189.2688581,190.0672885,191.7260712,193.4413472,203.6013415,205.2004777,158.0444978,159.2128696,160.4372003
121,Hulu Sungai Utara,6218.149089,6098.392462,6273.924224,6451.843961,6321.612541,6450.723919,6396.42808,6066.999491,5925.48428,5846.324477,5366.181774,251.0493669,267.6131798,270.8854384,273.6894729,275.3499062,277.9725905,280.2568171,282.7073076,285.1865374,300.1715281,302.5413834,256.5681895,259.3125036,261.263723
122,Humbang Hasundutan,6710.819262,6965.938627,7009.832868,6607.360866,6722.792794,6696.126059,6637.509384,6570.258614,5853.982342,5915.171553,7002.732418,30.07809365,29.86324845,30.49418316,30.78173958,38.01605885,39.07189665,39.42164925,39.76774215,40.52882326,40.80333101,41.12116417,80.60832745,81.65180181,82.12170084
123,Indragiri Hilir,6309.058744,5911.868942,6071.245432,6143.895657,5912.460867,6135.565737,6143.167415,6099.050703,5844.85502,5941.309826,6258.779564,68.62046177,84.74972076,85.89303758,86.75115627,87.11222007,87.8185178,88.6389176,89.41399328,90.17739035,97.44700269,98.2051098,48.13489772,48.1350352,48.50179762
124,Indragiri Hulu,6775.26171,6358.712685,6560.354565,6601.479218,6362.096271,6262.009554,6727.963479,6429.524609,6214.038131,6007.025419,6847.122684,18.99186193,23.25447793,24.1303528,24.36982341,25.19047314,25.34543716,25.57394554,25.80083427,26.01911429,28.1154547,28.3374409,56.46485039,56.98691253,57.43952596
125,Indramayu,4695.906322,4022.56482,4270.05952,4528.734007,4184.437106,4095.562778,4331.220112,3870.911869,3758.797852,3364.77249,3324.432405,884.2835744,934.9530535,946.365445,955.9520905,965.0706318,974.1440133,983.8901176,992.5093607,1003.305798,1032.742918,1040.013929,878.4010291,881.9381959,887.9777444
126,Intan Jaya,6844.15148,6913.760523,6943.356648,6880.060085,6787.258516,7175.132345,6536.094888,6191.126447,5657.583025,5579.534216,6873.113194,2.528022047,4.710467936,4.83235946,4.899559625,5.073945138,5.116871387,5.221275875,5.334280959,5.380723333,5.768064659,5.821575543,26.98672625,28.69941687,29.19732307
127,Jayapura,7067.257572,7079.829296,7087.501679,7014.689733,7172.420219,7109.814461,7094.427082,7132.277306,7185.551779,6672.643629,6917.906997,3.277777784,4.881988128,4.940714068,4.988017592,5.129946698,5.206208977,5.241212151,5.183172532,5.176353208,5.552616683,5.574388695,11.85686739,11.77739374,11.89124067
128,Jayawijaya,6564.414966,6507.419417,6283.863292,6288.52828,6254.727341,6605.722688,6126.869672,5990.152197,5287.717993,5105.562772,5726.622847,26.6950753,39.49285625,40.11919999,40.2929643,40.55925217,43.58315892,43.97822187,44.35355876,44.73627941,47.87933274,48.2566406,103.3357916,104.7630676,105.4015288
129,Jember,6425.661137,6306.003955,6578.537571,6460.387774,6243.717598,5998.769178,6320.752969,6028.289927,5448.923719,4384.402352,5133.519952,775.5273611,733.6279417,743.5666764,751.0872797,757.9252113,764.7766285,771.6040871,778.3551525,785.2800211,742.7479432,748.6119559,766.6265089,772.0435243,778.0210388
130,Jembrana,5764.924692,6084.618284,6572.183361,6058.324212,6277.139411,6071.418374,7002.078031,5553.020654,5819.994195,4701.717964,4141.661406,307.6256659,334.432485,338.4611686,341.887665,345.1700332,348.4172692,351.6741387,353.0272801,353.758855,352.4499168,355.2113996,357.3101678,360.4310172,363.1666728
131,Jeneponto,5467.075648,4996.867039,5172.168092,5202.004247,5035.407058,4816.683885,4978.328713,4817.550224,4435.41303,4465.524753,1316.13214,718.9140349,707.2583344,714.7410754,721.9547688,727.4356612,715.5271359,721.9911564,728.3260005,728.6211068,715.1735402,719.8041205,500.0071848,497.8756524,501.8215334
132,Jepara,5733.798743,5602.884566,5572.801134,5815.879957,5485.514654,5255.68838,5614.356731,5201.130423,4666.495976,4371.377603,4945.566877,1094.950448,996.2196979,1008.516917,1018.716101,1028.811578,1038.488214,1047.692602,1056.875508,1065.685166,1021.672724,1026.635525,1141.168174,1153.683184,1162.506642
133,Jombang,6131.427099,5373.320236,5628.862162,5782.618676,5689.864632,5483.216229,5836.07855,5207.440121,4822.642704,4341.662877,2221.216197,1171.649506,1107.61019,1121.380502,1132.72604,1143.918663,1155.508023,1161.019686,1171.118204,1175.20699,1111.211983,1119.910978,1189.334817,1202.43255,1212.398301
134,Kaimana,6736.850389,6602.75924,6563.948306,6511.747165,6704.073846,6638.771926,6758.847459,6588.915802,6381.540758,6247.929076,6482.156119,0.657911939,0.865314482,0.771025433,0.881732077,0.971821529,0.978940777,0.952553189,0.984856962,1.047325059,1.16448825,1.173683119,1.59459805,1.687280276,1.723542356
135,Kampar,6872.897655,6776.491995,6853.656546,6878.832868,6846.821668,6662.45163,7010.493756,6947.712268,6736.446287,6455.810726,6721.664624,47.05951532,56.94967323,57.57706197,58.15097315,58.87468702,59.23892305,59.09267295,59.79292679,60.32363931,65.18351193,65.69878768,72.85302782,75.92716532,76.58924466
136,Kapuas,6600.529115,6171.222802,6172.197313,6316.944712,6176.095103,6372.377558,6740.181804,6802.727282,6813.089596,7108.363127,7026.950166,19.07605274,20.64942295,20.92106415,21.1170476,21.31272354,21.50859875,21.75015122,21.9401792,22.17030058,23.95969324,24.12937334,24.51224547,24.3907173,24.5852766
137,Kapuas Hulu,7154.290995,6980.822936,6971.054217,7112.743904,6881.335379,6980.12964,7072.840103,7126.270343,7014.406254,7140.385192,7169.92575,7.899383112,7.555161781,7.645426653,7.764966257,7.847671994,7.918473461,7.994148212,8.060813687,8.133699654,8.416104983,8.482693603,8.270257075,8.329292357,8.390559799
138,Karang Asem,5403.924342,5655.107403,5756.40907,5568.673204,5510.090115,5665.857333,6076.215805,5349.921133,4889.441567,4349.640799,3817.40499,480.5049327,520.2491446,528.6165446,533.9614592,539.6212012,544.1543421,549.0927254,555.0336618,562.1040832,560.1362572,562.9583472,569.2059667,571.6100768,576.021953
139,Karanganyar,6041.566363,6126.159954,6337.199044,6201.47496,5999.494886,5893.063238,6072.742832,5854.077661,5376.175109,4829.837339,4880.316411,1103.049444,1003.588744,1016.100142,1026.368727,1037.69523,1047.332631,1044.037796,1053.1946,1049.792213,1038.613123,1046.675442,1143.741448,1181.136344,1191.736053
140,Karawang,4682.16985,4448.416655,4647.152734,4648.340532,4478.240628,4268.815759,4199.861492,3967.380319,3977.288111,3566.62974,2782.854875,1176.060268,1243.433942,1257.158537,1272.862265,1284.461837,1296.518454,1313.073179,1324.405857,1326.787033,1366.763907,1379.162194,1230.219669,1233.7605,1241.953349
141,Karimun,2485.795646,2255.327978,2565.687263,2492.687032,2293.304356,2273.7971,2506.096969,2616.9269,2555.713244,3046.126586,2307.612632,182.9374571,199.3911746,201.8578134,203.8993257,206.5219258,208.4607941,210.3525608,212.1962177,213.9933942,248.9737865,250.5278992,234.1531239,226.1560591,227.3436554
142,Karo,6633.457226,6887.323966,6963.177116,6585.947658,6525.079148,6502.998029,6377.899825,6471.809812,6440.366028,6311.650749,5582.251854,98.54253596,96.57932765,98.04707055,102.7771784,102.7389895,128.7881676,130.3342251,131.4477197,133.2556086,134.3061054,135.4104422,192.5421767,192.8507475,194.2935648
143,Katingan,6730.143797,6349.786992,6422.090671,6549.631965,6314.034132,6457.659516,6821.060209,6754.583805,6844.099096,6976.790661,6959.611533,8.381090141,8.76151118,8.820014398,8.908337905,9.007931018,9.096699131,9.259720047,9.340804677,9.413550222,10.17986346,10.26016952,7.920555861,8.26889845,8.330284337
144,Kaur,7000.394113,6963.549535,7089.487045,7288.166605,7059.332534,7227.208331,7222.928531,6652.10853,5257.371578,4805.753727,6194.324379,16.12816079,16.42249123,17.08786298,17.1785235,17.83865913,17.90870335,18.06375339,18.216594,17.74286677,17.92349324,18.07077575,47.0426411,47.87736367,48.1979973
145,Kayong Utara,6685.93156,6490.348264,6494.944862,6566.930464,6274.155858,6453.461952,6642.95335,6663.233146,6398.739617,6196.734816,6366.775833,4.470845341,4.324403419,4.413259454,4.455020594,4.767114443,5.284077961,5.338208152,5.382413399,5.54681357,5.740434403,5.646212364,26.2530618,26.49714411,26.72331231
146,Kebumen,5821.767346,5648.648082,5890.585388,5686.581401,5564.07186,5729.170441,5816.423632,5426.164561,4967.404942,4926.873242,3542.260022,1020.967999,928.9057805,940.3898391,949.9042866,959.2756322,968.2777873,977.0513151,985.6149464,994.6878941,953.3122074,960.8875316,1013.470502,1022.156686,1029.742575
147,Kediri,6108.400112,5822.862207,6036.983417,5931.875939,5735.549273,5579.716358,5747.643933,5535.079231,5067.172637,4148.409902,5926.04617,978.6429023,925.1693596,936.0182672,945.4806209,954.5364807,962.4186121,973.3693528,981.9293068,996.292954,943.2310466,950.6382269,984.0473397,984.0796082,991.414302
148,Keerom,7228.955566,7250.895864,7308.34526,7153.091632,7374.466411,7324.834544,7335.278762,7223.294512,7273.379015,6893.369204,7268.270094,3.539986982,5.310374076,5.374335653,5.421374262,5.50508095,5.552861572,5.616365201,5.822083905,5.878949017,6.291335029,6.340625931,6.327598531,6.770025295,6.767241887
149,Kendal,5648.357877,5359.795267,5549.745938,5669.602754,5513.737857,5219.336988,5399.001188,4634.368247,4000.498952,3486.316168,5105.477379,998.5238428,908.491534,919.2566004,928.5575251,937.4580036,945.6276109,954.4871923,962.8596535,971.6186816,931.5297453,938.5469232,1016.568246,1025.489852,1033.134436
150,Kepahiang,7416.657401,7251.248652,7249.12643,7446.958858,7194.120085,7338.467034,7268.692045,7329.398406,6531.936192,6170.853257,5919.839418,87.13795103,82.83883483,86.40624122,87.31596292,88.52214047,89.15962985,90.11173719,90.91921747,92.56121914,94.19877578,94.96437417,221.9828846,227.7069319,229.5791677
151,Kepulauan Anambas,1563.172154,1315.315224,1475.986344,1417.509229,1263.85796,1181.267911,1499.23996,1770.031085,1639.632576,2275.110916,1974.835105,9.978512854,11.40246695,11.55336653,11.67242609,12.01214492,12.08373894,12.19625258,12.30871715,12.40369732,15.29053744,15.12253997,41.5593028,35.61579689,35.9741228
152,Kepulauan Aru,5312.270627,5024.425864,5268.653197,5349.588393,5249.729715,5400.0938,5612.169547,5431.048296,5435.749761,5395.189663,5400.791305,13.02688559,14.54047752,14.79772433,14.87119165,14.92156038,14.3052585,14.41694782,14.52286846,14.47360966,14.11104776,13.86007307,8.991001044,4.744231497,5.106427873
153,Kepulauan Mentawai,5164.217497,4934.504655,4748.740666,4680.219382,4961.877071,5163.730216,5698.686392,5724.511922,5301.721838,5494.666621,5889.869415,11.37527218,11.3858369,11.52665153,11.64285562,11.75911062,11.64809,11.74914774,11.85591636,11.75868112,11.46775477,10.15334952,12.11280257,12.56036159,12.63726831
154,Kepulauan Meranti,5774.136216,5727.097927,5722.30391,5791.469979,5372.144443,5448.314661,5715.937812,5662.600763,5725.915391,5716.201014,6020.246991,18.61723367,24.80155632,24.96620117,25.28349864,26.48772297,26.67762814,26.92600965,27.16310633,27.39389896,29.58504381,29.81985359,52.59865142,53.27518254,53.58463522
155,Kepulauan Sangihe,2961.656578,1883.236408,2565.989825,2858.443395,2613.801547,3335.695535,3558.96883,3834.616343,3858.592691,3785.43153,5140.113386,70.23507707,88.70838982,95.31582934,96.2738487,106.7039598,102.6612024,103.591571,104.4910841,109.4121263,109.8500181,101.366723,167.9816858,162.5870696,163.9295617
156,Kepulauan Selayar,2697.518044,2476.165968,3112.626463,2943.529438,3019.141982,3056.182981,3509.177395,3154.33868,2802.690881,2490.496813,3504.371091,66.47900969,65.40587916,69.49277796,70.19383463,72.35358536,72.65948402,73.27252148,79.43377718,80.58726189,79.25170963,77.579592,82.78147886,74.95702388,76.36259044
157,Kepulauan Seribu,73.29821689,40.46618037,42.89191059,90.62215847,87.14800962,80.55883561,45.06869429,126.3396126,423.4415442,529.4166544,737.0044803,,,,,,,,,,,,,,
158,Kepulauan Sula,3999.999774,3898.433827,3888.963348,3984.518052,4334.27859,5166.862347,5495.969501,5215.351871,4967.419304,4682.021246,4956.196346,7.890247069,9.147120575,9.362164189,9.353696094,9.688360046,7.598738635,7.758298148,7.902358746,7.328178056,7.925263137,5.411134897,36.67178733,37.49179694,37.838807
159,Kepulauan Talaud,3497.267626,2450.705424,2730.01099,2661.879318,3352.813228,3159.943043,3229.223257,3674.294935,3647.528482,3964.406167,3789.764387,179.2598592,155.6176424,153.7541733,155.2894578,150.3675054,144.6693776,145.9763232,147.2509799,148.4906574,148.5880012,149.614647,66.26479866,58.07838252,58.67414992
160,Kepulauan Yapen,4421.62069,4734.385349,4588.897177,4561.415756,4897.636103,5521.564876,6201.96598,6111.977745,6529.356289,6040.31396,5751.949223,11.77277559,17.58412229,17.88194097,17.97151116,18.26790502,21.33162102,21.51139252,21.83912106,22.88793192,24.65945599,24.74746453,32.18936387,31.66895195,32.11008777
161,Kerinci,7224.505777,7247.864112,7055.142756,7150.439356,7138.972788,7038.511474,7125.945437,6770.30174,5582.865454,5422.86808,5736.036393,76.28389335,86.16282802,87.15555312,88.00415595,89.20153368,90.04035628,90.8193911,91.61500454,92.03337162,97.58276904,98.35342475,74.44373398,74.85331324,75.42760449
162,Ketapang,6957.947237,6713.526086,6789.239176,6873.106175,6591.109769,6775.635568,6914.105805,6891.766474,6549.493656,6688.330113,6808.027335,16.47661444,15.73211157,15.93511313,16.08832505,16.18461601,16.26903399,16.40573568,16.54914072,16.43572282,16.98470856,17.05954253,19.05454216,19.19558669,19.33878928
163,Klaten,5717.917152,5481.243455,5829.897674,5755.455788,5417.098119,5570.298079,5508.18769,5378.094079,4881.973351,4866.079693,6915.442125,1838.247882,1672.799332,1693.532249,1710.657778,1727.513113,1744.90505,1760.515899,1775.949972,1789.503875,1715.363791,1728.875543,1784.017633,1795.467085,1809.382523
164,Klungkung,4830.194552,4586.607882,4767.678635,4715.067882,4544.713105,4855.50672,5436.643073,4399.388698,4176.205143,2841.03213,2546.395146,693.3188122,752.8478012,843.7720345,852.2642611,856.8978248,862.3293771,869.232947,849.8677245,817.1777716,807.6135622,801.1089254,608.5124386,594.4934069,598.9888595
165,Kolaka,6909.754954,6896.28716,7145.023069,7004.372578,6966.674892,6877.829652,6739.248667,6611.635231,6184.686018,5147.889543,5024.985788,67.64282387,72.80321231,73.67957187,74.41611244,74.31684298,74.45448024,75.5438212,76.20253657,78.8831076,85.70784541,85.96858107,69.50533163,70.6897917,71.20816676
166,Kolaka Timur,7208.879957,7373.938948,7452.044017,7364.982327,7365.358845,7347.396559,7300.259512,7182.424391,6939.402903,6355.784001,6885.099588,33.94770328,37.68587413,38.16064788,38.54403629,38.52838157,38.33036248,38.38175952,38.71912767,39.00008213,42.35502416,42.68736831,32.75552125,33.13836788,33.41268667
167,Kolaka Utara,7053.725004,6884.202577,7054.212475,7190.778034,7139.008756,7175.084264,6788.479599,6448.307168,6296.5389,6072.414088,5589.713651,12.52689259,12.62696853,12.80295404,12.9329758,14.06010006,14.12786357,14.26677215,14.31645898,14.3831859,15.73921734,15.82816852,36.30505582,38.19933277,38.56546618
168,Konawe,6941.477318,6983.641061,7094.06046,7055.54427,6940.210329,6923.47372,7005.844013,6690.257769,6697.221843,5900.726459,5960.455822,44.88213255,47.82765225,48.15534456,48.58716421,48.35957695,47.32789048,47.98159098,48.41366101,49.86522352,54.71490014,54.49479045,54.3024801,52.39614061,52.7791997
169,Konawe Kepulauan,4914.922816,5113.491765,5605.182482,5612.598694,5601.593607,5636.537349,6173.877177,6150.775854,5768.799535,4883.151458,5416.151434,13.1474928,14.22312782,14.46017319,14.59537957,15.0439818,23.93091495,24.31649722,24.47278696,17.27360217,16.25719014,17.86997423,17.70237574,30.89875257,31.06750166
170,Konawe Selatan,6345.81423,6263.306977,6474.675299,6424.998736,6305.130402,6303.445504,6550.96605,6387.379638,6160.546587,5428.618623,5387.636604,50.66070103,54.8457334,55.71757612,56.35972888,57.46176242,57.70047237,58.24084688,58.75175255,58.84187903,63.885675,63.69335932,71.38194039,71.6734273,72.28158151
171,Konawe Utara,6573.204955,6701.35083,6874.586603,6840.545919,6816.850205,6909.360536,6928.79976,6661.94324,6651.529184,5789.442582,5688.246335,12.58731243,13.63512226,13.87225338,14.00234332,14.11917367,13.81803512,13.94776098,14.06946963,14.05584513,15.50516023,15.34728102,13.34270569,13.19332885,13.30136456
172,Kota Ambon,5177.679967,4856.677683,4650.276956,4919.010113,4747.060883,5098.80107,5216.554201,4639.927503,5156.66101,3940.755734,2410.447002,498.1577144,555.9774427,562.8439819,568.5568933,574.3230575,586.9416576,591.9458738,597.0660243,673.9417085,718.0849823,673.8743391,855.6588944,863.1598723,869.6249871
173,Kota Balikpapan,5886.929799,5489.475376,5413.649076,5309.33597,5190.403124,5239.124186,5558.213561,5766.768459,5925.680763,5400.575589,4904.250046,663.6029739,842.6811608,942.3038963,951.8566217,961.5426555,970.8688434,980.3385402,988.9281991,1099.711899,1206.046503,1214.851891,1197.282588,1204.488746,1213.780768
174,Kota Banda Aceh,5078.767766,4761.085216,4600.656947,4998.804559,4690.784538,4753.124533,4605.62987,4646.897943,4434.414505,4665.070299,0,5069.680033,5085.893535,5148.632442,5200.747535,5246.135622,5292.973637,5347.943295,5393.818693,5450.577922,5806.15836,5861.766438,4561.401991,4508.860675,4543.376448
175,Kota Bandar Lampung,5383.935886,5099.290855,4691.56295,5193.643461,4614.063489,4804.495419,4689.550576,4613.165831,4402.689118,4360.961276,5529.678547,4664.247744,4618.735407,4674.403193,4765.79273,4810.086384,4855.278431,4894.376996,4937.282238,4967.479477,4824.27223,4857.749403,6412.929493,6470.928833,6507.618817
176,Kota Bandung,4614.34933,5050.923799,5262.663742,4827.242077,4733.088557,4259.967623,4475.384689,3923.622931,2941.477213,2440.039854,1100.559679,13653.73605,14374.26504,14565.84679,14713.23577,14852.4014,14991.91136,15160.40528,15293.30559,15396.16537,15841.13932,15966.18917,14742.5608,14866.39284,14991.06194
177,Kota Banjar,5674.147313,5798.275421,5622.858097,5727.829075,5461.875853,5630.56156,5521.511217,5321.55842,5177.558521,5086.963882,7691,1216.502107,1312.753227,1333.656912,1347.12157,1325.14308,1337.550612,1349.849115,1361.692046,1370.707538,1416.548205,1411.631495,1527.926597,1541.936492,1554.63271
178,Kota Banjar Baru,5763.583361,5631.983858,5935.947254,5890.439951,5578.665318,5574.206262,5978.267045,5723.44884,5510.800201,5120.022128,3720.514027,524.5910056,559.2429728,561.2643895,566.9618628,572.2541273,577.3561047,582.4432578,587.5886206,592.4474534,623.9638277,628.8720868,762.8904367,771.2434479,777.215007
179,Kota Banjarmasin,5604.318184,5213.233976,5329.915387,5563.108077,5458.04529,4956.302475,5411.786615,4462.98757,4636.148507,4889.870946,3025.201933,6548.300824,6978.44692,7071.448907,7142.971566,7212.2001,7280.001637,7336.450083,7400.787774,7532.669486,7939.301362,7998.910026,6911.722278,6895.239834,6949.116756
180,Kota Baru,6367.240411,6100.446048,6144.643813,6217.428157,6114.331686,6138.758053,6408.116243,6321.680728,6131.257334,5834.105244,6053.131994,29.09728038,30.66926898,30.27656054,30.58713051,31.21045392,31.20353864,31.3687645,31.37141304,32.83597223,34.19496019,33.78343486,29.29733501,30.08825489,30.32917073
181,Kota Batam,2143.004493,2044.789045,1979.115696,2315.672044,1836.04789,1681.143585,2109.253454,2304.018535,2330.786246,2794.634702,4515.872054,418.8549576,804.7392425,814.6694431,822.9126594,830.9083814,838.7484776,846.3789445,853.6371092,861.8219597,1004.10087,1010.807821,1003.982527,994.5398013,1003.185823
182,Kota Batu,6396.661657,6116.655259,6373.994259,6408.476194,6060.409866,5743.223878,5923.673023,5998.617977,4669.534203,5103.24139,3073.200324,988.7853954,963.4296584,1091.614482,1102.633458,1097.131469,1052.47549,1062.023312,1071.318732,1080.023882,1023.029922,1031.41834,1065.111733,1075.119222,1085.685079
183,Kota Baubau,7207.71417,7155.623157,7393.138554,7350.719523,7483.809043,7230.32153,7059.56918,7117.518179,6710.747973,6253.978616,5241.77534,85.97790794,92.51044776,93.77944232,94.54183471,94.036089,121.3768155,122.467517,123.5393093,126.220436,137.4214081,112.385858,418.5999498,415.4211335,418.7955729
184,Kota Bekasi,4066.169366,3841.172426,3815.642549,3808.291748,3497.083697,3454.972482,2921.542393,3210.126273,3031.79057,2658.870782,3814.882177,8704.774846,9196.2131,9273.654845,9367.855772,9453.044053,9526.406857,9448.976732,9533.474067,9641.711841,9898.158688,9973.98915,11627.30802,11748.55658,11842.92983
185,Kota Bengkulu,7038.302223,6915.026207,6770.972089,7113.560334,6834.438712,6659.274465,6723.730853,6495.701123,5261.417994,5238.343367,2413.509464,2383.615727,2336.837587,2349.733146,2373.421115,2380.081736,2411.923169,2433.222729,2454.591465,2454.185005,2482.957185,2502.396224,1963.595699,1989.381484,2004.517813
186,Kota Bima,6939.889093,5859.589136,6493.124374,6695.891714,6390.798558,6788.445314,7077.192301,6333.815647,5785.691455,5203.987158,5499.708932,403.8123626,397.6733683,414.2000294,418.4009989,420.9188453,422.1436506,425.7254975,429.4542911,433.0710924,435.6517731,437.539385,705.6886458,709.3620434,714.7131081
187,Kota Binjai,5905.248058,5774.377605,6002.336286,5786.07266,5764.101154,5621.693052,5569.250859,5613.282322,5197.086933,5279.543834,5498.723628,2504.614349,2448.847634,2479.232011,2474.990605,2390.334945,2412.292655,2432.913991,2454.25976,2479.078839,2494.886886,2514.413921,3112.189723,3127.204255,3151.342521
188,Kota Bitung,5625.263367,4306.665809,4491.754117,4685.833254,4779.859002,5413.104367,5218.771818,4731.11178,5313.550589,5224.119906,6188.530957,110.6285668,109.5389737,110.8850781,111.9746964,116.8034615,159.6206405,160.5765973,161.4206297,159.8491644,159.9976702,158.1189358,670.3432984,673.1496872,678.0445837
189,Kota Blitar,6110.474327,5970.391267,6023.703962,6113.931468,5669.363214,5988.496656,5583.697966,5667.149845,4853.326711,5113.189511,5117.52241,4100.946551,3876.883591,3924.697898,3964.498798,4004.099922,3782.027928,3766.990087,3798.915487,3864.887213,3659.372698,3688.30894,4575.483974,4573.602804,4611.392575
190,Kota Bogor,5218.245776,5373.985064,5238.854971,5345.658091,5239.804245,5084.813839,4971.102818,4135.514806,3917.399019,4162.871087,5871.827134,7728.445489,8152.647268,8251.505882,8334.942402,8409.486881,8480.218899,8525.234414,8599.802862,8728.285896,8993.759478,9058.940941,9514.62864,9488.647036,9555.628589
191,Kota Bukittinggi,6402.628962,6064.646563,6189.983783,6308.248781,6172.848854,5841.392967,6230.502477,5836.100813,5400.523772,4829.114826,5926.568699,4008.749053,4012.333269,4062.221696,4104.47437,4141.121175,4163.598463,4201.93157,4238.747367,4272.595022,4170.711771,4203.672503,4656.585773,4809.073405,4847.963512
192,Kota Cilegon,4413.985565,3857.625332,4233.416781,4120.63491,4042.4101,3767.284643,4080.728266,3741.873276,3679.276432,3901.950545,4469.697065,2164.356421,2493.050693,2537.304067,2563.003708,2570.312679,2594.399375,2631.20721,2653.935163,2661.40547,2834.01961,2855.66427,2585.960172,2582.955946,2607.245182
193,Kota Cimahi,4513.528293,4808.710629,4582.047685,4590.325576,4688.836929,3638.711845,3695.106106,3138.415901,2983.758579,2264.90133,2085.484741,7088.222859,7714.90369,7879.3729,7959.106101,8006.885123,8081.412492,8183.815035,8255.47347,8483.305284,8730.842617,8764.391212,13302.69504,13398.7467,13487.01314
194,Kota Cirebon,3157.050982,3098.078729,3162.487648,2575.509598,3276.78845,3049.388223,2552.704745,1902.371149,2453.360953,2294.732646,184.189509,9618.199876,10176.34687,10301.85297,10406.15165,10496.49643,10595.19488,10618.11641,10711.04262,10873.14247,11188.39712,11270.35758,7972.258378,7999.920501,8059.812951
195,Kota Denpasar,4259.085456,3987.097303,4028.855189,3983.94796,3731.794548,3815.303308,3985.227306,3562.158818,3201.615305,2439.534875,2244.816511,4845.828771,5250.644802,5317.777857,5371.58159,5425.121726,5476.085825,5526.153444,5571.062004,5595.054419,5567.577531,5609.699683,5666.560193,5677.30805,5724.820464
196,Kota Depok,4391.598753,4416.552765,4449.227928,4393.918854,4007.042217,3539.792762,3750.373046,3124.61344,3518.722725,2639.047413,5821.24291,6722.134784,7101.94578,7216.490317,7289.477698,7351.973173,7723.243958,7759.167386,7827.184289,8039.491791,8270.4426,8339.396779,10416.44689,10449.44906,10524.06729
197,Kota Dumai,5827.943965,5602.660498,5924.523276,5876.722983,5572.89073,5981.281563,6051.7143,6030.085655,5974.784881,6052.276843,6442.804057,200.2028789,219.3601101,220.9493568,222.9726384,222.8996613,224.7305624,226.7710895,228.7585445,230.7072147,249.2925885,251.2605147,139.2641073,140.3072173,141.3520238
198,Kota Gorontalo,5931.042078,6280.759448,6122.715468,5713.716912,6278.357223,5605.089572,5713.628027,5310.630313,5693.588477,5137.517356,3267.680412,2023.876837,2212.297838,2241.030842,2263.737434,2218.915633,2239.626888,2356.77327,2400.559391,2356.781782,2372.347812,2398.544466,2930.964395,2909.713293,2931.048345
199,Kota Gunungsitoli,5601.496938,5225.516751,5037.412895,5019.897744,5146.769604,5813.957855,5812.338728,5745.546286,5462.464266,5850.514061,4304.417169,102.9831749,102.1694653,103.4244591,104.5077711,106.6333917,107.5360595,108.5116211,109.461942,110.3954945,110.5464482,110.532948,372.7845115,342.981024,346.550453
200,Kota Jakarta Barat,1828.43741,1537.685054,1578.136788,1581.322304,1448.116348,1685.621855,1478.76115,2054.486074,2135.150986,3129.237908,4775.662126,17928.24043,18030.16621,18241.30095,18425.84583,18605.47918,18779.83325,18932.85233,19098.36811,19335.35098,18973.464,19122.10802,19694.29559,19840.88358,19972.95336
201,Kota Jakarta Pusat,1981.135387,2067.335162,2190.864333,1989.983079,1913.302939,1823.752615,1741.607937,1742.761423,2192.325774,2319.269006,5316.955982,20226.55093,20307.81518,20543.74117,20751.53967,20953.89015,21150.14431,21364.76938,21551.8183,21942.1406,21501.27449,21669.90401,21329.10985,21501.50033,21691.53917
202,Kota Jakarta Selatan,2756.438755,2809.897044,3135.816911,2586.393955,2663.023517,2660.617207,1831.834879,2391.471923,2552.381445,2952.47729,2664.537093,14118.48695,14192.56562,14347.94054,14493.04599,14634.38899,14763.51446,14880.23998,15010.55426,15130.33642,14851.63062,14968.73002,15360.74676,15472.91517,15630.24203
203,Kota Jakarta Timur,3364.150323,3396.15651,3433.754392,3296.77972,2880.329648,2930.286382,2440.37537,2503.083525,2593.492006,2477.829249,4617.192818,15494.44035,15586.46234,15718.45302,15877.4699,16032.3262,16180.62771,16393.53825,16534.96315,16679.44604,16382.15105,16510.12125,17031.62698,17147.59895,17235.79586
204,Kota Jakarta Utara,1674.846548,2051.701882,1826.868592,2151.940858,1659.963259,1862.44854,2557.488168,1932.197416,2035.704943,2449.448634,3556.35356,11238.25959,11306.27191,11441.9528,11557.87001,11670.58271,11781.10987,11881.79152,11986.91796,12041.56504,11810.81132,11877.8332,11958.3639,12048.60706,12196.83404
205,Kota Jambi,5439.957696,5715.242181,5775.727682,5784.093938,5332.029595,5450.676257,4929.739134,4979.578491,4919.377082,4734.565581,7245.686011,3018.013665,3403.356599,3446.745036,3481.927275,3514.894281,3547.884206,3578.595626,3609.536937,3643.59328,3864.083544,3894.576772,3573.773516,3576.825985,3604.1405
206,Kota Jayapura,6062.882576,6328.907013,6359.49807,6212.503496,6245.948903,6374.101486,6668.656412,6592.571312,6560.699716,5926.116171,6947.898621,202.0403914,297.4451798,301.1251321,304.1831794,307.2905158,314.0533302,317.6224568,320.4043146,357.5129651,383.7253219,386.7586575,381.0189667,426.5885067,429.9742312
207,Kota Kediri,5787.224905,5470.356781,5770.527283,5671.799326,5452.59486,5355.002376,5029.168395,5172.956084,4878.901536,3856.870516,NA,4209.848142,3979.722068,4036.411182,4077.336259,4114.913253,4104.922531,4134.23988,4170.473967,4171.852596,3941.896793,3973.88799,4023.204476,4070.801737,4106.468648
208,Kota Kendari,5955.843739,5980.722067,6311.451986,5979.008647,6041.190176,5953.854805,6339.154662,5905.208545,5794.525997,4357.819928,5759.134998,832.3045835,895.2307037,906.2489285,915.4794728,923.9746017,933.6606572,942.2463084,950.5140079,971.1251705,1054.695687,1062.528552,1218.490195,1224.493243,1234.048756
209,Kota Kotamobagu,7016.455215,6920.951925,6709.214405,6930.831698,6935.263932,7182.591152,6579.676132,6393.466579,6273.646363,6456.495332,4759.995629,1153.962029,1142.392616,1156.530063,1168.401142,1139.27102,1149.63399,1160.099328,1172.923888,1179.125465,1179.942787,1185.056376,1229.620046,1234.751413,1244.383965
210,Kota Kupang,6158.322516,5487.634387,5714.348112,6083.881045,5720.420243,5194.45436,5669.446396,5422.909307,4351.14937,4068.517871,5468.986837,1534.499767,1595.69472,1615.318734,1631.73026,1638.646283,1647.527109,1653.288799,1674.384931,1699.176754,1770.471746,1782.866179,2691.323066,2713.73169,2734.664872
211,Kota Langsa,4808.819249,5125.12969,5281.592224,5430.497348,5220.708938,4792.87389,4868.022841,5320.256037,4804.192405,5292.959027,4456.97327,631.7582225,633.7670361,642.2907804,648.8264051,655.0030968,661.1593882,667.0794424,672.9301684,678.5876045,724.0509866,726.6922486,878.1785103,878.3210194,885.3543436
212,Kota Lhokseumawe,4613.05192,4642.445705,4074.572021,4542.106855,4339.914492,4246.208852,3741.913775,4129.633195,4074.798605,4229.476018,4439.156034,739.3469188,741.7654498,750.9609701,758.5461171,737.3503058,741.1565509,747.4916851,754.3209953,808.8764606,865.8789547,872.8557095,1251.358316,1251.773673,1261.857775
213,Kota Lubuklinggau,6933.049489,6816.326122,6939.591988,6792.973808,6732.515543,6622.831127,6952.4917,6865.126293,6445.969004,6436.571873,7546.129226,377.4638318,359.69507,369.6508824,372.2667924,373.5129254,377.0690383,380.5323145,383.8465404,386.9712472,419.9311246,423.2434224,643.4278506,644.6070219,649.6933388
214,Kota Madiun,5763.185432,5631.344427,5832.82272,6206.313031,5722.746768,5506.718315,5578.039048,5573.511699,4596.876425,4013.248773,4424.998421,5717.131554,5404.891266,5471.448113,5526.788134,5571.884779,5624.204967,5476.985587,5524.999802,5569.737691,5272.229356,5313.871075,5376.292649,5383.980105,5432.014795
215,Kota Magelang,6227.433689,6074.102729,6205.123877,6252.713262,5942.90617,5772.700898,6224.928338,5725.677643,4947.277033,3958.32429,NA,7379.443371,6713.976694,6800.179977,6868.939571,6914.251443,6914.38454,7038.755384,7100.477231,6853.315882,6534.602489,6582.657195,7380.005528,7104.221205,7127.513827
216,Kota Makassar,4260.830633,4111.108861,4305.031157,4334.185075,4151.035977,3859.988719,3642.536573,3765.358472,3301.472124,2299.771721,438.8738106,7178.097374,7061.091916,7311.324904,7385.339894,7445.958442,7461.486157,7539.712342,7605.7068,7631.867952,7495.14577,7541.006159,7527.129384,7579.909281,7639.02752
217,Kota Malang,5603.996817,5285.119073,5369.277212,5550.745175,5255.870197,4941.806849,4966.407589,4439.742007,3654.8485,1838.672103,NA,9266.653443,8801.869378,8933.099332,9023.461346,9092.333465,9101.21264,9236.131073,9316.94533,9419.208376,8910.613544,8981.05582,7676.903279,7655.675065,7714.822688
218,Kota Manado,6186.127447,5959.290104,5987.416216,5835.758401,5860.15051,5682.263508,5906.507883,5783.350235,5282.559109,5272.24164,5093.749596,2577.852893,2552.470735,2583.944542,2610.123902,2626.190174,2482.80254,2543.174452,2563.725259,2580.24121,2584.59914,2581.444524,2676.389191,2686.894535,2708.901744
219,Kota Mataram,5578.312707,5768.367649,6033.23873,5962.604613,5949.556191,5724.002251,5641.471832,4959.203853,4363.592674,3291.258406,NA,12157.34796,12046.4092,12233.15,12357.99255,12271.53481,10862.75209,10803.71092,10895.5087,10697.29525,10752.98801,10821.94429,7047.895035,7047.121006,7105.031138
220,Kota Medan,4378.791351,4454.858391,4701.527693,4560.0288,4314.343943,3935.525329,4167.017554,3854.748088,4239.748954,4023.751903,4737.393118,10969.10358,10730.89434,10882.51269,10988.38512,10981.33057,11025.94419,11126.21315,11223.74913,11320.3509,11393.89712,11483.15844,8588.147397,8619.989689,8685.474816
221,Kota Metro,5210.546752,4842.717463,5195.804722,5300.455225,5168.980828,5092.405477,5271.117701,4931.133722,4887.956631,4378.554561,5503.945625,1596.04673,1580.390209,1606.492264,1783.538344,1781.253367,1797.232455,1813.851325,1829.321678,1846.593485,1795.714305,1809.875384,2150.94838,2165.046137,2183.619514
222,Kota Mojokerto,5589.173901,5025.222629,5321.242854,5313.201235,5229.207268,5393.578742,4976.858376,5000.069338,3971.664062,3710.983096,6283,6077.10671,5745.01729,5816.009719,5874.799139,5933.56471,5989.295364,5986.45962,6038.936723,6092.776944,5763.828325,5809.289708,6422.01593,6419.989662,6478.736728
223,Kota Padang,6728.49139,6979.601826,6431.371492,6705.281833,6543.465775,6453.778618,6917.832854,6694.975224,5523.21282,4074.433143,3132.982039,1652.703027,1661.241132,1683.995888,1701.079548,1712.589288,1753.674272,1769.497034,1785.003899,1812.329624,1769.668822,1783.370863,1281.205379,1303.270599,1313.029795
224,Kota Padang Panjang,6238.568466,6652.910568,6927.446585,7015.931539,6596.357447,6644.753658,6264.621122,6448.957447,3705.731579,4824.764183,1880.113417,2154.044864,2155.906417,2183.297817,2208.054821,2220.78377,2227.506407,2250.733713,2270.464542,2289.712367,2235.068444,2252.718899,2610.830025,2603.292714,2622.760289
225,Kota Padangsidimpuan,6966.461664,7097.605066,6973.163909,6918.1969,6829.07458,6997.099808,6949.008643,7109.342851,6497.754025,7052.789165,4912.640682,2107.515123,2060.250742,2123.917034,2175.963811,2131.753961,2142.451912,2161.919627,2180.411539,2198.87438,2213.102049,2230.554073,1698.740434,1690.747228,1703.499001
226,Kota Pagar Alam,6993.775463,6947.261751,6996.729736,7309.848884,6934.168067,7097.586233,6899.459397,6771.113192,5969.749352,5471.17511,6696.495366,64.91128159,62.03888527,64.56627597,65.26018371,67.39443047,70.07778696,70.69853291,71.31408792,71.62615157,77.70675673,78.32311085,243.9435931,246.6052943,248.420391
227,Kota Palangka Raya,6115.415169,5492.805779,5833.725438,5890.006367,5440.682017,5684.488175,6299.916094,6019.773694,6163.372547,6249.898876,6729.442972,90.42550556,94.5988295,95.7956035,96.73601666,97.65693135,98.57314264,99.51711083,100.3889971,101.2400289,109.4914812,110.3544514,114.734572,115.6366369,116.5320553
228,Kota Palembang,5163.097739,4579.109439,4961.942138,5051.263192,5087.458791,5040.988947,4607.244992,4812.853522,4172.169293,4769.377654,5964.323791,4962.284644,4700.985034,4793.63414,4872.744937,4916.031343,4962.201435,5005.20412,5049.073214,5110.955508,5547.945453,5590.145332,4671.767839,4674.639531,4710.745484
229,Kota Palopo,5883.709897,5459.640716,5896.60822,5765.216713,5531.961186,5870.856991,5488.371649,5228.015265,5258.589211,4692.651925,4766.145953,281.6366397,277.0352876,286.2736539,289.0322436,281.4811159,296.6625043,299.361699,303.0704696,300.7208243,294.3051198,296.5573555,624.2627214,632.4427235,637.6285186
230,Kota Palu,5962.766557,5747.641417,5957.428186,5593.154396,6177.506262,5803.210709,5941.891248,6170.254482,5820.153093,5620.000726,4568.343724,574.9105931,599.1212386,600.109821,606.1321874,608.0362831,613.2842787,630.5493944,638.8957111,638.5335145,660.0517962,661.5678284,919.4419064,922.9802771,929.895681
231,Kota Pangkal Pinang,3253.427916,2554.023662,3180.666639,2865.502233,3055.573063,1890.537653,2919.488922,3079.466373,3329.384382,3759.503497,5502.399373,685.0825682,1134.21414,1145.692043,1159.596909,1156.986283,1098.616377,1108.60521,1118.29614,1161.218192,1263.012123,1272.793292,2152.805644,2121.247067,2138.254197
232,Kota Parepare,7040.407024,6503.779215,7092.701335,6741.559468,6552.758896,6482.110936,6891.567055,6677.615019,5606.818419,5472.040779,0,1330.218705,1308.568361,1324.79544,1338.187759,1347.130123,1362.658847,1386.639474,1400.224293,1405.373406,1380.30266,1405.116072,1584.078948,1596.810647,1611.54312
233,Kota Pariaman,6418.473769,6419.279264,6295.933928,6490.436335,6522.240951,6121.836933,6297.794216,6221.207531,5034.106428,2339.790904,3284.16373,1548.154091,1549.711522,1617.455648,1633.980204,1628.911658,1667.482285,1682.617023,1697.378841,1692.165162,1650.181892,1661.554519,1434.302509,1419.504636,1426.830401
234,Kota Pasuruan,3735.86476,4189.898575,3784.092194,4259.615481,4413.868299,4119.818939,3785.868282,2983.928677,3042.914735,2773.792393,1.473684254,4949.907562,4679.394664,4744.332473,4792.177916,4828.41311,4873.890032,4914.297897,4957.366515,4998.863837,4728.574293,4765.310722,5294.107271,5308.123844,5344.722223
235,Kota Payakumbuh,6214.420497,5947.060957,6218.863107,6186.707946,6077.564034,6124.731423,5973.946663,5997.086979,5320.823864,5525.381886,4200.628467,2233.855379,2235.690997,2292.162738,2200.013341,2218.716857,2238.132287,2256.47935,2275.913799,2295.177187,2240.422472,2258.123794,1864.69047,1878.683196,1894.920932
236,Kota Pekalongan,4430.879628,4129.742102,4088.774885,4553.868289,4267.539497,3381.845731,3740.336454,2696.013188,2591.377207,4077.720087,0,6614.276687,6017.83538,6092.159425,6153.748188,6207.760902,6266.085544,6370.726147,6426.614662,6480.278983,6212.831535,6261.836045,6569.540141,6471.126145,6518.051646
237,Kota Pekanbaru,6054.459687,5967.926721,6103.472692,6058.986283,6037.933283,5957.888571,6112.639617,5906.504295,5846.316642,5238.727066,5937.115407,1230.998972,1528.624223,1542.183885,1557.815761,1571.857836,1588.386478,1602.761156,1616.528536,1630.310626,1761.670655,1775.56819,1602.604795,1615.661566,1628.123563
238,Kota Pematang Siantar,6081.290933,6103.19346,6481.101574,6130.326544,6444.762712,6049.736031,5908.553982,5795.78018,5280.324152,4932.225578,4241.367078,3901.800207,3815.629343,3864.668456,3903.420943,3937.309892,3968.187981,3987.5587,4022.025869,4059.507529,4085.591703,4117.651607,3624.30548,3596.410933,3624.648228
239,Kota Pontianak,5766.777402,5862.857958,5778.572411,5772.051959,5839.994881,5726.876245,5650.20355,5304.600733,5385.917052,4939.953746,3675.951076,8051.545685,7698.149582,7809.832754,7888.02789,7908.933718,7984.168997,8109.473185,8180.451176,8277.477889,8565.145044,8618.260789,5749.734089,5747.707651,5792.167589
240,Kota Prabumulih,6821.302004,6362.875084,6501.300125,6816.959038,6469.764509,6586.355876,6648.122442,6512.324649,5784.326155,5927.52511,5452.569505,207.9974132,200.065707,202.662554,204.6383459,203.4638826,205.0062149,206.8710523,208.675459,210.6946929,228.6992864,230.494555,481.3079417,486.9104677,490.6839784
241,Kota Probolinggo,4662.186788,4354.214231,4216.527359,4289.812294,4042.472939,4218.056782,3814.882542,3710.725785,3188.586695,3052.447296,3234.152075,3677.262557,3476.379975,3529.902977,3565.697302,3597.443491,3628.683383,3637.906769,3669.832027,3697.846796,3498.248109,3524.481867,4127.072003,4262.987329,4297.286872
242,Kota Sabang,1222.649813,3097.028721,2923.585666,2233.435979,1940.556368,2739.101687,2872.788839,3462.869084,2717.012112,2800.182773,3074.626784,156.826421,157.3388533,159.3092828,160.8964776,154.0042221,146.0235612,148.2568072,150.4471348,150.728142,161.0787943,161.7775857,230.9984221,255.3678844,257.5255888
243,Kota Salatiga,6336.347497,6216.183882,6272.050943,6512.844079,6144.986654,6071.061541,5975.241053,5709.472729,5005.663117,4752.00599,8656.55924,4361.757768,3973.544119,4013.575686,4054.164833,4055.279559,4093.249486,4231.032549,4268.101496,4246.363259,4062.518661,4094.431366,3881.122272,3736.167625,3757.164698
244,Kota Samarinda,5923.932923,5574.480909,5294.749236,5618.434461,5553.178813,5317.490353,5501.247682,5442.686734,5820.857456,5877.37261,5179.417122,864.7759767,1098.003623,1111.548294,1122.803773,1133.781835,1147.350706,1156.975462,1167.10816,1181.120406,1275.19439,1285.203403,1169.152715,1176.227566,1185.348709
245,Kota Sawah Lunto,7136.414993,7001.645845,6976.157119,7036.153253,6886.280412,7024.293019,7098.492956,6993.328486,6577.933674,6116.516793,8281.420836,382.0960568,383.8937439,368.8467977,372.6009127,376.833288,380.3398339,382.59251,385.9600693,389.4114939,380.118642,383.1209447,289.4061177,280.9054413,282.9414286
246,Kota Semarang,4572.942885,4495.732177,4566.027448,4837.025506,4595.052199,4110.909776,4449.956216,3835.346375,3490.555024,3392.725426,5217.526013,4047.911556,3682.998951,3728.800066,3766.506357,3802.746052,3836.7469,3878.140503,3912.136903,3974.957005,3813.017706,3841.929838,4311.553767,4323.44501,4356.888355
247,Kota Serang,5241.448075,4406.078403,4804.071951,4741.766317,4530.297334,4491.066648,4885.116661,4457.899326,4758.145941,5181.988557,5788.911391,1637.938435,1886.733929,2082.303686,2103.373693,2093.789904,2113.448548,2132.394176,2151.147965,2168.02339,2311.013133,2329.235659,2610.01318,2638.574289,2660.307366
248,Kota Sibolga,6668.551308,7056.078074,6402.788723,6588.92207,6652.046263,6426.601842,6530.148662,6162.012554,5273.773756,3072.521217,5723.547912,3514.383185,3436.340243,3479.838357,3570.076817,3603.800625,3637.639507,3685.692904,3718.063619,3749.410225,3773.609352,3803.41709,3872.032747,3947.89833,3971.524981
249,Kota Singkawang,6841.31794,6771.536184,6578.053763,6720.072494,6514.854461,6538.208959,6423.382831,6643.454291,6162.380125,5829.649787,5850.159866,756.7094979,732.7791939,741.1014886,749.3370032,754.1836066,761.2529534,773.6385004,780.4225212,783.4222084,810.3246841,814.8745816,526.4268884,529.7739569,533.876096
250,Kota Solok,6445.230364,6794.84926,6517.731634,6635.449508,6545.619081,6651.571348,6610.274319,6725.449476,6201.851258,5767.519969,3229.275142,585.5370284,586.0730999,593.3792475,599.5087048,602.5862522,608.2092695,616.6814144,622.0742727,627.317621,612.3095527,617.1311038,1204.4084,1229.23562,1237.704093
251,Kota Sorong,6864.801852,6375.116265,6342.973951,6543.876572,6459.658825,6758.299644,6772.697375,6379.229106,6155.352505,5559.969971,5415.181116,173.8868488,213.2017503,215.8251472,218.0621536,214.6856372,211.8118071,213.7363752,215.6037253,227.9439333,253.677419,248.2998765,852.799102,858.2190273,865.0382322
252,Kota Subulussalam,7289.131885,7318.530006,7316.697753,7263.565343,7168.570912,7286.576779,7246.317986,7228.727836,7056.110633,6501.89756,7237.688693,34.30788697,34.45627854,36.12755791,36.55952185,37.76670515,38.38967896,38.40102976,38.68577174,38.96092568,41.48502677,41.82375795,85.99195793,85.00908957,86.55352613
253,Kota Sukabumi,5957.583141,5982.363721,6079.525444,6041.438736,6231.239852,6339.172723,6253.292174,5088.987918,5138.57193,3972.28729,7666,6390.519739,6762.402063,6874.752855,6944.38488,6986.979536,7051.033252,6935.854816,6996.672553,6972.051649,7171.696438,7229.927333,6297.306915,6122.214421,6146.423278
254,Kota Sungai Penuh,7224.005819,7059.182147,6843.107474,6987.945316,7052.374984,7097.216197,7185.100702,6497.215917,5491.314801,4877.97907,5226.283924,95.75893664,110.391322,112.8806883,113.4285284,113.4127188,114.3622267,115.6165244,116.6180019,121.0651705,128.4597173,129.4741289,283.0696606,286.3544803,288.5340275
255,Kota Surabaya,2526.368214,2468.871131,2457.969229,2524.216091,2535.799868,2387.425475,2267.95305,2144.63349,2158.948282,2541.988712,2918.216062,8768.736594,8289.478339,8392.011975,8476.89299,8559.027617,8638.541029,8716.578042,8793.023327,8858.441326,8380.813798,8440.410436,8521.982947,8579.663694,8646.68144
256,Kota Surakarta,5001.638073,5119.108876,5157.300694,5140.548749,4926.181097,5014.185723,4505.408391,4135.644118,3821.34371,2786.739993,7243.012854,12229.03736,11126.29975,11263.71072,11377.58875,11486.46237,11594.39449,11649.16485,11751.33292,12012.10233,10980.75847,11067.27489,10136.55497,9765.67904,9850.14943
257,Kota Tangerang,3149.854805,2545.844829,2276.212777,2603.346038,2288.359881,2357.534374,1906.416799,2666.64165,2703.56037,3786.585306,2808.717407,8631.042053,9932.659829,10009.50327,10110.74125,10208.94045,10304.85071,10442.45507,10534.2056,10512.64794,11213.63665,11301.58292,10586.04723,10678.98003,10807.67692
258,Kota Tangerang Selatan,4056.466145,3911.633262,3768.631721,3563.73004,3426.028308,3393.479628,3081.708392,3016.651403,3168.541574,3762.511278,6151.102364,4210.036689,4776.956349,6288.45852,6352.151507,6408.113707,6447.359104,6497.80872,6554.589818,6600.344076,7033.928,7088.612863,8255.503102,8319.552827,8382.679785
259,Kota Tanjung Balai,6704.050902,6585.352141,6496.213731,6655.555612,6167.296512,6307.18188,6438.11749,6564.490101,6688.195864,5788.378273,6004.18695,1972.700816,1928.958232,2041.906463,2062.613298,2071.515579,2090.934102,2110.979855,2129.438032,2147.509613,2161.36409,2178.153729,2968.795206,2970.397713,2992.994091
260,Kota Tanjung Pinang,4180.490097,3568.103887,3459.877261,3372.228663,2672.927237,3459.295033,4115.045341,3877.287258,4011.258592,4978.958544,4079.947543,1423.837809,1575.693351,1616.816551,1632.605027,1631.324445,1638.060879,1652.862796,1667.345942,1682.696955,1961.300653,1976.746192,1324.365635,1358.072026,1367.395906
261,Kota Tarakan,3769.466962,3275.115459,3737.466755,3806.184402,3344.157251,4021.642746,4217.436236,4535.198717,3843.600274,4051.485567,3667.920587,531.9355739,675.4696695,683.8060321,690.718626,697.4531243,704.0083278,710.4264209,716.693093,693.04899,955.4026511,953.8756408,897.9475605,896.6162109,903.5726397
262,Kota Tasikmalaya,6021.129851,5858.561571,5875.895764,6081.718324,6079.547422,5918.122879,5675.102001,5443.242737,5484.108843,3485.099135,7648.489857,3341.113316,3562.695862,3447.173078,3482.312942,3407.298274,3439.268074,3467.135303,3497.540374,3514.677852,3616.015155,3638.91289,3876.099605,3922.614634,3957.311106
263,Kota Tebing Tinggi,6493.741666,6561.85157,6624.413712,6250.021011,6449.581903,6376.154467,6425.561654,6251.914531,6223.619019,5895.210877,4209.884227,5610.113056,5485.324562,5553.861807,5609.234681,5608.871449,5661.802999,5712.947163,5763.025512,5809.361223,5846.974552,5893.056753,4421.018561,4346.092785,4378.147411
264,Kota Tegal,4150.416622,3511.357318,3681.544403,3947.253746,4289.383763,3621.854445,3308.765717,2937.087416,2934.923653,3147.543524,3437.256131,6916.697387,6292.974631,6376.209569,6440.688759,6503.15768,6564.069679,6623.171077,6681.245051,6737.473872,6459.386523,6485.635973,6806.376703,6899.333248,6945.246228
265,Kota Ternate,1332.638615,1140.150034,1291.678922,1473.118533,1785.919427,2116.258119,1442.476185,930.6352977,1073.549217,1810.523045,2996.176243,715.8402024,830.506003,840.7571795,849.2329036,858.2505214,869.0532486,838.9782661,846.38671,914.6614959,992.2570975,987.6941695,723.3493574,751.408643,761.2617193
266,Kota Tidore Kepulauan,6965.944025,6552.246485,6677.419517,6669.670291,6829.825173,6957.376935,6897.315167,6583.096979,6198.23848,6168.099986,5957.360918,10.49033028,12.10494374,12.2141361,12.39075519,12.9301457,16.74245684,17.08994339,17.23981161,17.14260451,18.0244262,17.49412185,49.18280816,48.44110254,48.71807465
267,Kota Tomohon,7264.624099,7042.675478,7180.174658,7071.924025,7198.413443,6967.390963,6832.993267,6362.383528,6442.362482,6497.205678,7844.228576,732.6202859,725.3766985,751.4071932,759.0281879,765.3169453,792.2483955,796.0984711,803.3041614,811.5642724,812.3017284,818.7026915,678.8141529,685.2723005,690.6977387
268,Kota Tual,1459.265808,1624.830944,1903.468901,1597.992222,1481.587071,1801.680545,2226.525428,1926.755055,2183.036917,1936.195539,1393.91918,125.4896559,140.0213196,141.3066096,143.1667402,140.1948666,138.1348207,139.6452676,141.0257057,136.4226759,143.2266071,143.489181,241.5231057,232.9580934,233.3198009
269,Kota Yogyakarta,5392.945257,5274.054427,5325.637295,5270.168276,5195.61987,5128.234849,4735.713321,4682.659652,4773.490916,4341.13828,NA,14045.91001,13647.21389,13827.89504,13967.78087,14092.55192,14175.45129,14302.73457,14427.72966,14207.02838,14127.70823,14202.9083,11301.56565,11145.89292,11240.17809
270,Kotawaringin Barat,6718.089444,6461.202859,6538.907532,6678.78165,6489.551417,6537.994974,6710.027869,6568.542305,6324.155419,6269.591791,6175.522581,28.03207001,29.30525013,29.68689306,29.95221842,30.18229962,30.46308587,30.90357381,31.14932838,31.47186758,34.04164469,34.30908828,32.79299379,32.89423201,33.16228175
271,Kotawaringin Timur,6669.625781,6446.144322,6506.202781,6634.253348,6502.098918,6677.142502,6960.700649,6881.968418,6891.507476,6964.37463,7027.73788,14.28535579,14.94416353,15.17845155,15.29609518,15.45457245,15.59099684,15.75656232,15.89475971,16.01107959,17.31574884,17.34801335,27.64122191,27.85301232,28.07137088
272,Kuantan Singingi,6932.453864,6720.66737,6766.948674,6830.88467,6701.21518,6529.291626,6866.985276,6751.415106,6388.868278,6417.093264,5995.784238,34.88749721,38.9426453,40.01938015,40.4522775,40.43617824,40.75162366,41.12982747,41.52545006,41.8765739,45.21244739,45.57057851,64.65969833,65.43662243,66.00306355
273,Kubu Raya,6844.520657,6656.783941,6703.532072,6759.387536,6504.787358,6583.142243,6767.803972,6693.167527,6405.452027,6235.411368,6072.648415,25.2119284,24.12439037,24.50914339,24.76408973,25.33460112,25.5702257,25.72975136,25.95798018,28.60522349,29.79830349,30.30310952,72.39160442,72.72831371,73.31087833
274,Kudus,5820.562174,5662.544448,5627.818813,5908.92164,5479.248054,5303.573323,5629.691591,5248.540294,4720.086902,4289.483788,2401.444008,1858.785621,1691.173969,1712.05213,1729.368927,1745.867988,1762.302604,1778.766308,1794.352617,1801.86626,1727.688127,1741.274483,1927.39473,1933.822894,1949.804814
275,Kulon Progo,6370.985135,6068.149948,6230.852703,6098.876222,6027.783068,6015.793245,5739.089034,5825.092833,5338.974906,4965.061988,2354.058528,748.6361579,727.3667638,736.0765817,743.5177284,750.5824741,756.6693551,762.277604,768.9647235,770.2021295,766.0444592,768.5096775,749.8272753,759.7036538,765.7846165
276,Kuningan,6302.80006,6127.095443,6127.231468,6221.060614,6102.974314,5865.998485,6252.02627,5861.795569,5218.731219,4753.373242,5080.772773,947.2062954,999.2484286,1011.81884,1022.054301,1031.473918,1041.160741,1047.087442,1056.218558,1048.350316,1077.275386,1088.750307,932.2656276,948.78387,956.2539807
277,Kupang,6569.825605,5896.912388,5925.56992,6389.213245,6002.71603,5806.072721,6230.276075,5730.282449,5127.353512,5096.864827,6258.175658,69.30053684,72.06380162,72.95397699,73.70088025,70.37167099,71.51980213,72.44615972,72.90278965,73.41908328,76.42897347,76.98330383,68.80674381,68.85711263,69.38741187
278,Kutai Barat,6864.26263,6573.251585,6604.269308,6621.68335,6502.161856,6552.260745,6877.972679,6886.20613,6831.776518,7105.073419,7559.856211,5.558455751,6.919844289,7.036841397,7.09576259,7.220313814,7.29079049,7.334870953,7.409815117,7.466887892,8.055333189,8.118710676,12.30170322,12.45434437,12.55284783
279,Kutai Kartanegara,6570.280314,6344.413928,6353.601145,6418.816659,6437.538678,6408.018699,6537.151827,6532.659276,6595.388211,6690.734158,6383.389925,25.16006726,32.05026794,32.49208477,32.79018073,32.93751323,33.17751484,33.36851263,33.66054662,35.6372741,38.64168778,38.89769624,28.12395056,28.61870358,28.81293471
280,Kutai Timur,7037.068099,6679.511279,6824.170411,6803.422133,6915.484468,6867.686853,6949.779654,6986.533034,6951.106297,7049.764351,6775.684327,5.626806996,7.149065862,7.21756606,7.307312246,7.390758843,7.458581036,7.531145402,7.607428326,7.664811236,8.281776661,8.344736661,13.7364864,13.92558887,14.032687
281,Labuhan Batu,6395.288861,6557.284569,6356.090419,6520.316656,6523.087331,6267.155084,6577.704578,6629.619408,6439.316614,6221.948615,5639.659787,181.9847037,179.4065666,181.6773589,183.5935514,184.2886576,185.9146042,187.612772,189.2660898,190.8682513,192.0669844,193.5805254,177.7937444,180.3211337,181.969309
282,Labuhan Batu Selatan,7013.529177,7055.940235,6964.234295,7029.744617,7012.936354,6948.414821,7098.754328,7321.481841,7086.419505,6630.474223,6037.031664,62.89965294,61.48074187,62.2043998,62.86345504,64.73187578,65.39335286,66.12575991,66.70797741,67.27135289,67.70670275,68.2470803,102.6999593,102.1420466,102.9683002
283,Labuhan Batu Utara,6792.67879,6872.224142,6720.131534,6596.866028,6663.855079,6552.149249,6641.783403,6822.147983,6393.590768,5986.572097,5564.869269,94.75632167,93.24577865,95.42265444,96.39018276,97.18194271,98.07960477,98.9765346,99.84270852,100.6918802,101.3427135,102.138463,106.2551062,107.9633736,108.694424
284,Lahat,7179.038512,6940.570979,7026.735943,7235.587598,6827.777501,6994.066043,7004.82038,6828.9799,6255.368703,5853.923427,6902.878938,86.4520168,82.39262395,80.69432114,81.52786953,82.95904739,84.00201147,84.76760291,85.51341471,86.34049869,93.6587848,94.39758803,104.0483599,104.3936849,105.1734198
285,Lamandau,7084.908886,6786.129735,6812.300002,6918.208533,6735.717238,6771.173264,7081.353035,7029.98266,6904.619935,7120.125114,7546.389871,1.520257677,1.599844393,1.614457937,1.649052318,1.692738821,1.711420782,1.723270673,1.763546493,1.758103207,1.897809573,1.912065085,13.70376631,14.00373466,14.09898547
286,Lamongan,5213.495824,4428.653601,4768.319969,5073.675286,4848.100187,4764.591976,5093.196214,4584.978828,3987.760719,3996.65634,2751.042029,772.7677256,730.5372635,739.4717727,746.9430794,754.195411,761.7212179,769.9709908,776.7191361,789.4596589,745.2994106,749.8129007,786.2448457,784.4708035,790.6321184
287,Lampung Barat,6847.680487,6688.052729,6800.314326,6780.801794,6722.115249,6857.139973,6915.172173,6474.785778,5316.134017,5506.634276,6394.13581,6.850343263,6.822977842,7.278445007,7.243231498,12.79264901,13.03017823,13.14619393,13.36936607,14.11798067,13.52460291,13.81127672,126.1834061,129.9991535,130.9950183
288,Lampung Selatan,5164.881187,4792.656495,4928.103869,5259.622423,4951.120221,4946.217022,5185.242056,4955.8441,4688.236131,4553.950954,5082.504606,539.7950862,534.528547,544.1305164,559.1445591,560.0381635,565.3181988,571.512919,576.5195925,581.9980414,562.923596,566.6587578,538.323895,513.5401909,517.3346676
289,Lampung Tengah,5754.197541,5335.657566,5695.480241,5818.824059,5616.477394,5391.89737,5862.397116,5434.333231,5489.132257,4737.690811,5457.309492,372.6562427,369.2248042,368.7311168,368.7416686,369.9391182,373.5073143,376.9030878,380.2461144,383.4355344,372.911125,375.8395703,326.0534002,325.4978549,327.9292069
290,Lampung Timur,5375.762913,5051.425664,5319.163206,5473.400688,5308.053482,5069.928499,5590.174814,5314.854267,5280.403374,5162.269123,5024.488836,280.3236855,277.551991,281.7132314,281.4593986,284.3305482,286.8803147,289.2067398,291.7301044,294.1539195,285.17028,287.375243,257.9770407,277.4235034,279.5235788
291,Lampung Utara,6488.915993,6104.276433,6440.969086,6456.132907,6258.426145,6270.615187,6493.197308,5850.6769,5698.102891,5213.01691,6171.409234,179.9298068,178.798745,189.0483429,191.5110125,196.2605747,198.0484861,199.7229292,201.453609,203.1366959,197.5811862,199.123215,242.9066643,251.8712619,254.0090475
292,Landak,7093.652965,6884.402954,6980.614439,7066.684948,6832.3492,6754.697449,6790.137452,6775.063731,6473.166392,6462.872946,6481.54385,43.98670078,41.96880229,42.9500152,43.38876527,43.98735504,44.35180849,44.61688999,45.00782801,45.44735635,47.02100507,47.37605699,49.05577044,49.30770681,49.68303518
293,Langkat,6423.167139,6607.259493,6677.473655,6570.053438,6609.018044,6440.294952,6418.756298,6435.468768,6067.910091,5759.999447,5646.119656,131.0988378,128.1959003,129.7937521,131.7811946,134.7063537,135.9482022,137.159686,138.3601439,139.2763769,140.2111149,140.9059465,165.9862188,168.2352047,169.503739
294,Lanny Jaya,6352.469529,6236.517766,6043.401762,5971.593611,6086.34446,6523.486014,6077.646902,5968.196324,5449.629352,5322.957357,6446.111236,26.38286312,38.68678157,39.06512216,39.42420701,39.80708919,38.65772169,39.04275929,39.38527735,39.71685006,42.50791766,42.84296167,54.3622136,54.52102347,54.88053707
295,Lebak,6745.049094,6737.519862,6705.841837,6687.44314,6342.705091,6472.786124,6659.908573,6088.988827,5471.400647,5159.210667,6377.657796,308.7494044,356.9629578,358.5746515,362.2050614,369.9961501,373.9553946,376.7879976,380.0869596,382.3106357,406.9995867,409.8861853,419.232883,423.6475636,426.7573183
296,Lebong,7364.545241,7232.25766,7114.243583,7371.88857,7057.527044,7256.998956,7481.754721,7116.966334,5244.433651,5641.742068,7883.710379,141.8035531,136.9052732,139.2303089,140.6127388,141.976216,143.293222,144.5365364,145.8041143,146.9465894,148.7808919,149.9542061,65.30728186,65.25071242,65.69280359
297,Lembata,5404.417523,5128.242031,5135.235502,5468.015198,4991.850102,4998.330597,5508.994491,5099.774526,4570.935159,4003.846591,3838.249128,79.77834997,82.74066129,83.75556494,84.6083307,84.12399004,77.22466517,78.02116053,78.24011147,72.99281581,75.12494818,69.34027598,74.86334782,78.83912083,79.51864582
298,Lima Puluh Kota,6924.439335,6854.350958,7099.18038,7002.762979,6850.150329,6829.641291,6986.345908,6634.958182,6051.615873,6007.248131,6546.385031,190.8758033,191.3109724,192.5249864,194.2148209,196.272628,198.0446119,201.9155972,203.2742744,204.8874005,201.5221642,203.1075107,142.0221972,127.7397106,128.3517647
299,Lingga,3039.40069,3022.848237,2888.834373,2895.523916,2836.552703,3104.979268,3221.806727,3501.159895,3143.519507,3913.962707,3776.995606,23.88885555,25.6415316,26.30163933,26.6054489,27.935303,29.05038522,29.29003359,29.55939908,29.81423908,34.74845559,34.95191014,42.12132713,30.66383898,30.90997648
300,Lombok Barat,6065.98132,6069.90212,6062.859449,5933.833136,5857.344295,5834.344527,6338.963493,5838.271294,5390.329793,4956.103086,5388.824635,340.0348229,337.9301988,343.7297321,347.2173319,351.9975795,357.6305432,365.0740878,368.3859291,397.6575679,401.5989658,399.0829311,735.8172306,749.3921073,755.837865
301,Lombok Tengah,5930.889849,5678.842272,5808.558387,5726.750926,5597.258703,5598.237467,5853.795139,5479.37201,4945.975971,4524.683204,5606.907112,706.5229604,695.9249928,704.6389207,711.7596639,718.3435484,726.0433209,734.6100079,740.9523334,740.0601861,745.2853162,749.5613028,897.0750273,903.5292823,909.8600509
302,Lombok Timur,5387.219589,5414.107121,5539.193646,5650.192486,5346.629076,5544.606111,5535.461251,5094.678011,4563.636743,3641.151101,3409.039537,740.0131444,728.811587,737.22928,744.6859353,751.4775163,754.1485737,761.3946748,768.0293129,782.7715688,788.866958,791.5942005,804.3094236,808.7547456,815.0201964
303,Lombok Utara,5839.704736,6364.575525,6353.537005,6450.574248,5986.460026,6074.851285,5884.411901,5846.531877,5183.048811,4785.196244,3584.418031,171.537713,159.6116307,156.8706621,158.3660643,174.624963,280.2352537,282.5627013,284.6238613,283.4766649,285.9459882,277.1437384,269.8509025,267.1647461,269.9990297
304,Lumajang,6481.648099,6166.64511,6536.398249,6348.905055,6080.715115,6149.017104,6012.559432,5982.046678,5474.557315,4721.374085,5034.638429,590.29123,557.1273574,561.9917714,567.6707901,573.4962869,578.9841714,584.3516906,589.4716847,592.6328232,560.7647347,564.9794679,611.7033998,618.1242036,622.8405005
305,Luwu,6171.416466,5867.859858,6209.293419,6133.591543,5969.541486,6129.464101,6244.30391,5953.926336,5751.477759,5057.278332,5212.068441,97.92848381,96.50001106,97.59782072,98.61206092,101.4178308,108.843758,109.8643524,110.4261961,111.4040865,109.4218681,110.2814025,127.5379854,127.7968418,128.7340596
306,Luwu Timur,6268.796423,6178.592282,6282.747202,6420.099366,6261.232751,6287.113687,6197.410836,5895.139056,5924.478062,5142.329763,5888.818678,51.40878278,50.87126044,51.50171672,52.00802757,50.90465049,49.70013034,50.11413721,50.56294858,51.02840103,50.11646801,50.46780575,44.77448883,45.09621154,45.44557895
307,Luwu Utara,6854.704479,7018.547271,6975.614134,7069.548852,7051.263821,7131.914674,6868.102356,6901.078311,6297.149276,5530.926727,6470.927973,20.92981492,20.28098974,20.52579713,20.7452667,21.84673855,21.78623318,21.99009433,22.16227727,22.29701314,21.89444364,22.13645738,43.17252912,43.50453126,43.84374639
308,Madiun,6271.163349,5960.24286,6171.440598,6244.475643,5827.589894,5871.507764,6080.049858,5576.968322,4632.842205,4857.982151,4310.389785,688.9110952,651.2496655,659.2856944,665.9616731,672.4735727,678.7750418,691.4339721,697.4897479,702.8051219,664.4728378,669.6462261,674.9177023,678.3580711,683.5193411
309,Magelang,6274.747229,6026.530749,6220.107248,6204.258339,6235.110805,6018.296529,6229.308656,5551.19056,5081.944856,4752.314376,7369.38637,1124.366701,1023.434432,1036.190146,1046.67159,1056.824542,1067.778227,1076.160529,1085.594092,1098.961445,1054.331969,1062.598665,1104.752373,1118.55277,1127.897215
310,Magetan,6052.994108,5869.918874,5900.743131,6034.073271,5810.896405,5787.775471,5995.123245,5784.475396,4899.487044,3571.063182,486.5382227,1010.502054,954.8640097,966.7682261,976.5478587,986.0695327,995.3366727,1000.622707,1009.392254,1017.632224,962.4924202,970.0696671,940.6180535,953.839458,961.190642
311,Mahakam Hulu,7354.977124,7088.77944,7054.595397,7251.927703,7000.246457,7024.878565,7133.682389,7130.141869,7142.253586,7314.120258,7201.238296,2.368227865,2.976573059,3.017924476,3.045657111,3.088171339,3.116361612,3.149871952,3.176468606,3.193148261,3.448712906,3.475714619,1.840633133,1.847997099,1.861837884
312,Majalengka,5845.073768,5637.198462,5672.995533,5754.257125,5595.417975,5441.850953,5632.52657,5067.424683,4609.142022,3772.358636,3324.07622,996.6802778,1053.791875,1066.961181,1077.746664,1088.41152,1098.650879,1108.385831,1118.151101,1121.909784,1153.2948,1163.727473,981.9108847,993.6486874,1001.653469
313,Majene,6707.63953,6718.975696,6537.736387,6857.519247,6638.972529,6570.441271,6159.108156,6147.040264,5813.062423,5245.604141,2833.03248,132.205161,142.4563965,144.2556337,145.7295136,147.7010702,149.1815645,150.5753135,143.6127003,145.9901179,157.4213205,157.4433917,165.9587438,163.0951414,164.164963
314,Malaka,6223.986571,5711.414436,5820.882884,6191.426853,5878.513934,5777.140725,6304.252287,5763.31641,5174.565351,4571.64228,5826.469066,130.7405967,137.7254391,136.2518731,137.6261617,140.5038366,142.084288,143.1604879,144.242833,145.7363659,151.7354132,152.9869746,162.182641,162.7147546,163.9562813
315,Malang,6389.695955,6236.702051,6384.443052,6402.267536,5931.641865,5949.015976,5893.571796,5914.198935,5165.607415,3788.477686,4688.703962,661.5759034,622.4685935,623.1618574,629.4656101,637.0498398,647.8492428,651.6668384,657.3842165,661.7515343,625.992533,630.9136084,719.594302,728.3102575,733.8745864
316,Malinau,7284.799153,7197.586999,7253.015751,7296.265362,7238.656612,7266.086289,7230.244245,7304.843866,7244.646392,7223.830879,7371.527594,1.455601959,1.866460225,1.892292871,1.920948572,1.934682807,1.95467873,1.972129286,1.989119971,1.974013381,2.72973069,2.751605805,2.051371693,2.102792245,2.118833284
317,Maluku Barat Daya,5374.907334,5165.939133,5579.800753,5604.391121,5542.483263,5590.834977,5765.931632,5599.001795,5097.484864,4513.976315,3719.666498,21.89421787,25.1474874,25.48656679,25.71989879,25.58454983,24.99817517,25.18842927,25.37158585,25.34434873,26.62842856,26.64555781,14.61765729,12.0493328,12.22689537
318,Maluku Tengah,6034.77929,5981.697383,6199.446977,6214.841622,6277.613106,6591.732141,6421.602122,5839.120689,5549.759291,5606.266168,5303.067163,26.72165393,30.17889089,30.49377959,30.81280624,31.0015175,31.28798458,32.09561491,32.84621261,32.43375122,33.6563232,30.66165845,33.39032808,32.87688271,33.30964017
319,Maluku Tenggara,3354.32465,2877.973364,3227.178475,2977.485469,3360.700179,3668.681105,3874.526977,3991.36012,3710.087205,3373.921438,2716.152951,28.56595552,31.8465348,32.1734197,32.57489775,34.12602162,39.81619802,40.20890717,40.48058947,42.48274753,44.52618001,39.22966791,66.22155313,65.14684569,65.6583492
320,Maluku Tenggara Barat,5497.707249,5128.649303,5580.56052,5607.83629,5515.092943,5663.514564,5887.453953,5384.007054,5367.66255,4969.737686,3629.314897,10.25585548,11.71437428,11.83870617,11.97798552,12.10066295,12.48662299,12.53651832,12.60514559,12.58874275,13.25830311,13.33453844,19.99475341,17.89061298,18.53581382
321,Mamasa,6838.361758,7078.906865,7153.370011,7194.690667,7041.1247,7141.412484,6643.329628,6874.186863,5291.814569,5510.444335,7711.378286,37.05406565,37.71453533,38.48358971,38.86435453,43.19250604,43.59249227,44.11059096,45.11087524,43.25010182,46.58825664,46.94781547,50.71457796,53.01601391,53.39654169
322,Mamberamo Raya,7132.218368,7242.43009,7231.927952,7086.08344,7363.110649,7355.445958,7180.080015,7122.293168,7251.875412,6842.082387,7113.796571,2.773734628,4.182309186,4.234791827,4.290038274,4.254859138,4.140355004,4.177347472,4.214125715,4.2465619,4.5446374,4.580453254,1.302164135,1.249695306,1.263431052
323,Mamberamo Tengah,7202.723166,7120.633369,7051.35692,6918.133522,6994.343603,7072.019247,6804.044012,6808.784315,6456.827877,6313.932842,6999.065776,4.48755802,6.569673488,6.627714861,6.752647129,6.755912075,6.549082815,6.602681078,6.660845203,6.705564838,7.181992575,7.238209122,16.52449349,16.6107159,16.81580638
324,Mamuju,7028.91538,7242.92501,7216.556856,7324.000021,7157.067752,7138.306889,6714.844752,6626.581121,5694.450258,5500.171923,5196.121865,27.28172696,37.29321917,37.42256506,37.77975609,38.59504893,38.92156395,39.40857354,39.39606623,40.43411427,43.61459585,42.81518676,54.13953109,55.11193636,55.54053442
325,Mamuju Tengah,7217.559822,7417.961247,7225.830219,7490.837234,7158.973205,7284.92328,6907.745404,6278.842059,5962.441308,4971.62554,7458.523324,29.57643113,40.45503114,41.15902992,41.60115808,41.26134079,41.59013433,41.96518567,41.80352441,43.19193963,46.71913697,46.20541708,46.3498127,46.83750815,47.16534967
326,Mamuju Utara,7422.073656,7533.843986,7392.722886,7573.937892,7413.982098,7415.430155,7121.106866,6913.865652,5919.905845,5564.593004,6193.662737,37.71692738,48.74868845,49.61040698,50.13007883,50.0381977,50.49997746,50.83343593,49.00119757,50.01180767,53.98975547,54.06673603,56.11095638,58.91250892,59.21022831
327,Mandailing Natal,7323.647586,7382.599175,7433.42371,7392.176535,7164.098849,7349.873318,7328.608437,7223.238762,6780.428951,6122.747566,6581.45254,21.35740483,20.89225554,21.50197294,22.04010538,22.30533575,23.17922963,23.40415807,23.62230374,23.83182219,23.98492814,24.17373899,72.42453793,73.23962543,73.80463042
328,Manggarai,6505.48078,6025.776967,6302.921519,6421.310826,6319.630869,6182.453919,6390.712109,6413.293743,5951.266965,5528.079536,5200.898719,136.4867268,142.6948003,142.3773026,143.8493899,148.7823241,149.9051268,151.2707325,152.6421788,175.9996896,186.8695265,183.4087166,196.1225583,200.847927,200.9453518
329,Manggarai Barat,5969.911193,5701.717822,5836.814952,5931.061465,5672.443463,5683.639829,5899.240692,5724.054411,5310.429557,4466.668848,3643.607646,104.3945083,107.8292664,109.9700407,111.0774233,106.8502875,107.9264658,108.9030896,109.8327216,101.9992669,104.7123415,105.1346718,89.60681177,87.141644,88.2767521
330,Manggarai Timur,6833.049514,6169.19508,6552.643828,6673.22551,6566.832294,6343.004971,6742.963171,6546.014272,6123.743014,5217.085047,6202.929163,70.97085359,74.20653304,75.1176559,75.86137801,81.94015538,82.21284097,82.76518154,83.48328113,83.93764161,87.45286424,88.00277574,111.6532042,111.3860922,112.3071613
331,Manokwari,5997.491162,5596.361928,5396.336862,5411.059779,5632.261108,5679.80427,5589.897911,5601.466672,5626.825804,5194.728179,5299.062182,48.49735755,58.84898987,60.93302912,60.1448121,58.49940145,60.7767731,61.46337814,62.09126473,64.05385276,71.55448827,70.72160492,87.56208372,89.04786504,89.7421702
332,Manokwari Selatan,6875.988801,6497.944476,6122.654536,6352.06421,6784.302038,6538.647906,6027.409868,6500.32437,6196.992527,5817.970527,5962.849976,4.505568085,5.445501649,5.49099143,5.548644915,5.881958456,8.323440726,9.188678424,8.553129401,10.12793412,11.55390622,11.41395518,16.25246406,11.05239875,11.05497168
333,Mappi,6856.998726,6740.597728,6801.0296,6692.182227,6761.986431,6748.019309,6824.623828,6975.647734,7016.392823,6706.713792,6734.826657,0.834632559,1.453270545,1.476406498,1.483393214,1.55738878,1.571553784,1.645901017,1.640952349,1.657494626,1.772163013,1.785702482,4.283656002,4.34438222,4.364774244
334,Maros,6708.803516,6591.195696,6787.378441,6705.821485,6710.822202,6696.795121,6504.637696,6575.264276,6225.853124,5738.235861,4458.675888,218.6933074,215.2788134,203.1343924,205.177836,208.1940648,205.5344916,207.383969,209.2015567,214.7953361,211.2769683,212.8841507,281.2148215,283.2546839,285.2326952
335,Maybrat,7338.884408,7248.6107,7139.204887,7097.736671,7123.027908,7165.157061,7130.178241,6894.535481,6630.274571,6508.496571,7463.56435,2.508623568,3.101798203,3.134416934,3.182672816,3.40234168,3.350362214,3.410733388,3.444721467,3.471582765,3.855991113,3.886485812,13.09833281,13.28525716,13.27974061
336,Melawi,7188.837896,6918.811237,6944.533389,7117.721987,6784.71321,6920.182774,7035.715062,7087.579773,6961.363038,7154.605408,7104.014217,22.54332311,21.55084564,21.79724871,22.44501307,22.49509097,22.61202715,22.81487485,23.01503939,22.58277003,23.32163037,23.50655442,21.52708471,21.83064206,22.01057643
337,Merangin,7248.176371,7113.251131,7057.256039,7270.148591,7047.326342,6956.197554,7214.904993,6888.552769,6305.735506,5980.293439,7057.107882,39.18878282,43.22572082,44.92397501,45.35729816,46.13674066,46.54918794,46.9702478,47.38986344,47.78933429,50.67953791,51.07985546,48.53622358,48.8342785,49.20375415
338,Merauke,6094.057162,6084.593734,6224.570084,6089.967969,6033.107551,6137.676389,6256.143504,6223.225072,6161.752442,5750.46418,5103.984407,5.872595253,8.599952845,8.697245199,8.791414766,8.791188805,8.809929641,8.51178208,8.608783589,8.604272332,9.207610362,9.264871379,4.763782659,4.798907571,4.829362423
339,Mesuji,6249.955278,5825.528503,6072.19627,6438.581236,6056.453172,6061.127921,6408.39405,6163.670979,5999.678199,6130.520728,5453.713648,144.3079507,140.1499727,144.5733251,146.1866623,143.7591021,144.8497775,146.1239654,147.4021593,148.4238529,144.461622,146.1285038,106.2242287,106.7451009,107.5453913
340,Mimika,6872.57532,6888.995558,6656.837962,6631.66538,6726.714939,6628.266216,6601.641977,6330.511449,5488.520374,5409.544329,5329.686321,5.138136963,8.194267566,8.394537856,8.431653262,8.464962049,8.546183468,8.669969625,8.787377531,8.873849556,9.494644955,9.571441059,21.25513439,20.29373123,20.38432622
341,Minahasa,6440.830611,6191.501714,6364.671888,6229.362431,6413.259771,6152.855968,6146.640757,6097.4888,6080.784794,5790.660763,5739.953533,258.7060287,256.1480206,264.2329481,266.909113,268.2929098,280.6920442,286.0382649,288.4094498,290.4599337,290.633505,291.6412542,224.4797034,226.1465072,227.7326502
342,Minahasa Selatan,7296.828068,6970.934819,7326.404855,6999.695208,7230.447289,7357.40102,6940.388631,6792.282331,6655.358102,6487.187959,5626.879331,186.1480527,184.3160188,187.1495863,189.0449272,190.6850685,191.4797199,192.2949723,194.0231706,197.4743041,197.4115672,193.5117523,151.0077066,152.2408274,153.2076154
343,Minahasa Tenggara,6841.104393,6543.272253,6463.88382,6579.431161,6473.268753,6485.144884,6321.465308,6154.456125,6371.929779,5878.170776,6272.244468,281.5872396,278.8005107,266.8837833,269.5768344,272.6157372,270.8381662,271.9343874,274.3182924,276.200686,276.3188155,278.4720728,159.4519494,161.1697173,162.4071657
344,Minahasa Utara,6253.646564,5856.394608,5739.8822,5668.088571,5777.455138,5756.852418,5931.651249,5787.167975,5695.044159,5548.713783,5828.817464,55.35519481,54.81054371,55.49369035,56.05314841,57.55679881,61.80497547,62.68760137,63.14442169,66.04618664,66.28169736,62.0289941,206.9314617,210.1144356,211.6708038
345,Mojokerto,6093.887568,5587.117627,5524.89823,5695.334404,5569.23759,5423.839357,5673.208259,5229.687419,4388.560459,3853.343802,5995.97271,1046.996379,989.7774769,996.143403,1006.22243,1016.073309,1025.486009,1037.201834,1046.286019,1044.174593,988.0250011,995.6700932,1099.584335,1112.93917,1121.105711
346,Morowali,6169.639326,5573.24958,5828.72234,5854.648319,5820.992992,5836.614367,6163.554891,5683.350633,5919.856807,5483.432939,5917.907802,10.88168238,11.40400194,11.55200329,11.66488498,11.45255674,11.7134956,11.71571524,11.81193546,11.25564296,11.5557358,10.45045497,26.98973565,27.45853036,27.77964163
347,Morowali Utara,6986.761745,6840.242108,6777.288739,7083.947832,6987.623634,7080.748245,7005.123858,6679.696432,6573.544139,6220.898562,6488.161681,10.76444258,11.22727773,11.34797566,11.48880435,11.31534534,11.35673226,11.48264562,11.57925622,11.64023726,12.02159598,12.12206685,13.56403722,13.05966327,13.15540281
348,Muara Enim,6833.106798,6583.364402,6730.914532,6915.349578,6660.190406,6811.939276,6802.854871,6609.154302,6099.682186,5921.770572,5909.680563,58.37528655,54.32206757,55.009761,55.57833933,56.33676619,57.08661148,57.69283613,58.27622307,58.92501367,63.94379787,64.44371498,83.73399296,89.20346567,89.84179976
349,Muaro Jambi,6510.249901,6464.267227,6548.69276,6667.017832,6420.977899,6560.759346,6431.867398,6438.268407,6096.051401,6093.031867,6326.50758,44.48305567,48.35515055,49.24241123,49.7049539,50.38145971,50.86577951,50.82511998,51.40901006,51.8268048,54.96649483,55.39984874,68.89023931,72.60910189,73.19300218
350,Mukomuko,7718.73128,7384.08184,7277.39662,7463.796698,7471.996367,7456.136142,7547.378315,7246.63176,6368.635828,5948.797494,6408.873356,52.18108917,50.85567954,51.87677409,52.43188679,52.82583801,52.81893967,53.28528255,53.75266813,54.47388296,55.16373051,55.59808234,44.19584385,45.33632217,45.68774145
351,Muna,6259.099669,6322.234509,6447.703969,6439.894595,6248.460247,6325.159095,6408.655878,6052.543195,5935.782444,5160.89923,4827.876639,176.8774901,174.9783006,172.2328296,173.9809261,176.3455846,175.2622307,214.9384979,216.7911586,219.3555157,238.2893014,239.1567736,106.3951583,100.7611457,101.5357626
352,Muna Barat,6082.702581,5950.467672,6141.702367,6099.845656,5812.426427,5792.800475,6108.775298,5950.531115,5709.326513,5231.355578,2369.041315,251.5277779,292.4601661,296.6696012,299.7196324,301.8212578,303.0038535,200.8743347,202.3438411,199.0792916,216.2035409,216.9558853,96.93664397,98.28297887,99.48005687
353,Murung Raya,7107.523857,6761.431506,6768.071705,6934.19107,6656.278179,6813.450506,6979.070437,6997.795251,6973.512353,7179.287184,7008.356668,4.166433678,4.375403102,4.431758556,4.48015088,4.533102743,4.575440275,4.591502751,4.63347255,4.674396986,5.055934952,5.09573006,4.736056482,4.786694152,4.82523867
354,Musi Banyuasin,6759.750752,6510.355774,6500.007945,6752.822936,6572.888079,6613.412599,6738.685751,6772.077496,6255.033947,6309.255583,5822.972405,40.08101758,37.96457485,37.46741039,37.61558554,38.32780643,38.68236091,39.28923082,39.73784067,39.78283955,43.13148034,43.44655099,43.62604565,42.33679839,42.64234943
355,Musi Rawas,7122.337908,6903.0538,7021.746513,7181.034635,6926.754242,6938.129227,7079.092879,7191.178034,6702.165489,6624.521612,6303.421906,87.37626688,83.19940497,85.46454004,86.37832091,86.86695783,87.65587452,88.44788355,89.22443147,89.95472536,97.62589581,98.39705641,63.9235553,64.56636224,65.0295218
356,Musi Rawas Utara,7320.306899,6994.210879,7162.299805,7303.64424,7000.217142,7054.98278,7209.49737,7247.416003,6420.982638,6414.688232,6767.202327,27.48056241,26.20585103,26.56316004,26.79523206,27.20665508,27.46433008,27.68001619,27.92048774,28.15716125,30.55449994,30.79715788,31.54961466,32.36361584,32.6957169
357,Nabire,7009.411421,7151.565796,7093.356989,7006.293579,7168.153497,7227.137417,7005.486051,6878.310203,6524.864262,6287.733322,7043.281802,7.274920936,11.40872871,11.5459336,11.6630795,11.74202276,11.80810732,11.28424263,11.42028034,11.63664708,12.46188802,12.4803022,15.0985152,13.94231073,14.01079943
358,Nagan Raya,7149.56223,7271.219619,7258.100822,7219.679548,7289.653127,7157.757154,6993.231954,7042.276111,6023.522583,5982.899396,6079.114229,54.12744219,54.29753241,54.93007554,55.49129258,55.91739884,56.10800092,56.60247436,57.10482988,57.58639326,61.44317969,61.92809733,49.68464059,49.80405558,50.18150099
359,Nagekeo,6131.63581,5712.091789,5870.947608,6131.929758,5847.288769,5702.214227,6097.271324,5665.858113,5298.784337,4735.955714,3373.140113,114.1632685,118.1522387,113.871833,115.0257853,114.7552593,138.701543,140.6939361,141.8580799,142.1591616,147.9017401,144.1075161,105.9141699,105.8360484,106.6987632
360,Natuna,3507.004017,3622.294026,3070.784252,3186.603522,3260.733306,3332.999497,3734.889867,3929.32815,3833.953409,4281.369637,4941.969543,35.76037448,40.95279839,41.46733595,41.87612001,42.18630974,42.40172729,42.7847717,43.16143473,43.49240473,49.80766245,48.75586455,35.20109059,27.97542525,28.19610466
361,Nduga,6509.150318,6586.965345,6441.569898,6392.420505,6501.994318,6684.737086,6058.495483,5721.491584,4512.209324,4874.469873,5776.896486,4.450521688,6.706717381,6.75705315,6.875753268,6.920735536,6.700700213,6.756987734,6.819407599,6.876113895,7.359246258,7.417896587,15.4390553,15.53435713,15.69473572
362,Ngada,6645.789358,5948.406476,6297.497637,6603.951536,6327.306423,6200.453408,6667.958692,6366.340082,5905.655315,5049.678585,4751.803455,86.91683999,90.85585797,96.70922634,97.68153715,97.53053684,80.77252061,81.76720813,82.7175808,82.75799987,86.1047957,85.74420388,91.89306573,91.3962467,92.11346966
363,Nganjuk,6025.755478,5736.672347,5857.703884,5952.761504,5645.838319,5709.65412,5686.80917,5262.829677,4603.41549,5078.028441,4418.385841,878.4693061,830.4576902,840.771796,849.280317,857.6566836,864.9155344,872.848877,880.495398,887.3334092,839.3286118,846.0122992,846.4439591,860.1998673,866.8788418
364,Ngawi,6146.6119,5915.308079,6095.016907,6030.953974,5900.519145,5750.871698,6062.588679,5857.427443,4840.668797,3990.176431,3128.738744,655.9734635,620.0404189,627.7053192,634.045959,640.4426295,646.4539915,652.3281141,658.0497856,664.0376106,628.8280672,633.8646651,624.4514558,628.2657466,633.2665131
365,Nias,6492.026351,6091.465027,5720.321527,6139.464537,6361.029147,6674.354152,6788.421871,6687.936742,6265.865198,6164.890271,6400.536434,220.7587504,219.0233569,221.7305391,224.0090092,225.9476816,227.6636033,229.7330236,231.7506065,233.7005544,235.2003527,237.0344845,171.1245005,168.3223129,169.2524712
366,Nias Barat,6744.580761,6524.377023,6378.650906,6127.387596,6555.23463,6378.078437,6856.513621,6893.009064,6145.991429,5999.4051,5845.777731,149.1365415,147.9540946,149.7683275,151.2741583,153.0127609,154.1217326,155.5008576,156.8488943,158.1687876,159.2017684,159.8248829,183.1224399,183.8023994,184.2874924
367,Nias Selatan,4776.721609,4812.68095,4448.315066,4386.266038,4734.580154,4998.375651,5574.332093,5299.198687,5213.119983,5139.685465,4830.796333,140.2529171,139.1591192,140.8689278,142.2911957,143.414787,144.565685,145.7479523,146.9227951,147.8496438,148.8052933,149.8844069,136.5176201,131.5316489,132.0522753
368,Nias Utara,6679.851943,6622.973117,6664.223243,6635.470299,6587.047846,6567.826053,6920.575581,6972.086846,6712.987943,6283.783984,6319.891075,106.3383722,96.53267253,97.73472112,98.69942043,99.72676277,100.9935012,101.9038491,102.806668,103.6674523,104.3505741,105.160126,120.3038523,117.5101299,118.368763
369,Nunukan,6740.527391,6484.769939,6582.252059,6733.479339,6768.365049,6838.861745,6955.943579,7026.365374,7028.987395,7014.431098,7162.2063,5.542348459,7.035109532,7.113157579,7.180750778,7.324482588,7.406058964,7.482103755,7.549586349,8.271796566,11.53425787,11.51903769,13.23800416,13.37545492,13.47149128
370,Ogan Ilir,6098.076902,5724.775228,5944.234576,6109.128415,5881.32451,5920.579989,6088.240945,5909.670359,5153.103912,5346.550285,5990.404085,109.4436798,104.9478582,104.2943131,105.2697892,106.2219114,107.2732852,108.2539011,109.1983644,110.6292267,119.9284893,120.492861,175.0069737,176.6160386,178.0326123
371,Ogan Komering Ilir,6189.986083,5871.816376,6079.969354,6247.158324,5970.25987,5980.305833,5956.366586,6015.638836,5918.972348,5791.86854,5210.429901,61.22753991,58.36094963,59.22261664,59.76665744,60.08539352,60.61990587,61.16552938,61.70901264,62.49338678,67.82126564,69.43093379,44.28705893,39.90482837,40.100841
372,Ogan Komering Ulu,7012.117315,6888.283151,6957.994213,7033.342008,6893.918305,7036.061245,7123.490363,6837.040042,6474.416358,6099.281971,5958.662727,102.5583067,96.90474324,99.13597153,100.2073519,100.3062959,101.2477639,102.0263433,102.7982632,103.4695641,112.300323,113.1740252,110.4839198,102.5308143,103.45196
373,Ogan Komering Ulu Selatan,7053.338313,6925.327182,7004.896638,7074.980178,6876.738536,7128.66097,7117.666902,6578.192039,5834.933482,5451.542111,6684.685138,17.19821958,15.44018281,15.78093002,15.91818532,20.09069381,20.27706264,20.47517217,20.6464103,20.66389521,22.43103673,22.60412454,95.15823065,96.76604229,97.47898948
374,Ogan Komering Ulu Timur,6235.457258,6061.998268,6322.363375,6462.150154,6179.531886,6256.321723,6598.762831,6155.174101,5695.713825,5277.733129,4787.115476,179.5284205,172.1064381,172.9313785,174.6886018,173.2151189,174.6752981,176.3727424,177.8689097,176.4744776,191.3657704,185.2328676,201.6741433,216.2526467,218.3693841
375,Pacitan,6251.923829,6010.431514,6091.4936,6059.319801,5961.553756,6030.939984,6054.809957,6125.971158,5556.137345,4465.698058,3434.25493,430.4392611,406.5738914,416.1542736,420.3674732,424.645863,428.6795593,434.7834724,438.5955274,441.9029409,418.0868216,421.1122671,401.4313983,398.8348261,401.2389815
376,Padang Lawas,7002.718395,6974.957203,7041.340676,6945.226875,6978.716295,6895.141757,7026.752434,7176.035613,6627.403927,6706.521327,6882.110727,85.4300779,83.63556178,83.31962006,82.50247268,81.50936522,81.92530435,82.90234977,83.60571225,84.31318284,84.95303181,85.62167744,71.05118395,71.33009539,72.00371373
377,Padang Lawas Utara,6928.107277,7020.90833,7022.106437,7019.264099,6965.86823,6986.63323,7004.36014,7308.742229,6894.234148,6694.354186,6611.758625,122.5616506,118.8430251,119.4201561,120.2871816,119.6924615,120.3578364,121.4641144,122.5186445,123.5550799,124.356679,125.3383373,67.48449644,67.47540175,67.93538626
378,Padang Pariaman,6925.968721,6810.946273,6842.126528,6851.170422,6796.978676,6883.214262,7047.628559,6861.08878,6014.869765,4582.761885,5708.868261,117.1280817,117.2255969,122.3472599,123.5719374,125.8558555,122.4004444,123.539469,124.6203784,125.8419723,122.9241539,123.9718912,297.6049017,315.5621627,318.0313769
379,Pakpak Bharat,7281.788738,7476.310061,7442.432157,7247.312383,7097.513087,7271.674798,7023.707271,7069.555147,6028.505557,6382.652734,6499.262365,13.1947893,12.83917261,13.09263427,13.55379046,17.21140536,17.20621033,17.34265077,17.49390413,17.59813008,17.72327518,17.85779559,39.02710966,39.88781246,40.18227518
380,Pamekasan,4944.475109,4563.298289,4683.339281,4711.436689,4472.834808,4264.271759,5131.285214,4716.714915,4686.315443,4579.602852,5320.949354,984.741337,931.0705018,942.2972599,951.8394552,960.3927378,969.1679094,976.3115826,985.1581376,990.3775288,935.5572083,942.3317731,1054.110861,1059.569729,1067.282306
381,Pandeglang,5751.299289,5829.532291,5824.73917,5770.613261,5538.402306,5659.397201,5714.556199,5375.828596,5088.838749,4267.815114,4700.9349,413.1254947,474.6405879,478.4296271,483.2704553,487.2875634,491.8218258,496.2475465,500.5977518,505.2261376,541.9036054,545.8218225,451.2886412,454.1215418,457.394397
382,Pangandaran,6262.799772,6229.601091,6318.237724,6187.741165,5972.723306,6267.199086,6386.136284,6186.193621,6079.796185,4935.791201,4802.597267,806.1071574,849.4149249,863.0664801,871.8084208,863.5548359,871.5446735,879.6247966,887.3389264,888.1184864,913.9493182,918.462365,382.1751854,376.7137575,376.6895781
383,Pangkajene Dan Kepulauan,5185.736683,4977.638789,5165.787513,5119.938441,4983.498096,5063.282865,4915.998601,4967.461507,4595.366112,4345.139171,2504.383388,307.7766899,307.1199188,307.0172344,310.1424832,311.8382565,310.2060169,312.3467293,314.9529274,315.4498863,309.6770902,306.2771114,375.8562543,380.4308012,383.3846577
384,Paniai,5950.702295,6154.789215,6021.404357,6022.364383,6189.615783,6717.850883,5962.470792,5109.573332,5109.156625,4794.593848,6057.661541,14.05808441,21.87946893,22.30441732,22.59377659,22.75016014,22.97228575,23.92573348,24.12307574,24.32379752,26.0414844,26.24495307,45.6123399,46.96511608,47.4471339
385,Parigi Moutong,6037.924248,5630.338784,5653.233875,5753.933465,5608.387862,5696.94712,5823.372582,5728.405036,5659.45688,5711.159488,5922.565505,68.75896121,71.60530339,72.8191129,73.52095398,73.83628014,74.63281239,75.03445417,75.84828549,75.72365055,77.88444429,72.36120982,66.32826324,68.05428532,68.56214194
386,Pasaman,7184.529147,7244.297917,7303.291318,7186.006038,7218.415764,7213.731996,7348.963877,7088.578087,6232.117023,5644.587508,6844.231519,38.33220393,36.97219452,35.52421374,35.87082623,37.10995311,37.38221207,37.7053543,38.05184921,38.37138048,37.4605542,37.76280088,74.60209426,76.13113934,76.74451961
387,Pasaman Barat,7320.781841,7277.961777,7330.693349,7252.825578,7056.924247,7338.181858,7366.27937,7183.29511,6889.447232,5977.427176,6835.150083,141.9167307,143.360047,147.0754014,148.6622601,149.1074625,150.5641624,151.9953984,153.2940897,154.3909014,150.709245,151.8965014,115.9954748,116.7414654,117.502238
388,Paser,6579.932142,6290.750642,6313.725056,6485.218938,6287.846473,6216.91981,6437.43941,6459.100048,6453.087143,6275.521525,6436.331351,8.916486591,10.79181042,10.87720594,11.04004152,11.48526987,11.59315174,11.76582152,11.7544188,11.46586707,12.52866451,12.62531666,27.58825952,27.52761607,27.70997397
389,Pasuruan,5952.467689,5101.313682,5415.96117,5749.887174,5486.060633,5234.428083,5544.062474,4971.077155,3917.590681,3580.23513,4207.048656,1048.619696,991.3195758,1002.860317,1013.008943,1023.404617,1032.989164,1040.234335,1049.356047,1055.691279,997.4241816,1005.14231,1066.985023,1077.597888,1086.105964
390,Pati,5269.235882,4793.195188,4791.240211,5066.770499,4811.973682,4445.102329,5107.422421,4516.725656,4094.295335,3899.237918,4850.511424,847.7597412,771.3161157,780.8469467,788.7448355,796.569774,804.0630426,801.2802952,808.3114738,816.7073738,782.9839847,789.145313,815.5742012,833.4195175,840.0571545
391,Pegunungan Arfak,6735.527154,6002.91712,6583.194198,6309.650343,6636.088046,6841.33071,6120.089399,6104.051366,5898.911571,5491.034278,6304.917854,2.155414188,2.656886298,2.593517216,2.751398294,2.824820197,2.642230248,2.6670034,2.830909029,1.491854171,1.536965091,1.762524453,3.007981532,5.834481366,5.936910628
392,Pegunungan Bintang,6987.866885,6854.749531,6654.256668,6661.976288,7007.083592,7020.87457,6684.169572,6683.469253,6320.623787,6114.770987,6959.659309,6.860793134,10.21437647,10.37571621,10.46198411,10.62281117,10.26602396,10.35300697,10.4433361,10.53896012,11.2859358,11.37494662,5.195043784,5.199165946,5.239616117
393,Pekalongan,6000.358222,5907.076435,5843.580073,6357.046844,5681.933351,5847.220802,5344.67886,5085.256571,4024.130372,4687.277176,913.5160864,1048.674148,954.1162145,966.1338079,975.9057883,986.2556378,995.489925,1002.059616,1010.848091,1019.33119,977.2596109,984.8691041,1093.448002,1109.594156,1117.867868
394,Pelalawan,6401.145329,6232.371526,6375.95598,6138.730686,6264.201053,6027.164389,6361.289241,6210.598478,6157.636194,5885.849342,7066.901693,19.27421023,24.34213547,24.21236532,24.45267507,25.09852477,25.43003103,25.68512975,25.9049299,26.13210607,28.23956102,28.46270465,29.28744421,29.73738618,29.95591627
395,Pemalang,5580.857557,5474.929303,5461.521164,5775.584095,5318.9371,5230.284117,5391.478996,4981.169279,4059.692685,3937.581879,1233.417655,1297.803241,1180.776968,1195.287189,1207.375289,1219.083935,1230.860346,1241.771073,1252.657321,1263.678494,1211.528286,1221.188732,1286.574778,1292.539906,1303.123316
396,Penajam Paser Utara,6699.743389,6272.049001,6367.155135,6521.919653,6340.837288,6309.027821,6343.061952,6500.23099,6726.692134,6493.856761,6298.042788,16.91365444,21.79917644,21.98120572,22.31815336,22.62013379,22.87065498,23.14125146,23.8250456,24.1884823,25.59081232,25.7987876,48.24458111,49.17840064,49.5994473
397,Penukal Abab Lematang Ilir,6626.05368,6480.6515,6450.331726,6694.599886,6571.680609,6607.447279,6659.058406,6492.549029,5857.241317,6044.235172,5844.713909,128.0310279,123.1775754,124.7266459,125.995247,125.4157093,126.3621151,127.5026892,128.6245507,129.60439,140.6485394,141.7626452,104.3510812,104.913833,105.7344842
398,Pesawaran,5815.922264,5480.264974,5500.90162,5595.9308,5603.892223,5525.430846,5670.674627,5182.819565,4964.337448,4922.497985,4902.118713,302.7526404,299.8138296,298.6039724,297.2135097,302.2229732,305.0546113,308.3436791,311.0170687,313.8861151,303.5839964,305.9716723,350.8657041,355.0565212,357.879447
399,Pesisir Barat,6986.481375,6883.8547,6786.836539,7018.983699,6870.745499,7105.976642,7093.111772,6527.742405,5177.358414,5639.491631,4146.993358,7.232989313,7.19446969,7.626256988,7.56493779,9.143925228,9.36309799,9.442613406,9.517702127,9.676925549,9.405899503,9.476858381,49.5562681,53.45468105,53.84946049
400,Pesisir Selatan,7445.159917,7342.184188,7257.818919,7367.157804,7309.471101,7134.882018,7320.401763,7095.006959,5938.959857,5666.798998,4792.177475,46.89242494,46.83200567,46.92846367,47.39158793,48.24715196,46.77214835,47.19400879,47.61555775,47.98310642,46.8421174,47.19985555,80.56261863,81.68339704,82.34014245
401,Pidie,6680.763423,6811.756405,6725.105818,6493.704042,6807.765529,6809.492832,6646.10001,6588.725025,5815.688653,5707.726993,6107.328576,173.6797696,174.2320287,176.3842327,178.1666849,178.8075465,180.4667677,182.0940462,183.7442385,183.4529764,195.6463027,197.1776588,143.9310543,146.0525251,147.143744
402,Pidie Jaya,6602.486081,6769.54168,6428.468517,6454.023467,6776.72715,6691.115566,6470.924548,6693.819388,5171.788839,5639.704996,3859.347927,116.5377433,116.914823,118.3481166,119.5562388,124.2993749,125.4582493,126.4898577,127.6785466,124.897717,132.9688865,133.9611949,156.6523625,158.3746543,159.6919548
403,Pinrang,6450.730317,6293.82795,6516.759537,6516.209895,6415.437339,6281.600542,6227.790691,6306.032973,5491.511858,5065.310772,3734.399661,190.7697831,187.6699796,189.5920617,191.5172313,195.8990172,201.2616224,203.2769364,204.3863037,206.3811687,202.880783,204.3463013,205.2640091,207.132741,208.8275819
404,Pohuwato,7135.407216,7050.054603,7117.777884,7135.414784,7110.385505,7055.148599,6897.388416,6809.795205,6703.043263,6661.736306,7144.481748,5.358077174,5.852585385,5.925004944,5.987187142,6.024610838,6.053190029,7.066335513,7.025520044,6.948954285,6.995740425,7.049762405,33.11046038,33.14622146,33.39620373
405,Polewali Mandar,6922.824712,6826.937,6890.034794,6943.358066,6826.083883,6617.511077,6702.917873,6561.475051,5521.00363,4754.184007,3183.824843,200.1758537,204.4930376,206.4354718,208.5330905,208.6490123,210.3207524,211.4646378,209.962373,218.6606833,236.5925945,237.8162329,229.701568,229.5157783,231.0706352
406,Ponorogo,6392.872076,6150.830157,6270.005366,6281.903813,5880.713328,6022.492783,6123.375359,6034.117651,5479.873694,4835.253726,7137.793811,686.1431745,648.6612451,656.7474156,663.3917544,669.4044466,675.5363059,683.6201272,689.6150576,694.9125604,657.4009955,662.5938096,669.3847647,674.815405,679.9874291
407,Potianak,,,,,,,,,,,,,,,,,,,,,,,,,
408,Poso,6656.470095,6758.042089,6683.87709,6792.949467,6798.652273,6867.71817,6783.993301,6690.258868,6161.794294,5819.855374,6041.308964,32.21289663,33.56973204,33.97998476,34.32775286,34.76221197,35.05891633,35.43856724,35.74516771,36.45818697,37.6227182,37.628093,32.81130671,33.14542191,33.38380025
409,Pringsewu,6291.412112,6015.714195,5820.632921,6232.624978,6010.559601,6081.929114,6230.296112,5712.213254,5560.015372,5234.248504,5947.697182,323.7157766,320.3789244,322.0254901,320.8137625,330.2437707,333.1288671,336.2139431,339.1626597,339.2353216,329.5948366,331.7435314,661.8510393,677.2548907,682.6305529
410,Probolinggo,5798.97138,5219.973576,5596.041472,5626.201607,5235.03045,5099.253877,5583.868453,5284.030916,4642.538359,4649.213828,5108.113102,668.5768232,632.069307,639.2554932,645.7191615,652.2165036,658.4560799,665.6751326,671.4929028,675.4925431,638.9941474,639.6707415,656.6676713,661.3394692,666.4330018
411,Pulang Pisau,6546.992843,6345.474375,6319.203894,6483.727278,6226.257972,6351.938463,6536.89453,6406.134577,6364.573806,6493.867372,5967.144591,18.3736123,18.01766668,18.24206357,18.46126353,18.65469295,18.8295174,19.0010059,19.1706278,19.42846809,21.01726119,21.13894629,14.02251146,14.15422449,14.25117739
412,Pulau Morotai,6316.606898,5744.509979,6038.098655,6028.351141,6178.122911,6230.474517,6224.936365,6343.997888,6020.910102,6085.421801,5975.112081,27.82946869,26.73950503,25.8760347,26.15038005,26.56687446,28.53096637,28.72779199,28.97537892,31.08428687,33.6133438,31.98231606,20.52801805,20.05585782,20.30973122
413,Pulau Taliabu,5840.777884,5858.205458,5891.170206,6008.177833,5653.200309,6204.138809,6263.236942,6205.777659,5956.630343,5648.682021,6203.398917,2.15682757,2.520932701,2.523964159,2.596200378,2.943538165,3.154622773,3.151338475,3.156538068,3.336757872,3.62393942,3.65212386,13.16723221,13.69775576,13.7468997
414,Puncak,6551.904314,6763.307699,6542.70755,6662.880679,6602.393813,7000.98122,6483.359917,6204.556005,5387.192903,5131.383624,6298.139012,10.87706845,16.40135729,16.59441913,16.76997665,16.95879553,17.07077009,17.1655723,17.31514402,17.46169522,18.68877722,18.8358575,14.66041788,14.71930972,14.83437737
415,Puncak Jaya,6453.133861,6630.852603,6715.732635,6623.630592,6755.319462,6997.991395,6714.594458,6514.693976,6168.088488,5772.790811,6969.607328,6.548342431,9.738916072,9.900014648,9.994601702,10.06968962,10.70733137,10.77984222,10.88753036,10.97951382,11.75178763,11.84482578,51.27207094,51.83410051,52.29754436
416,Purbalingga,6384.151084,6445.804529,6389.055789,6358.462989,6264.37099,6338.154063,6118.468307,6119.624819,4045.377164,4680.889539,2375.232443,1157.793502,1053.396513,1066.301985,1077.092278,1086.8036,1096.812977,1106.762693,1116.462922,1125.388066,1078.797369,1087.274935,1250.119207,1255.659243,1266.2598
417,Purwakarta,6140.314034,5738.087078,5775.822753,5811.655083,5727.067725,5309.114173,5419.583922,5029.187712,4382.973005,4032.739207,4423.696382,806.2038688,852.3920011,863.7348944,872.533655,882.4573779,890.7397482,873.7384157,881.3996976,884.0522504,909.3986247,915.472306,1098.165293,1121.887571,1132.419748
418,Purworejo,6467.003638,6248.115701,6396.212303,6438.427345,6234.336874,6333.381995,5865.129624,6034.924254,5448.324036,5423.85979,1084.392396,758.9120754,690.5244424,699.0714828,706.1398651,714.0313739,720.5478385,727.2917789,733.6689228,739.557317,709.0588876,714.4470068,709.9860487,714.2704951,719.4982541
419,Raja Ampat,5229.456826,4867.099386,4883.772798,4882.162597,4856.727382,5498.731262,5588.761001,5634.425724,5572.474732,5409.560883,4978.284691,5.414270996,6.679831954,6.771370054,6.80776383,6.946506023,7.528731549,7.539265412,7.564701095,7.251779461,7.752845433,7.6901077,6.101406903,4.428049171,4.549814639
420,Rejang Lebong,7136.618628,6992.884684,6987.58301,7253.829796,6856.831831,6920.511384,7024.912152,7073.264176,6185.818767,6021.341915,6700.475114,187.4759431,179.6862906,182.310913,184.154108,185.4989465,187.0383392,188.7189109,190.3725355,191.8884896,194.3026441,195.8360807,185.9031881,187.1436302,188.5964928
421,Rembang,5473.604945,4953.691614,4831.262136,5199.385854,5124.808027,4491.991597,5554.448421,4898.772689,3822.956595,4382.134086,5912.196283,628.4588411,571.8624199,578.8556394,584.7144195,589.7753193,595.2968147,600.4937104,605.7597279,610.5535587,585.3047932,589.9272226,619.6288355,606.2021686,610.7177749
422,Rokan Hilir,6481.113555,6237.982982,6363.417592,6315.35166,6372.784686,6333.983292,6524.19128,6689.148445,6537.090562,6404.69139,6272.839249,23.53456626,29.83456951,29.26565682,29.62768642,30.08236018,30.31694939,30.43721728,30.70466992,30.95562617,33.43960793,33.61885362,66.26549666,67.19105926,67.68358301
423,Rokan Hulu,6865.861126,6945.862148,6912.388451,6843.635973,6904.104827,6747.527583,7016.753839,7160.158841,6834.871322,6351.789372,6797.537435,31.73839067,37.78512438,37.87194222,38.3067704,39.03044283,39.18512773,39.37159781,39.67915065,40.01923038,43.21602585,43.55510925,79.78394197,82.13915018,82.74815895
424,Rote Ndao,5037.572723,4369.560021,4731.024822,5067.616499,4622.143428,4544.239161,4967.674956,4420.27647,4001.418395,3511.553243,3168.015945,95.87963897,99.70739145,100.9700057,101.9473131,101.8956902,98.64829775,99.5327711,97.24222473,98.15219447,102.1837237,102.9624249,97.36041383,93.84002248,94.57753314
425,Sabu Raijua,3663.980792,3320.779798,3398.272912,3695.294124,3536.171453,3396.025223,3666.729999,3445.71783,3403.716391,2851.523934,2152.810453,48.58226872,50.34558057,50.79892914,51.36567447,83.51433526,87.63420932,88.43227944,89.588558,86.27940213,88.68957472,87.90337964,150.6786813,153.1839447,154.6312028
426,Sambas,6867.775893,6722.039136,6523.442195,6751.14202,6558.837775,6587.401332,6654.76115,6692.363925,6329.187045,6423.974331,5882.856107,69.38645823,66.43042455,67.25631984,67.92744809,68.71325517,69.35292317,69.94005143,70.55284935,71.89351743,74.4113966,74.88161696,109.1903098,109.97178,110.8099065
427,Samosir,5485.231149,5734.912483,5903.708727,5453.554438,5589.379211,5418.018685,5248.249418,5498.23818,5010.864925,5377.130343,5053.593209,89.39540297,89.03807357,85.76240972,86.8321221,96.90525964,97.00409354,97.90730739,98.76591512,98.92492872,99.55772113,100.3532949,100.3518377,97.20000076,97.87006925
428,Sampang,5066.934808,4630.384842,4758.483092,4764.832151,4608.402949,4297.055818,5271.655277,4960.191682,4570.143726,4195.389678,5524.110333,709.3052277,670.5510789,678.8283961,685.6970648,692.0396189,698.4233579,704.9960708,711.4692833,715.8412351,674.7473063,679.7082621,783.187801,783.2759766,789.4974393
429,Sanggau,7028.797939,6774.80281,6861.432309,7053.931872,6780.258779,6815.958706,6944.971713,6934.923938,6710.649692,6663.206317,6504.779635,32.93189928,31.64234115,32.46778293,32.80212239,33.06781551,33.38149368,33.70550819,34.00396913,34.20344975,35.37851524,35.6602543,36.13690783,36.87801419,37.19426639
430,Sarmi,7291.832699,7326.345795,7247.788069,7171.927785,7212.842868,7275.231258,7167.361048,7082.357002,7159.785783,6830.51526,7426.240296,4.668578881,6.919810084,6.994877585,7.085185718,7.225397021,7.313333459,7.37744449,7.439293685,7.457569059,7.978474393,7.984457722,2.698288901,2.475008904,2.541912378
431,Sarolangun,7194.456618,7076.846215,7112.444077,7253.224175,6984.656551,7107.257955,7298.226431,7330.933179,7012.840401,6739.146875,7107.881517,43.90152859,46.12602284,45.84586768,46.28308559,46.69282899,47.1478057,47.57712325,47.98560484,48.39521486,51.32331425,51.72782898,50.25264269,50.77316247,51.17543235
432,Sekadau,7109.513806,6908.832152,6889.01633,7040.240539,6802.699859,6945.170559,7059.528905,7095.987234,6812.099622,6989.24288,7435.651071,30.39861557,28.51740244,29.08393565,29.50807239,30.10527955,30.45257665,30.5483397,30.81944995,31.2322812,32.32505685,32.56130897,41.80996448,41.8782507,42.17377341
433,Seluma,7223.355175,7248.796977,7111.974889,7336.814589,7177.452481,7259.034608,7233.402032,7116.59078,6172.075399,4989.099731,5002.671933,56.46944789,47.74422943,48.76453004,49.29950783,50.08759857,49.93058288,50.3676026,50.81031448,51.49128466,52.2769643,52.70719446,89.00219907,90.74207925,91.52813742
434,Semarang,6155.332138,6111.741327,6033.061715,6132.10065,6038.204643,5800.201137,6200.873492,5606.466223,4957.556917,4573.572722,7232.039148,1006.595744,915.6268542,927.3704948,936.7443831,947.4744258,956.1347656,944.9168433,953.2054194,963.018218,921.3914872,928.7339701,1136.941083,1156.710092,1165.660862
435,Seram Bagian Barat,6315.828469,6246.864757,6501.474452,6497.633735,6393.16428,6864.879744,6632.229338,6104.434439,6041.630139,5581.882796,4767.895743,34.6840927,38.87210584,39.53457654,39.9290212,40.29658743,40.28509518,40.62101406,40.93461115,39.77733154,41.54730901,39.3890979,29.53151186,28.41021376,28.60614673
436,Seram Bagian Timur,5937.121469,5607.310506,5629.099383,5867.29866,5768.40476,6106.689034,6058.680723,5768.682994,5598.767204,5736.462861,5376.301322,15.00237782,16.68746401,16.92835852,17.13710897,17.52709146,17.99798245,18.08465635,18.18261359,16.45402672,17.06625796,15.21992161,15.25178459,14.40563056,14.77956757
437,Serang,4980.581472,4757.425747,4815.339282,5002.377442,4717.601812,4626.303247,4880.660179,4561.096759,4475.256132,4770.019247,4130.646359,1019.666528,1175.278344,1160.10799,1171.83859,1189.37583,1200.193696,1209.09374,1219.506596,1228.610148,1308.806962,1318.994539,1098.694349,1103.044296,1111.154474
438,Serdang Bedagai,6341.532156,6264.390373,6439.348294,6329.750489,6234.434474,6169.492646,6092.757465,6101.260746,5862.750888,5759.093698,5474.455088,194.0597569,190.041747,188.4413438,190.174274,198.5485388,198.1714658,199.9943811,201.7463374,203.4880185,204.8018135,206.3976672,327.4748347,332.5712506,335.0918972
439,Seruyan,6612.941354,6330.596142,6467.098741,6638.580733,6336.222708,6430.265397,6693.211117,6608.690009,6583.560276,6679.227034,6723.17928,10.09715189,10.53852423,10.63140723,10.76216763,10.8548748,10.96428078,10.99734863,11.09323388,11.18112893,12.09275864,12.17652459,9.789340202,9.548947335,9.621312625
440,Siak,6292.858404,6095.481441,6363.424807,6236.068171,6080.916663,6026.972638,6522.191573,6409.128274,6397.571413,6301.165479,5942.999735,64.47993943,81.80104823,83.46930683,84.31146427,84.59855347,85.87135472,86.62037769,87.42045994,88.15977344,95.25436127,96.00377624,59.99323325,59.50713935,59.99221112
441,Siau Tagulandang Biaro,1665.642673,1001.485433,1215.199794,1206.669489,1335.624777,1435.461485,1532.143586,2129.18269,1903.600711,1962.236131,2397.924553,40.25255497,55.7049463,41.84877296,42.30208044,56.27027313,107.6196821,108.6100136,109.550108,114.6990847,115.6021596,104.5296592,222.9568519,216.2099139,218.8732955
442,Sidenreng Rappang,6429.88274,6425.165886,6703.571995,6553.205385,6383.581271,6485.664483,6446.863712,6293.660185,5990.330285,5261.697938,5704.442714,228.910622,225.1573727,228.0544709,230.3550876,224.8326016,214.6371278,217.7879582,220.0071457,220.9017071,216.8239449,218.5304104,164.5287406,165.4561257,166.6696686
443,Sidoarjo,3512.115644,3277.469947,3357.520263,3446.696297,3322.509364,3177.017951,3425.163913,2977.583986,2769.031281,3213.656295,3843.892455,2603.915366,2461.606144,2493.508224,2518.736837,2542.646459,2566.799865,2599.969316,2622.749207,2657.860059,2514.054493,2534.865772,2830.660007,2838.199783,2860.798571
444,Sigi,6991.832048,7309.042928,7367.321833,7277.191572,7323.130553,7301.997461,7073.936794,6990.604274,6390.676679,6130.345526,6714.509606,84.88702038,90.30735008,92.09633514,93.05228387,93.39078322,93.86328532,94.09925226,94.73117904,95.06414981,98.12013647,98.89330217,49.11397634,49.51794637,49.89288146
445,Sijunjung,7217.001036,7142.123752,7142.696535,7266.035721,7027.801487,6953.324247,7239.188743,6962.739385,6524.789617,6191.822395,6550.129792,34.72570689,34.95106843,36.06971138,36.46868927,37.58639535,37.93265284,38.25715397,38.58944915,38.81370638,37.89511794,38.19614873,73.39802246,73.54439798,74.20803357
446,Sikka,6166.290909,5715.05822,6036.960276,6145.06963,5906.260879,5684.544978,6347.113383,5867.122634,5514.307631,4811.393981,4874.700287,190.4021262,198.9066344,196.8840788,198.8762202,203.2597582,204.2424214,201.1175005,202.8525803,203.3912989,210.8563355,206.8723153,163.0760771,164.4598191,165.8208409
447,Simalungun,6762.503601,6837.296497,6894.518921,6769.607827,6739.615165,6574.382402,6521.46955,6659.100344,5877.742482,5967.764353,6030.06107,90.4940173,87.35067468,86.91912573,82.59081962,95.05875428,94.58794036,95.6431507,96.50702106,97.4251306,98.07199873,98.86520176,216.2135503,219.8973125,221.6439265
448,Simeulue,4084.072473,4369.965547,3889.586068,4595.20165,4291.331288,4591.818387,4946.515554,5582.422877,5278.861824,5207.480762,5977.650225,43.48369363,43.13469013,42.48909713,42.91480055,43.38807909,43.8852027,44.11674646,44.37982168,44.74200854,47.74071718,48.11956534,42.22365572,39.56260095,39.84453328
449,Sinjai,6058.490077,5541.546027,6227.827295,6283.026153,6218.786716,6128.711639,6155.128572,6051.690923,6086.111064,5310.950281,5586.35901,224.1164709,221.9632952,221.3319039,223.5985437,225.8881165,239.3059732,241.2035452,243.3189724,247.6174024,243.3813373,235.5524443,290.8010187,291.9925732,294.1520358
450,Sintang,7119.857489,6823.863538,6813.911369,7089.431789,6707.170352,6908.56831,6981.361695,7017.299663,6839.479292,7070.493911,6857.155457,16.07197875,15.39059621,15.60329037,15.47286191,15.67551833,15.86077222,16.03582434,16.17572283,16.5976706,17.19784637,17.33331576,20.32094631,20.24716507,20.38894297
451,Situbondo,5863.890598,5601.547769,5589.979392,5882.370602,5568.688316,5465.850926,5950.031279,5249.908035,4604.111912,4061.48372,3957.185066,443.6090026,419.4691824,424.686994,428.9826876,432.76093,436.4958961,440.4605245,444.0010364,439.5664564,417.6501986,415.5084106,398.7054246,405.5877218,408.634523
452,Sleman,6065.068185,5734.123965,5996.90661,5969.823406,5696.182398,5722.129108,5639.464741,5538.596373,4856.683065,4994.668802,4227.486969,1825.458316,1773.260955,1795.618828,1813.785394,1832.361878,1859.926286,1880.348925,1896.820657,1908.708644,1901.332159,1917.232666,1983.466565,1987.618757,2003.447894
453,Solok,6817.341165,6867.614354,6772.373156,6934.254113,6823.567588,6337.878323,7030.522104,6736.322391,6156.86215,5645.247707,6829.993441,69.0278961,68.26508196,69.94611975,70.63398402,71.64451061,72.24408534,73.01952296,73.66475699,74.26517715,72.49518554,73.05872076,127.5706163,124.3507567,125.3633896
454,Solok Selatan,7262.220338,7167.399911,7200.662374,7345.71486,7160.450756,6965.772054,7231.07831,6955.623759,6154.991061,5813.113493,6622.657706,52.86961275,57.98262418,59.05590455,59.65804092,60.37733529,60.96568939,61.43868752,61.75182062,62.27866579,60.81412564,61.27507731,50.1032004,49.68567657,50.01125779
455,Soppeng,6612.993862,6278.869905,6699.648753,6442.06796,6583.754999,6502.36136,6688.342153,6365.421838,6422.16047,5684.244693,4347.035119,179.0959438,175.5539185,176.1366954,177.9163142,181.3373988,197.5097111,198.431344,200.3046087,202.4890592,198.9051706,200.4629672,175.4119043,176.7313769,178.09839
456,Sorong,7236.523491,6813.04391,6946.868082,6849.506149,6980.183901,7191.688587,7191.766666,6902.726725,6828.091483,6449.09165,7054.297917,15.80758631,19.3948821,19.62952608,19.85401506,19.81754932,19.7433792,19.92078847,20.15158128,20.50932753,22.79547875,22.95832133,14.55780042,14.43593781,14.56848377
457,Sorong Selatan,7262.627927,7072.887482,7045.893649,6977.202262,7062.256952,7060.992972,7240.471932,7101.052437,6916.296786,6560.563965,7030.190108,4.614013407,5.596376368,5.655239414,5.740807787,6.11459701,6.033308791,6.08948659,6.144154155,6.1969603,6.881551707,6.936643331,9.141804653,9.239125231,9.295284985
458,Sragen,6071.412518,5873.542124,5941.159539,5873.10061,5794.582059,5446.205155,5874.666681,5546.971835,4783.296719,4436.990666,4849.052437,1012.544574,921.332237,932.8722213,942.3206945,951.1618658,960.0893143,968.7234965,977.2235429,984.9810862,943.9445229,951.4193169,1001.236301,1012.902398,1020.440826
459,Subang,5535.257322,5359.350427,5549.949201,5480.253565,5332.364034,5089.71731,5066.02948,4867.623017,4600.959201,3924.55376,4350.566615,717.1009428,758.176754,767.3695919,775.1413549,782.8037281,790.1630641,797.2309215,804.2187822,809.71329,832.7401235,839.1136863,736.6199386,744.9227301,750.6053494
460,Sukabumi,6560.201224,6376.043264,6464.666079,6487.357244,6459.29503,6254.553779,6540.832471,5793.081258,4986.614217,4336.154764,4718.848349,561.6719899,593.7419939,599.3252385,605.3897595,611.2633902,616.9777711,624.3898684,629.8616024,635.5642438,653.4271882,658.5042491,646.8478614,655.1989802,660.3691532
461,Sukamara,6313.066368,6145.150073,6224.051838,6195.681492,6019.106907,6108.982947,6447.809023,6418.829831,6019.65565,5970.064542,5970.575046,8.887274923,8.790705393,8.75208807,8.943569308,9.025490188,8.9822057,9.378076769,9.458018038,8.990518639,9.650390756,9.684927291,18.50058819,18.40856664,18.53687669
462,Sukoharjo,5446.403624,5232.617693,5558.783979,5459.072082,5202.47188,5238.173372,5225.553638,5085.931941,4787.607163,4286.565472,4764.764337,1848.395117,1682.090469,1703.033292,1720.270437,1735.039015,1750.234143,1787.283066,1802.938078,1818.260889,1743.853849,1757.597617,1961.176849,1969.095868,1982.08353
463,Sumba Barat,6100.144264,5901.555105,6031.986391,6097.817989,5782.505126,5459.082388,6327.844135,5920.684,5564.484279,4924.637352,4962.886631,163.5970976,170.1037356,172.1619625,173.9905108,167.0862963,168.2309309,169.7383727,171.2341263,172.4298144,179.5169814,180.7993029,200.0216961,201.6418269,203.0170582
464,Sumba Barat Daya,6496.561118,5935.229258,5901.182437,6167.008339,5776.128084,5811.297286,6318.42691,6045.832735,5447.491721,5197.583498,6112.78752,91.71284601,95.42091972,96.5561099,97.52543565,119.0687581,123.3560615,124.4745168,125.5663325,126.6920685,131.8734517,132.8611161,212.1824058,214.0823069,215.7712296
465,Sumba Tengah,5867.392319,5427.513935,5785.600289,5789.63294,5547.260985,5484.958622,5756.685693,5536.090009,5093.627454,5159.452683,6238.918663,87.1362,90.56317134,91.74413291,92.6365861,82.37780487,81.16994464,81.71871096,82.43417959,83.04996866,86.4725105,87.14454815,46.54176111,46.77923245,47.16456549
466,Sumba Timur,5634.069379,5017.28306,5465.936393,5647.469873,5282.376651,5212.188836,5577.66847,5082.649121,4975.333055,4689.075403,5034.493886,32.63155962,33.93302288,34.33456531,34.69476699,34.81529887,34.91629931,35.24257805,35.54973515,35.48984331,36.90238962,35.51003304,31.79066417,31.75245195,32.1777181
467,Sumbawa,6438.49128,6269.684001,6435.599989,6412.680808,6187.774353,6244.521325,6534.379541,6204.782126,5547.417671,5022.472728,4381.007183,68.07036662,67.52975207,68.16310841,68.85354184,69.33854556,69.81258938,70.41091701,71.016587,71.40786123,71.38797737,71.91437943,72.66457805,72.32813278,72.9239603
468,Sumbawa Barat,7108.963137,6971.879224,7154.654488,7017.045304,6967.536336,6955.746929,7212.413035,7039.511821,6423.917535,5282.607088,4103.243098,37.11458949,34.3967504,35.38904575,35.76876647,36.47019871,37.48672974,37.82981513,38.16545549,38.67431303,38.94550186,39.29080023,79.19731213,79.83814205,80.4747907
469,Sumedang,6088.036822,6046.923042,6236.214876,6146.402058,6115.446328,5787.330305,6035.857512,5512.834771,5043.860637,3779.95489,6817.546969,750.9467897,794.0083756,805.4299652,813.5824975,821.5117167,829.2032045,840.7529827,848.1224633,855.7309438,880.0214935,888.4434662,752.1499942,758.1865274,764.5751756
470,Sumenep,3818.596861,3371.119121,3533.715894,3498.558058,3386.669285,3445.260902,3880.336077,3664.709739,3491.532848,3274.191465,2358.987556,455.068163,435.0081159,439.5064978,443.9901891,447.0212983,450.1401773,453.2893286,447.6540386,377.1846829,344.3070601,338.9336983,347.7043514,399.1372614,402.9348882
471,Supiori,3959.892014,4222.466406,3876.474464,3994.009817,4456.582289,4970.408507,5305.629147,5652.642141,5787.716057,5785.113023,5559.875634,9.052198252,13.54306769,13.71343949,13.88906491,15.46196231,18.50928811,18.51159644,18.54852377,18.70267886,19.10639585,18.86420306,25.31199893,20.84196284,21.02782086
472,Tabalong,7045.06085,6836.221439,6938.864239,6989.128262,6647.649921,6751.474103,6878.311049,6672.169869,6648.800219,6488.821773,7062.720184,61.35357283,65.18859921,65.91066558,66.57188019,67.18802943,67.82317144,67.79170156,68.37250128,68.94925272,72.5818631,73.15064447,79.30781207,80.65679373,81.31007546
473,Tabanan,6355.691805,6635.249117,6652.554855,6617.878534,6546.65254,6323.981509,6717.814759,6341.533096,6073.323783,5632.598702,5400.639771,504.6884877,547.7300626,555.2419206,560.8545086,566.2105618,571.3323222,576.3515053,578.8567379,586.1493021,583.971901,588.7905577,535.404996,537.2999539,541.5268984
474,Takalar,4874.445241,4832.393125,4749.487515,4785.239869,4549.357817,4582.767841,4779.405131,4486.51078,4310.351942,3609.620061,1839.374311,404.0108184,397.3833394,402.9989929,407.014169,408.9884965,389.2948488,393.956302,397.4114865,396.6557348,388.7840726,389.2964565,503.8644151,502.4212902,505.4678377
475,Tambrauw,7059.672485,6749.144036,7067.823784,6761.269805,6862.582677,7139.85676,6872.221816,6631.128338,6378.655449,5975.987795,7483.745502,1.763448958,2.166854321,2.166144748,2.229360566,2.322088481,2.421052554,2.4288465,2.435557044,2.447627806,2.722094975,2.742351551,5.561369742,5.602422089,5.707251166
476,Tana Tidung,5888.122877,5710.656893,5553.630134,5737.440256,5748.258834,5849.04456,6141.408793,6345.360187,6394.522758,6659.748453,6473.176332,3.704261217,4.681947535,4.571308126,4.741737132,4.870341805,4.900116103,4.944952946,4.859484723,4.977213569,6.93649577,6.993092109,7.767126133,7.480113034,7.54688228
477,Tana Toraja,6476.971095,6581.990651,6727.531377,6733.872439,6596.419097,6546.610259,6518.279488,6622.09605,6010.247836,5263.476212,6115.244225,98.46032538,97.72056579,99.04767802,100.0499016,108.0983441,109.3690162,110.3773578,111.3047663,111.8730168,109.9183832,110.7162689,140.6752466,141.8979286,143.0225882
478,Tanah Bumbu,6141.998905,6089.345017,6057.777602,6084.73393,5800.026741,5914.164801,6373.433839,5992.547765,5764.928838,5235.429272,5214.234962,34.15835518,36.9922534,36.22367729,36.67958779,36.72823323,36.2128361,36.45314931,36.77279131,37.68304863,39.69275722,39.9514552,65.69345595,67.17169205,67.72720781
479,Tanah Datar,6741.52453,6713.858796,6740.563685,6683.885315,6469.590092,6535.198288,6802.540731,6508.844775,5706.91364,5984.146279,5566.344101,139.7896893,140.5254403,144.1554866,149.194509,150.9086065,152.3071597,153.8585176,155.2062505,156.7465616,153.0024843,154.2112383,247.7885012,273.3987473,275.5877833
480,Tanah Laut,6013.708687,5750.420457,5957.467638,5903.254602,5812.452439,5840.811061,6244.237511,6015.949272,5779.716119,5586.255722,4027.784554,70.66501566,75.38406093,76.29286221,77.07176607,77.75989315,80.9076786,81.71388094,82.4161064,82.36597045,86.63691586,85.56250274,89.1722578,90.14523143,90.8404453
481,Tangerang,4139.951694,3797.480025,3570.451371,3895.145171,3516.544154,3442.48145,3769.467383,3528.173253,3788.166354,4334.734983,2772.185795,2784.591922,3195.580939,3016.740061,3047.230674,3071.343588,3097.705159,3119.158886,3146.368459,3185.016827,3397.686294,3419.087444,3167.041955,3188.369421,3203.259694
482,Tanggamus,6532.572475,6342.098695,6209.931502,6271.35097,6236.639954,6439.526278,6517.269738,5947.581008,5423.814714,4944.710765,6220.453953,40.92057884,40.55730364,41.32100713,41.23307716,48.43616629,48.95284489,49.38476278,49.81688233,49.82314804,48.41015674,48.58288805,217.7873351,225.8728037,227.6238141
483,Tanjung Jabung Barat,6535.217173,6305.247767,6394.251121,6515.59478,6295.734038,6289.743751,6634.795895,6412.855447,6073.895625,5975.701281,6224.702318,64.30866306,72.42885442,72.64306982,73.2319536,73.62003655,74.31550594,74.99076682,75.6687658,76.30613937,80.92392172,81.56152195,64.97998975,65.54758346,66.01415127
484,Tanjung Jabung Timur,6175.917892,5999.682228,6061.241332,6284.933699,5971.932764,6198.992511,5986.297731,6233.785903,6022.121401,6205.061924,5534.798519,25.42047955,28.62328569,29.43747342,29.85225028,30.19226346,30.48830194,30.75736643,31.01460759,31.2654427,33.15702997,33.42003833,44.10311321,45.28798829,45.60358058
485,Tapanuli Selatan,7209.527811,7343.984912,7345.043748,7197.823927,7070.281936,7211.309762,7281.74954,7393.137476,6761.891737,6578.736168,6521.486243,96.47030063,94.28927886,95.08022668,96.85689643,100.7281197,101.3307942,102.2217067,103.1144631,103.9873244,104.6578094,105.4879771,119.8147393,121.1280149,122.0531644
486,Tapanuli Tengah,6855.937634,7052.504561,6922.032626,6820.566379,6636.540204,6795.590363,6838.937467,6720.85902,6174.87541,5403.466187,5654.232953,209.7675941,205.1303733,210.5154212,212.8424035,214.3510892,216.4469303,218.1503528,220.0469041,221.905257,223.3484191,225.1071967,147.8577547,145.9475256,145.8772173
487,Tapanuli Utara,6788.19415,7065.488123,7059.618525,6793.667149,6799.012857,6845.715871,6838.421012,7008.821195,6491.338487,6402.504505,6047.355791,35.5569595,31.09731375,31.69370554,31.99170468,36.5916171,37.70498636,38.06462278,38.40051075,40.05546366,40.32009365,40.63540246,86.82143564,88.98027432,89.85906049
488,Tapin,6265.40209,6008.801872,6090.863111,6208.537436,6072.982468,6169.05321,6496.92713,6214.935049,6181.656187,5707.528643,5450.643621,77.52738864,82.6423989,83.9213951,84.76131532,85.57688468,86.39566499,87.42013992,88.18448195,88.78743501,93.43455449,94.16882161,87.78500848,88.4781631,89.16273252
489,Tasikmalaya,6458.190145,6495.972071,6559.743177,6578.80188,6417.896514,6494.690806,6396.323733,6170.948887,6140.189512,4405.051044,5514.503421,648.4437684,683.4629345,702.4588808,709.548246,723.8965648,730.691459,737.2331387,743.7006715,750.741139,772.1517515,777.9017989,682.1605021,686.386517,691.8838221
490,Tebo,6557.239214,6317.169297,6359.586054,6654.277597,6422.945709,6356.706025,6776.880294,6734.496979,6184.357246,6127.515442,7056.480898,37.34925554,40.35739009,41.03966925,41.51917517,41.7320646,42.15891822,42.52492155,42.93551487,43.3013275,45.9053017,46.266447,54.46388878,54.97603034,55.34619269
491,Tegal,5669.191898,5384.491962,5551.655762,5706.60039,5372.81155,5101.195139,5414.43208,4891.020921,4197.210693,4377.012227,3128.73352,1623.340252,1476.964688,1494.994762,1510.11701,1524.969989,1539.597605,1554.057269,1567.683641,1581.186934,1515.929497,1524.82962,1607.436935,1617.066847,1628.773327
492,Teluk Bintuni,7171.404968,7067.702447,7028.312509,6941.851802,7041.545462,7100.499317,7125.442856,7061.810095,6998.456213,6633.523802,6958.451988,3.959723444,4.791096018,4.732468521,4.890635422,5.058409771,4.759716454,4.744852281,4.751614916,4.873833568,5.408542408,5.430366985,3.8613214,3.819599925,3.860729037
493,Teluk Wondama,6429.717317,6490.769932,6477.756727,6257.915952,6584.221635,6636.312739,6704.83147,6655.433503,6837.872461,6589.155212,6672.301475,1.390717764,1.67535801,1.673280614,1.720333195,1.992337673,1.909395018,2.118717828,2.405959376,2.92125129,3.250838762,3.037229881,3.698198387,4.181288849,4.1960324
494,Temanggung,6628.047047,6348.305993,6413.751043,6560.302118,6286.539879,6200.703174,6404.231834,5759.813105,4898.051806,4179.283638,5071.206681,899.5678595,818.4241717,828.3859603,836.7643538,844.5840781,852.0622861,859.8617865,867.3999322,872.9580572,836.5317301,843.8524886,916.0738196,917.6651025,924.6682916
495,Timor Tengah Selatan,6386.331168,5836.300801,5932.076424,6266.41646,6005.426188,5853.219793,6228.167989,5894.518296,5588.478974,4925.487315,6153.884588,110.3181713,114.733775,116.1761813,117.3526851,119.2157383,120.1063089,115.1970122,116.1413879,115.0850229,119.3837353,120.2022508,114.3237526,116.504858,117.5616824
496,Timor Tengah Utara,6548.627346,5765.21884,5905.534851,6362.217168,5941.347391,5838.223986,6190.765947,5725.982215,5419.923388,4967.057183,6449.814237,96.3394154,100.2163403,101.6239563,102.6619534,103.1842249,105.6976669,115.6207244,116.5153051,120.6355385,126.3208565,126.631131,95.63594753,93.41614408,93.91295497
497,Toba Samosir,6595.382724,6827.235342,6825.256337,6559.714245,6616.28495,6527.89162,6590.448075,6520.498941,5786.626576,5528.533991,6169.590149,240.7732422,239.9049,244.8348727,247.1787481,228.4525141,228.6662444,230.7885387,232.7968158,231.3596264,232.8475736,234.6874011,95.02117423,90.04319688,90.6282731
498,Tojo Una-Una,6242.412326,6339.422135,6294.473276,6406.4471,6443.000927,6552.023799,6248.763751,6187.446594,5876.114418,5859.52931,6612.83729,7.296788376,7.60148174,7.70913487,7.783380642,8.297215068,8.316945574,8.365564069,8.438382784,8.669967415,8.980782798,8.846878458,24.2234311,25.5083169,25.75979395
499,Toli-Toli,6752.002425,6671.591536,6964.815928,6951.195048,7037.532974,6747.718486,6632.782204,6596.935971,5882.078123,5839.372991,6022.389259,50.94315163,53.08951465,53.85306791,54.3963641,54.74975786,55.24064902,55.7304186,55.28035086,56.06945247,57.90487892,58.35651053,53.08313576,53.5984242,54.02510594
500,Tolikara,6659.710933,6834.568379,6966.03106,6828.332748,6893.240479,6907.398305,6603.61636,6455.496622,6167.345649,5601.35834,6586.905795,10.27268431,15.22475007,15.36890606,15.55994067,15.82938582,15.30427465,15.45468491,15.57291242,15.70571464,16.80969392,16.94238464,65.73781365,66.55410606,67.03791202
501,Toraja Utara,6396.03932,6720.051841,6726.19431,6646.843332,6597.743,6799.914249,6583.547747,6662.998907,6521.088904,5836.15798,5582.76745,307.624351,302.8926284,308.0606024,311.1499953,293.5498448,291.2536577,293.8425357,296.903204,299.5886005,294.2220828,296.5293627,214.8417806,216.3035869,217.9967855
502,Trenggalek,6067.190185,6121.822883,6242.186099,6096.407409,5905.8358,6160.756244,6194.750359,6017.331474,5716.781411,4496.148132,4187.320094,599.6377558,566.689083,573.4164505,579.2182837,584.9351474,590.4127418,581.8779618,586.975095,597.3330896,565.6916779,569.9345623,577.7800474,570.8122743,575.6614487
503,Tuban,5283.27469,4742.608332,4885.768556,5068.540328,4844.829044,4625.983752,5324.970602,4628.950351,3935.283757,4535.99843,4569.186372,609.4923873,576.1217151,583.2523694,589.1543225,594.7690688,598.8493164,604.4923532,609.7880021,608.1875,575.6786516,580.2168986,595.9059211,601.8386566,606.3604082
504,Tulang Bawang Barat,6089.021054,5642.008075,6124.958962,6410.892019,6002.981689,5994.605107,6339.213203,5635.432643,5296.138771,5329.797032,5731.735677,264.411316,262.6404826,271.658622,274.4832174,269.9563072,272.201137,274.158671,276.5027174,278.673595,271.0515122,272.61306,240.5221647,231.5777657,233.8454579
505,Tulangbawang,5075.550539,4569.414046,5144.181319,5366.252642,5078.858199,4916.517107,5368.552444,5126.190869,5124.169693,4973.08376,4873.452179,184.1122296,182.8508187,183.8431117,185.3239425,182.7049207,184.264098,185.9156329,187.5525819,189.1332296,183.9625118,185.3811061,140.9757311,141.6006828,142.6934458
506,Tulungagung,6167.833654,5979.042112,6002.146561,6071.849648,5785.71615,5907.1456,5932.94742,5730.176993,5179.884941,4437.476015,5073.319316,939.2571274,887.9953765,899.0759811,908.1702299,916.8490016,921.1873666,937.0783533,945.2552391,944.4648962,892.5722344,899.5786489,953.2535701,986.4419214,993.7400875
507,Wajo,5474.832641,5141.586729,5453.969266,5314.812471,5156.451741,5225.33743,5863.595628,5320.520171,5402.227484,4827.77032,4819.985023,174.7180239,171.8673787,173.5250731,175.2847099,176.6171494,175.2366842,176.9129538,177.9109614,179.5270944,176.3998885,177.5899522,152.8356546,153.7949303,154.9865069
508,Wakatobi,1828.420918,1810.048364,2209.233993,2075.358554,1914.384331,2049.514612,2469.248753,2297.983077,2226.406176,2007.072512,2343.732127,34.7917945,37.42348798,37.89054039,38.27062171,40.34188415,41.83116988,41.80020582,41.84909247,38.46162266,40.28438426,39.37978418,122.3241972,114.4034448,115.5101919
509,Waropen,7257.905081,7431.301365,7351.055074,7284.028356,7422.338207,7467.317082,7245.476508,7205.020877,7255.853859,6852.435368,7272.416867,1.727828593,2.514587862,2.54262638,2.561598856,2.609140758,2.395932786,2.438172122,2.478630648,2.491741381,2.665500461,2.684765028,3.070917777,2.769252397,2.825914337
510,Way Kanan,6425.0913,6167.881606,6409.797148,6604.668258,6274.68399,6309.726579,6680.457874,6116.941852,5595.566907,5513.628745,5902.203521,167.7682075,161.1780427,159.8063675,161.3145929,163.6431069,165.0660195,166.7964399,168.2729277,169.671113,165.1064582,166.363565,121.7099232,126.777982,127.5453156
511,Wonogiri,6054.65566,5798.48667,5933.605952,6019.996582,5693.26552,5602.489968,5916.651648,5840.540694,5227.883979,4301.634611,3403.330246,584.2545444,531.8537823,534.9687185,540.3802609,545.858025,550.9880414,559.8986294,564.8042466,569.5815505,545.9833867,550.2802052,550.6809636,552.5934764,556.8233106
512,Wonosobo,6150.463961,6316.960942,6503.167149,6239.225926,6349.880335,6496.190668,5133.527179,5770.447426,4776.124571,4185.592416,9089,852.5609599,775.6916959,785.3305524,793.2745352,800.4734097,807.9561226,815.104803,822.2520476,828.4930078,794.0263063,800.1265017,875.1403174,886.2983855,893.2654473
513,Yahukimo,6844.360503,6656.880557,6669.827758,6585.511403,6595.528646,6918.874106,6375.888276,6476.701256,5503.271049,5927.891565,6329.468695,6.980130571,10.42839855,10.54609388,10.66231843,10.71340151,10.37505717,10.46285503,10.55299627,10.64120883,11.38852259,11.47835313,24.24829358,24.40728164,24.6366305
514,Yalimo,7095.79646,6999.078522,6902.023823,7009.584629,7052.595023,6876.137912,6666.027535,6745.718661,6634.64774,6038.269922,6107.822809,5.727293506,8.421206258,8.564217298,8.648603028,8.677301782,12.76586109,12.88301321,13.00592303,13.08581495,13.99973493,14.10955048,25.78057572,26.08516403,26.27744412
